"conversation_id_str","created_at","favorite_count","full_text","id_str","image_url","in_reply_to_screen_name","lang","location","quote_count","reply_count","retweet_count","tweet_url","user_id_str","username"
"1662477528865595393","Sun May 28 01:30:09 +0000 2023","0","@tanyarlfes lah itu udah dksh ovo ma gopay... uang digital ini. brp sih dptnya? klo masing2 cuman 100k ya wajar pean boleh protes ke suami nderr...","1662632316261531652","","tanyarlfes","in","Wind City","0","0","0","https://x.com/careluky/status/1662632316261531652","68939797","careluky"
"1662477528865595393","Sat May 27 22:41:17 +0000 2023","0","@tanyarlfes Buat yang sudah marah2x mohon di lingat ya sender diatas kurang detail. 1. Uang operasional seperti makan air minum gas dan sampah itu suaminya sendiri yang bayar atau diatur istri? 2. Ovo dan gopay itukan uang juga? Uang digital. 3. Belanja baju ama snack masih ada.","1662589820957528064","","tanyarlfes","in","","0","1","0","https://x.com/Ruwung/status/1662589820957528064","247165013","Ruwung"
"1662477528865595393","Sat May 27 22:33:16 +0000 2023","0","@hehe_ajadulu @poerbaa_ @tanyarlfes Ovo ama Gopay uang digital? Uang juga gak sih?","1662587803342082050","","hehe_ajadulu","in","","0","1","0","https://x.com/Ruwung/status/1662587803342082050","247165013","Ruwung"
"1662477528865595393","Sat May 27 22:32:25 +0000 2023","30","@selowbeud @ohcumanspeak @MaulanaTeten @tanyarlfes Kan Ovo Gopay Baju Snack kurang apa lagi? Oh iya OVO dan Gopay kan uang digital bukan? Arti nya uang juga?","1662587590325981184","","selowbeud","in","","1","2","0","https://x.com/Ruwung/status/1662587590325981184","247165013","Ruwung"
"1662371389398212608","Sat May 27 08:41:27 +0000 2023","1","@paw_jhope @sosmedkeras Bukan COD solusinya. Kalau COD driver hrs bolak balik untuk antar uangnya. Hrs nya wajib pakai uang digital gopay/ovo/shopeepay shg driver tdk perlu byr ke merchantnya.","1662378468930363392","","hiillang","in","","0","0","1","https://x.com/oxdewawin/status/1662378468930363392","1580125725364928513","oxdewawin"
"1662093424831664129","Fri May 26 13:48:47 +0000 2023","8","STREAMING KLO MAU MENANG TITIK PUNYA UANG RECEH UANG LEBIH DI ATM GOPAY SHOOPEPAY KIRIM DONASI DIGITAL TITIK SEMANGAT GUSY!!! STREAMING TERUS!!!","1662093424831664129","","","in","","0","0","5","https://x.com/soodam_days/status/1662093424831664129","1316206309197246467","soodam_days"
"1660804806951440384","Tue May 23 02:18:36 +0000 2023","0","@MartinusTito Ditunggu oleh-oleh nya bang. Dijadikan dalam bentuk uang digital juga boleh. Ada Dana Gopay dan Shopay. ","1660832571733753857","","martyyyto","in","Indonesia","0","1","0","https://x.com/RizkyAl37804854/status/1660832571733753857","1419019051301437441","RizkyAl37804854"
"1655597573548175365","Mon May 08 18:46:05 +0000 2023","0","@abaymg @SeaBankID Jika tidak butuh uang cash tapi butuh pembayaran menggunakan dompet digital contoh dana ovo gopay spay dll itu bisa langsung ditransfer melalui seabank dan biayanya gratiss ","1655645263640563713","","couoUmild","in","Indonesia","0","1","0","https://x.com/couoUmild/status/1655645263640563713","525456540","couoUmild"
"1652986623435640832","Mon May 01 10:41:36 +0000 2023","0","Kenapa sih Alfamart kebanyakan malas kali transaksi uang digital. Seperti DANA Gopay ShopeePay dll. Alasan nya sama semua lagi gak konek lah lagi pertukaran shift lah lagi gangguan jaringan lah. @alfamart","1652986623435640832","","","in","Email: official.ucok@gmail.com","0","0","0","https://x.com/UcokGalaw/status/1652986623435640832","237273465","UcokGalaw"
"1649612746156285954","Sat Apr 22 03:52:55 +0000 2023","0","@tanyakanrl Rp.0 kalo ad yg berbaik hati saya nerima uang digital berupa gopay dana spay ovo dan lain yah kak ","1649622282095190016","","tanyakanrl","in","","0","0","0","https://x.com/LovelySiaaaa/status/1649622282095190016","952476409825382400","LovelySiaaaa"
"1646061386651541504","Wed Apr 12 08:12:16 +0000 2023","0","Dia blg dia ud gk ada saldo buat transfer. Hello bu first thing first dalam belanja online pastikan saldo entah mbca ovo gopay apapun lahh uang digital ada. Trs msh ngeyel blg adanya cash.","1646063672467554304","","tansinthia","in","Tangerang selatan","0","1","0","https://x.com/tansinthia/status/1646063672467554304","155565586","tansinthia"
"1645768680838696961","Tue Apr 11 18:06:15 +0000 2023","0","@lovujpg @discountfess wahhh btul si skrg gojek ku baukkk ga perna dpt promo lagi pen move ke grab btw kak klo grab payment nya ada pake uang digital gt gasi? kek gojek ada gopay dll nah klo grab bs pake apa ya kak? atau cash only?","1645850765045698561","","","in","Pelican Town","0","1","0","https://x.com/entschwinden/status/1645850765045698561","1564290175123214336","entschwinden"
"1645668250947317760","Tue Apr 11 06:02:19 +0000 2023","0","@collegemenfess Kalo kuesioner online bisa gopay shopeepay dana uang digital gitu nder","1645668579600371712","","collegemenfess","in","","0","0","0","https://x.com/bibliophire/status/1645668579600371712","1384096635823661057","bibliophire"
"1645463809782583297","Mon Apr 10 16:28:39 +0000 2023","0","Pengecekan isi QRIS. Pertama-tama gimana cara tau isi konten QRIS? Isi QRIS bisa dicek melalui QR reader di web maupun lewat app m-banking/uang elektronik digital seperti GoPay OVO dll. Saya coba pakai QR reader online: https://t.co/roK7unz4SU Reading QRIS u/penipuan https://t.co/z1d8MB0aAV","1645463813989494785","https://pbs.twimg.com/media/FtXWWRBaIAk636T.png","Yuliayen","in","","0","2","0","https://x.com/Yuliayen/status/1645463813989494785","59045056","Yuliayen"
"1644565871338110977","Sat Apr 08 05:00:32 +0000 2023","0","Guys MBK bakal bagi-bagi hadiah Uang Digital (OVO/GOPAY/DANA) total Rp 1.000.000 untuk 10 orang terpilih. Jawab pertanyaan yang ada di postingan berikut dan tulis jawabanmu di kolom komentar! https://t.co/8xFuMR6ZqH PERIODE 03 - 13 April 2023","1644565871338110977","","","in","Indonesia","0","0","0","https://x.com/infokuis/status/1644565871338110977","155226919","infokuis"
"1643885009416372224","Thu Apr 06 07:55:25 +0000 2023","0","Sebagai gambaran untuk memberikan uang kepada orang tua bisa ditransfer atau memberikan THR kepada ponakan bisa menggunakan uang digital seperti Ovo gopay LinkAja dan sebagainya. Termasuk juga untuk membeli makanan ataupun kebutuhan token dapat menggunakan e-money tanpa perlu","1643885105856008193","","TrijayafmSby","in","","0","1","0","https://x.com/TrijayafmSby/status/1643885105856008193","1438732688198823937","TrijayafmSby"
"1642753747096064000","Mon Apr 03 04:59:48 +0000 2023","0","Sebenar-benarnya dompet digital menurutku itu ya dompet crypto https://t.co/ifmfAyIasN Kalau dompet lain itu kan disimpannya di kustodi. Contohnya aja kayak Gopay. Kita nggak benar-benar memegang uang kita. Begitu pula dengan bank","1642753747096064000","","","in","Samarinda","0","0","0","https://x.com/zenia2020/status/1642753747096064000","2777510826","zenia2020"
"1622165056896262145","Sun Feb 05 09:27:42 +0000 2023","1","2 APK RECEHAN penghasil Dana Ovo Gopay Tugas main Game 2023!!!! aplikasi1:https://t.co/pyn9wqGpB4 aplikasi2:https://t.co/fhz0UP85Ja Saling membantu:https://t.co/80QNKEmZXl https://t.co/OzD37wMDG7","1622165056896262145","https://pbs.twimg.com/media/FoMWg8oaIAAYVAc.jpg","","in","","0","0","0","https://x.com/Uangdigital4/status/1622165056896262145","1620679474722516992","Uangdigital4"
"1621754174773014529","Sat Feb 04 15:44:25 +0000 2023","0","@keluhantatas @inramiana @Bisniscom @tanyarlfes bank tsb ada promo ngasih kamu reward berupa uang kalo daftar ke bank digital mereka. seabank 10k neo 25k bank jago 25k tmrw juga banyak ngasihnya 200k via gopay. ini perpanjang terus masa promo nya jd buruan cobain deh worth to try bgt.","1621897474586841091","","keluhantatas","in","","0","0","0","https://x.com/dwiAngrrr/status/1621897474586841091","2170172256","dwiAngrrr"
"1620684062510948352","Wed Feb 01 07:22:46 +0000 2023","2","APK RECEHAN penghasil Dana Ovo Gopay NO KTP NO depo Tugas main Game 2023!!!! aplikasi1:https://t.co/pyn9wqGpB4 https://t.co/AECIg1GCoM","1620684062510948352","https://pbs.twimg.com/media/Fn3TjpVaIAARY8W.jpg","","in","","0","0","0","https://x.com/Uangdigital4/status/1620684062510948352","1620679474722516992","Uangdigital4"
"1619283165318873089","Sat Jan 28 10:36:06 +0000 2023","0","Hari gini masih bawa cash! Pakai dompet digital dong ah #dompet #digital #dompetdigital #ewallet #ovo #dana #linkaja #GOpay #uang #uangelektronik https://t.co/YtuIOifh5U","1619283165318873089","","","in","Dari Indramayu untuk Indonesia","0","0","0","https://x.com/Aktualkan/status/1619283165318873089","862403394","Aktualkan"
"1618564573640130561","Thu Jan 26 11:00:43 +0000 2023","0","Tersedia kompensasi dalam bentuk uang digital (OVO/GOPAY/Pulsa Listrik) dengan total Rp 4.500.000 00 untuk 30 orang informan terpilih.","1618564586038517760","","ldfebui","in","Depok, Indonesia","0","1","0","https://x.com/ldfebui/status/1618564586038517760","712462255929950209","ldfebui"
"1612668846678343681","Tue Jan 10 04:33:09 +0000 2023","0","@MyPertaminaID apakah aktifasi uang digital harus pakai @linkaja ? Gak bisa pake gopay gitu yg lebih umum. Sy sejak desember 28 gak bisa aktivasi linkaja ini. Payah.","1612668846678343681","","MyPertaminaID","in","ÜT: -6.240618,106.906054","0","6","0","https://x.com/LopsCTS/status/1612668846678343681","56693343","LopsCTS"
"1606134139815854080","Fri Dec 23 07:31:42 +0000 2022","3","@UNSfess_ Bank konvensional pakai bca dan mandiri. BCA ATM setor tunainya banyak jadi gampang kalo sewaktu2 mau setor uang. Bank digital pakai Blu jago dan seabank. Seabank buat topup Shopee. Blu buat jembatan tf uang dari bca ke bank2 digital. Jago buat top up gopay dan bibit","1606190797682249728","","UNSfess_","in","","0","0","0","https://x.com/TimDiskon/status/1606190797682249728","1293904192063471617","TimDiskon"
"1603558085364428800","Fri Dec 16 10:18:01 +0000 2022","16","@convomfs jago! no fee buat tf ke bank lain / top up e-wallet nnti dpt kartu debit fisik + digital. trs kalo km sering pake gojek / gopay itu nnti bsa di connect aja. selain itu menurutku di jago ngatur uang nya bsa lbh enak karena bisa pisahin duit di kantong² tertentu. jadi lebih ","1603695939230740481","","convomfs","in","minor 🦋","1","3","0","https://x.com/GIBBOVS/status/1603695939230740481","1480372037117898752","GIBBOVS"
"1602927563550371840","Wed Dec 14 07:24:49 +0000 2022","8","2. APA BEDANYA DIGITAL RUPIAH DENGAN UANG ELEKTRONIK &amp; CRYPTO? ️ Digital Rupiah VS Uang Elektronik Digital Rupiah itu diterbitkan resmi oleh BI uang Elektronik (e-pay) itu diterbitkan oleh bank atau non bank Q: contohnya? A: Gopay Sakuku Linkaja Dana Ovo dll 3 https://t.co/isqxSI0U4f","1602927576808554499","https://pbs.twimg.com/media/Fj6-ItUaYAEytgF.jpg","NuBraveIN","in","Worldwide ","0","1","1","https://x.com/NuBraveIN/status/1602927576808554499","152114423","NuBraveIN"
"1599264457242611712","Sun Dec 04 13:54:35 +0000 2022","0","@Strategi_Bisnis kalo narik uang jadi digital rupiah masih kena admin meski cuman seribu perak sama ajalah kek gopay","1599401784090689541","","Strategi_Bisnis","in","","0","0","0","https://x.com/ooupig/status/1599401784090689541","67518353","ooupig"
"1599264457242611712","Sun Dec 04 05:25:31 +0000 2022","43","Jadi e-Wallet kayak Gopay dan QRIS bisa buat transaksi secara digital. Tapi saat digunakan buat tarik uang wujud uangnya tetap fisik kertas. Kalau digital Rupiah saat anda tarik uang dari ATM wujudnya kode2 digital. Langsung masuk dlm rekening digital di hape Anda.","1599273674741551104","","Strategi_Bisnis","in","","13","5","13","https://x.com/Strategi_Bisnis/status/1599273674741551104","190535830","Strategi_Bisnis"
"1599264457242611712","Sun Dec 04 04:50:41 +0000 2022","108","Selama ini sebenarnya kita jg makin jarang pakai uang fisik kecuali bayar parkir. Kini kita lbh sering pakai mobile banking dan gopay atau digital wallet untuk bayar ini itu. Namun kan kita tetap bisa tarik uang fisik via ATM. Buat jaga2.","1599264906276384768","","Strategi_Bisnis","in","","51","15","10","https://x.com/Strategi_Bisnis/status/1599264906276384768","190535830","Strategi_Bisnis"
"1599209932951552000","Sun Dec 04 01:12:14 +0000 2022","0","Baru sadar pergerakan uang digital cukup ngeri ternyata. Apalagi kalau lembar 500 1-5rb udah gak ada lagi kalau mau kasih pengamen dan peminta-minta di jalan pakai apa? QRIS? Transfer? GoPay Ovo Dana? Kalau sampai itu terjadi gue rasa bakal jadi chaos di kalangan mereka.","1599209932951552000","","","in","JKT, Indonesia","0","1","0","https://x.com/dindadeey/status/1599209932951552000","245789627","dindadeey"
"1598269355909066752","Thu Dec 01 14:56:31 +0000 2022","0","@coinvestasi beda gopay e-money dan Rupiah Digital simplenya : gopay di jamin sama gojek e_money di jamin sama Mandiri dan Rupiah Digital di jamin sama BI. lebih simpel lagi jaminan uang kita ada di induknya. gopay dan e-money gk perlu blokchain kenapa RpDigital butuh?","1598330205063778304","","coinvestasi","in","","0","0","0","https://x.com/Rizaldi5012/status/1598330205063778304","1432805935550918658","Rizaldi5012"
"1597930933977743361","Wed Nov 30 13:47:43 +0000 2022","6","@wawanAMORVINE @WatcherGuru E banking Gopay Ovo dsb yg ada sekarang hanya meng-digitalkan transaksi artinya BI tetep cetak uang fisiknya. Kalau digital currency BI tdk cetak uang scr fisik. Agak panjang kalau dijelasin krn sekilas memang mirip tp sebenarnya secara sistem berbeda.","1597950502947680256","","wawanAMORVINE","in","","0","1","0","https://x.com/KebunEMAS/status/1597950502947680256","17203367","KebunEMAS"
"1597116894724919297","Mon Nov 28 06:35:15 +0000 2022","0","Dana tolong Saya transaksi topup uang digital (gopay) lewat dana transaksi tercatat sukses uang juga sudah terpotong tetapi gopay blm masuk mohon bantuannya @danawallet @danasupport @gopayindonesia @PermataBank","1597116894724919297","","","in","","4","13","0","https://x.com/itskenzy123/status/1597116894724919297","1544262100239138816","itskenzy123"
"1596855590893985792","Sun Nov 27 13:18:08 +0000 2022","0","@chiveenn dana shopeepay gopay ovo dll. kyk dompet digital gitu bentuk nya saldo. jadi bukan uang tunai tapi masih bisa dipakai transaksi","1596855896315162624","","chiveenn","in","","0","0","0","https://x.com/sweasalt/status/1596855896315162624","1539418800814030848","sweasalt"
"1592322639439089664","Tue Nov 15 13:31:08 +0000 2022","0","@mutasowifin @bank_indonesia @KemenkeuRI @Kemendag @KemenkesRI @infobogor @txtdaribogor @txtfrombrand Ada uang digital namanya gopay pak","1592510513497657344","","mutasowifin","in","Tuban, Indonesia","0","0","0","https://x.com/fauziafif15/status/1592510513497657344","1945601641","fauziafif15"
"1592476923275329536","Tue Nov 15 12:03:28 +0000 2022","0","@ArifanPadiga_ Wkwkw samaaa pernah download tiktok lite buat dpt koin trus bisa jd uang digital lumayan buat beli gopay dpt 2x50rban apa ya. Udah itumh dihapus lg we. ","1592488451026587648","","ArifanPadiga_","in","Kota Tasikmalaya, Jawa Barat","0","0","0","https://x.com/simpulmati/status/1592488451026587648","83280863","simpulmati"
"1592358197423378432","Tue Nov 15 03:25:53 +0000 2022","0","Puji Tuhan kemudahan teknologi &amp; uang digital ketika duit di rekening udah abis buat tiket PP &amp; belanja nyetok barang2 masih ada saldo di spay ovo gopay masing2 masukin lagi ke rekening udah se desperate itu demi isip yg lebih baik","1592358197423378432","","","in","INDONESIA ","0","0","0","https://x.com/kikychristy/status/1592358197423378432","115636869","kikychristy"
"1591764535421337602","Sun Nov 13 12:06:53 +0000 2022","1","Dompet jatuh di mobil temen tadinya mau panik tapi ngak jadi.naik gojek bayar pake Gopay beli2 pake scan QRIS ngambil uang di ATM pake pengambilan tunai pakai kartu Tinggal KTP aja sama SIM kayaknya yg belum digital SIM masih perlu bawa ngak ya kan udah gada polisi yg nilang","1591764535421337602","","","in","dipangkuanmu","0","1","0","https://x.com/pastiguelah/status/1591764535421337602","73055548","pastiguelah"
"1588332357190561797","Fri Nov 04 00:48:38 +0000 2022","19","Guys aku mau tanya kan ada winner yang ngeclaim ke gopay nah itu kami kirim nya lewat dana yang saldo digital untuk kirim ke gopay tapi kata winner nya belum masuk uang nya tapi ini bukti transaksi nya dah berhasil ini bener apa salah ya? https://t.co/lsFN6pGl5i","1588332357190561797","https://pbs.twimg.com/media/Fgrj204aMAASQsj.jpg","","in","Indonesia GMT+7 ","1","89","0","https://x.com/Maymytan/status/1588332357190561797","1444609082636136454","Maymytan"
"1584848853391806465","Tue Oct 25 10:06:29 +0000 2022","2","Di Indonesia itu ada GoPay Flazz Ovo Shopee Pay banyak lagi masihan yang bisa berfungsi sebagai uang digital. Eksistensinya tuh bikin masyarakat jadi suka pakai uang digital ringkes dan gampang aja gitu yakan? (7/15)","1584848866494451712","","sarjana_crypto","in","@airdropsc_id","0","1","0","https://x.com/sarjana_crypto/status/1584848866494451712","1348898649204424704","sarjana_crypto"
"1583458714107117568","Fri Oct 21 14:05:00 +0000 2022","0","Q : Di poster kan disebutkan pembayarannya gak menerima uang tunai itu bisa pakai apa aja kak? A : Pembayaran bisa dilakukan dengan menggunakan kartu debit (BRI BNI BCA Mandiri) atau pembayaran digital (QRIS OVO GoPay ShopeePay Dana dan LinkAja).","1583459338664181762","","ourstory25","in","","0","1","0","https://x.com/ourstory25/status/1583459338664181762","819496638020395008","ourstory25"
"1575054985154265088","Wed Sep 28 09:29:06 +0000 2022","0","Kaum rebahan dan yang suka main game dapat cuan main game di bayar uang digital bisa di tarik di Dana Ovo dan Gopay https://t.co/NrI80VGYy3 #gamecuan","1575054985154265088","","","in","","0","0","0","https://x.com/Andhika99247792/status/1575054985154265088","1462338278028288008","Andhika99247792"
"1570262697236889600","Thu Sep 15 04:06:15 +0000 2022","0","Hadiah koin dari Apk Play Play penghasil uang ini dapat kamu tukarkan menjadi saldo melalui dompet digital GoPay atau DANA. Berikut Ini Beberapa Cara Menghasilkan Uang Melalui Apk Play Play : https://t.co/wPGBnvr8X4","1570262697236889600","","","in","Indonesia","0","0","0","https://x.com/seputarkerjaid/status/1570262697236889600","811048754","seputarkerjaid"
"1562677479827206144","Thu Aug 25 05:45:32 +0000 2022","3"," Di poster kan disebutkan pembayarannya gak menerima uang tunai itu bisa pakai apa aja min? Pembayaran bisa dilakukan dengan menggunakan kartu debit atau bank digital seperti QRIS OVO GoPay ShopeePay Dana dan LinkAja.","1562677534403481601","","7DREAMTEAM_IDN","in","💚🦁🦊🐶🐻🐰🐬🐹💚","0","1","0","https://x.com/7DREAMTEAM_IDN/status/1562677534403481601","1512412813553451009","7DREAMTEAM_IDN"
"1561905555404247041","Wed Aug 24 16:57:10 +0000 2022","0","@FinkPanta @Argoen78 Bisa bayar pakai uang digital kan ? Atau yg bagian ketik laporan terima via gopay kalo saldonya gak ada boleh ajukan gopaylater ","1562484169581613056","","FinkPanta","in","","0","1","0","https://x.com/nic04722/status/1562484169581613056","877173446","nic04722"
"1562048485561896961","Tue Aug 23 12:06:04 +0000 2022","0"," DONASI BERUPA UANG Dapat dikirimkan melalui Rekening atau Dompet Digital a.n. Tinon Ayu N. BNI : 1225205144 Gopay/Ovo/Dana : 089619603980 : https://t.co/awvP5nPHXb (Tinon)","1562048523075751937","","bemkmfmipaugm","in","Yogyakarta, Indonesia","0","1","0","https://x.com/bemkmfmipaugm/status/1562048523075751937","467229957","bemkmfmipaugm"
"1496005409844633600","Tue Aug 23 07:36:07 +0000 2022","2","@blubybcadigital Blu BCA itu kaya uang Digital. Seperti. Gopay. Ovo. Link ajja. Shope pay dll. Dan selama ini uang digital memang tidak ada biyaya bulalan. Yang ada itu promo dan promo. Dan selamanya juga promo. Karena uang Customer atau member. Ada di dalam bankker yang gede. Dan Di olah lagi","1561980591507394560","","blubybcadigital","in","","0","2","0","https://x.com/Joegombongsuntr/status/1561980591507394560","1227199870177439749","Joegombongsuntr"
"1560484953431101440","Fri Aug 19 04:34:25 +0000 2022","0","@lampungbase 300k itu uang digital atau guma kek gopay coins2 gt?","1560485312186707968","","lampungbase","in","","0","1","0","https://x.com/fakeblish/status/1560485312186707968","1437260399624081413","fakeblish"
"1558036561559957506","Fri Aug 12 10:23:59 +0000 2022","67","- Pemenang berdomisili JABODETABEK &amp; Bandung akan dapat hadiah berupa uang digital &amp; ikan. Di luar itu akan dapat hadiah berupa uang digital (GoPay atau OVO). *eFishery sewaktu-waktu dapat mengubah Syarat &amp; Ketentuan yang berlaku.","1558036566718951424","","efishery_ai","in","Bandung","0","0","75","https://x.com/efishery_ai/status/1558036566718951424","2337739566","efishery_ai"
"1557720467653345280","Thu Aug 11 13:47:36 +0000 2022","0","@pencilpatron True. Just wanna say pembayaran digital sangat baik untuk mencegah inflasi karena bank tidak perlu mencetak uang tapi ekonomi tetap berjalan. Thanks to shopee pay gopay dana OVO Digital banking ","1557725423210942466","","lostpen_a","in","DKI Jakarta, Indonesia","0","1","0","https://x.com/boringbreaker/status/1557725423210942466","629086380","boringbreaker"
"1557720487198724096","Thu Aug 11 13:27:59 +0000 2022","24"," yang punya rezeki lebih atau ada sisa uang di spay or gopay or dana dll yang bingung mau diapain walaupun cuman 500 perak or 1000 atau 5000 yuk kita donasi buat deobo. Buat digital karna deobo comeback tidak lama lagi dan dana baru kekumpul 60 persen ayo kita (cont..)","1557720487198724096","","","in","","0","3","15","https://x.com/cuitantheboyz/status/1557720487198724096","859394568285966336","cuitantheboyz"
"1557226514416308224","Wed Aug 10 04:51:08 +0000 2022","0","@txtfromholy Wallahu alam aku tinggal di wilayah 3T yang ga laku uang digital Bahkan di kabupaten juga baru ga sampe 5 kopi shop yg bisa gopay. dan kalau ke provinsi ada keperluan kesetanan belanja pake uang digital. hahahahahahaha","1557228030056996864","","txtfromholy","in","Chiang mai - north thailand","0","1","0","https://x.com/misallnya/status/1557228030056996864","806492543252713473","misallnya"
"1555144875103977473","Thu Aug 04 10:53:26 +0000 2022","0","Gw sengaja isi uang digital seperlunya aja kl mau bayar sesuatu pake gopay misalnya yg topup pake bank digital yg gratis biaya transfer nya bisa pake dana atau flip pinter2 kita aja sih siasati tambahan biaya","1555144875103977473","","","in","oblivion","0","0","0","https://x.com/jonicoley/status/1555144875103977473","45516527","jonicoley"
"1554444155463831552","Tue Aug 02 12:29:01 +0000 2022","0","Kasih kamu kupon mega cashback belanja produk digital investasi dan belanja pakai GoPay s.d 4 4 Jt dan Gratis Ongkir s.d 15 Rb ! Kumpulkan 5 stamp dan KLIK LINKNYA Sekarang! Dapatkan hadiah uang senilai 850.000 https://t.co/AD7OK7mOrS #Tokopedia lewat @Tokopedia","1554444155463831552","","","in","Indonesia","0","0","0","https://x.com/ChannelPrissa/status/1554444155463831552","923237349949022208","ChannelPrissa"
"1554362498874511360","Tue Aug 02 07:49:58 +0000 2022","1","@chelthemochi Yes. Kalo dari penyataan2 mereka dr kmaren ya kynya sebodo amat sih. Paypal diblokir blgnya kan pembayaran digital di indo udah banyak berarti kan goblok ya mgkn paypal disamain sama gopay dana gitu2. Game2 jg ya bnyk gamer udah ngabisin uang disitu lalu tiba2 diblok hadeh","1554373928713216000","","NocturnAlpha","in","","0","1","0","https://x.com/dyahsheeppo/status/1554373928713216000","143361615","dyahsheeppo"
"1553741192697085952","Sun Jul 31 13:55:42 +0000 2022","1","Kominfo RI memberikan jatah waktu 5 hari bagi para pengguna layanan Paypal di Indonesia untuk secepatnya melakukan penarikan uang mereka yang masih berada di Paypal ke aplikasi pembayaran digital lainnya yang terdaftar di kementerian Kominfo RI macam Ovo shopee pay atau gopay","1553741192697085952","","","in","Surakarta, Jawa Tengah","0","0","1","https://x.com/AlbertSolo2/status/1553741192697085952","980097559736721408","AlbertSolo2"
"1553720198812774400","Sun Jul 31 12:32:16 +0000 2022","0","Bayangkan kamu orangnya sangat modern apa2 serba digital termasuk uang. Suatu malam kamu pergi kendaraanmu bannya bocor pas mau bayar kang tambal ban kamu bilang saya bayar pake gopay nah pak trus beliau jawab apanjo nak? ","1553720198812774400","","","in","Di sebelahmu","0","0","0","https://x.com/Ilansyah/status/1553720198812774400","230346828","Ilansyah"
"1553268104322760704","Sat Jul 30 06:35:51 +0000 2022","2","1. Jangan pernah setor/simpan uang dalam bentuk digital. Yes ada paypal gopay shopeepay dllpay etc. Kita ga akan tahu kapan mereka ditutup/diblock/down. Itu duit lu jadi lakuin apapun buat menunjukkan kalo itu duit lu.","1553268115349602304","","asmurcom","in","Jakarta Capital Region","0","1","0","https://x.com/asmurcom/status/1553268115349602304","954188384989200384","asmurcom"
"1551512679730511872","Mon Jul 25 10:20:23 +0000 2022","2","Permisi ada riset digital dari Populix kalau GoPay jadi uang elektronik yang paling banyak digunakan di Indonesia hampir 88% lho!! Lagian hari gini siapa sih yang masih pake cash coba inget ngga kapan terakhir lo pakai uang cash &amp; buat apa? #SunsetTrip https://t.co/ijAegWizpw","1551512679730511872","https://pbs.twimg.com/tweet_video_thumb/FYgUjf3akAEcZlS.jpg","","in","Indonesia","1","4","0","https://x.com/Prambors/status/1551512679730511872","34149837","Prambors"
"1549363768668426240","Tue Jul 19 12:01:22 +0000 2022","0","GoPay menduduki peringkat teratas sebagai uang elektronik yang paling sering digunakan konsumen menurut hasil survei terbaru oleh perusahaan riset berbasis digital Populix. #GoPay #Populix #UangElektronik #updatebali https://t.co/hhcVSYnVPD https://t.co/OqVUJdfx9U","1549363768668426240","https://pbs.twimg.com/media/FYByIyKXkAEe-K2.jpg","","in","Bali","0","0","0","https://x.com/updatebalii/status/1549363768668426240","1293295315148140545","updatebalii"
"1549285418558013441","Tue Jul 19 06:50:02 +0000 2022","0","GoPay menduduki peringkat teratas sebagai uang elektronik yang paling sering digunakan konsumen menurut hasil survei terbaru oleh perusahaan riset berbasis digital Populix. #gopay #uangelektronik https://t.co/af5JRlb0FN","1549285418558013441","","","in","","0","0","0","https://x.com/inilahdotcom/status/1549285418558013441","46693036","inilahdotcom"
"1548256493677707264","Sat Jul 16 10:41:27 +0000 2022","7","Seharian keliling naik @Transsemarang ke Mangkang ️ Ungaran ️ Terboyo (pic Trans Jateng pemanis). Bisa bayar w/ GoPay OVO dsb uang digital Btw beda kultur naik BRT: di Jkt wanita depan laki2 belakang di Smg laki2 duduk depan wanita belakang @BisKota_ @ayonaikbiscom https://t.co/p1nsnOWsGB","1548256493677707264","https://pbs.twimg.com/media/FXyC9wYaAAAC3dp.jpg","","in","🌍🌏🌎","0","0","4","https://x.com/fauzibijak/status/1548256493677707264","38119728","fauzibijak"
"1547400664422445057","Thu Jul 14 13:34:13 +0000 2022","2","@tsalasarahmi Apkh shopeepay gopay ovo pembayaran Via QRIS dan semisal ini semacam pemanasan Sebelum uang kertas bener² dimusnahkan? Great reset 2030 tu kan klo ga salah manusia dibuat senang padahal ga punya apa . Digital money salah satunya","1547575194956726273","","tsalasarahmi","in","NKRI HARGA NAIK 💪","0","0","0","https://x.com/darkshine_1890/status/1547575194956726273","486680439","darkshine_1890"
"1535535792608919552","Sat Jun 11 08:13:56 +0000 2022","1","Bank digital yang bener2 ke pake (ga cuma buat nabung / taro uang aja) beneran cuma si Jago. Fitur apps nya lumayan lengkap (pls tambahin list bank payment CC). Direct connect ke Bibit Gopay bayar ini itu ga ada biaya tambahan on top of that tiap bulan dapet vocer belanja https://t.co/osH4oPXiep","1535535792608919552","https://pbs.twimg.com/media/FU9Rps2aMAABUzZ.jpg","","in","Yamagata-shi, Yamagata","0","0","0","https://x.com/herwastaken/status/1535535792608919552","82847780","herwastaken"
"1533313408254492672","Sun Jun 05 05:03:00 +0000 2022","1","tata cara pelaporannya (walaupun memang kemungkinan baliknya tidak 100%) terus apalagi ya oh iya orang-orang skrg kebanyakan udah cashless. pakenya pasti debit cc atau qris atau uang digital kayak gopay ovo dana shopeepay etc.","1533313417540665345","","rloldls","in","she/her | selective","0","0","1","https://x.com/rloldls/status/1533313417540665345","1255895256","rloldls"
"1533096120976818176","Sat Jun 04 23:42:16 +0000 2022","3","@sisiduls @senjatanuklir Cash is king itu maksudnya duit yg bisa dipakai setiap saat bukan kekayaan berupa investasi kayak reksadana/saham/emas/dll. Istilah ini tdk mengarah ke bentuk uang fisik/digital. Ovo/gopay itu ya cash cuma dlm bentuk digital. Ngono lho mas e.","1533232701758590976","","sisiduls","in","Jakarta Capital Region","1","2","0","https://x.com/Silverbeaar1/status/1533232701758590976","807965974636806144","Silverbeaar1"
"1508235242091520003","Mon Mar 28 00:17:16 +0000 2022","0","@_mauwin @WillGittens alamat ewallet mba atau dompet digital tp mata uang luar / kalo kita sejenis dana ovo gopay gtu","1508236745858424833","","fastibigw1in_","in","Kalimantan Tengah, Indonesia","0","1","0","https://x.com/SariMarselina89/status/1508236745858424833","1427624389877579785","SariMarselina89"
"1507141840188764175","Fri Mar 25 00:21:03 +0000 2022","0","@ndahtridi Untuk Gopay dan Dana termasuk dompet digital/uang elektronik ya Ibu Indah. :) Tks ^Joy","1507150532065984512","","ndahtridi","in","Jakarta - Indonesia","0","1","0","https://x.com/HaloBCA/status/1507150532065984512","620977821","HaloBCA"
"1500125624157216773","Sat Mar 05 23:53:09 +0000 2022","1","@ChrisMi33601483 klo msh terima honor pkai uang rupiah gak usah ngoceh. mo belanja pkai Dinar dmn wong makan jg bini belanja msh pkai uang kertas. apalagi ud jaman uang digital ada ovo gopay dana e-money dlsbg.","1500258144316182528","","ChrisMi33601483","in","Kuningan-Jakarta, Indonesia","0","1","0","https://x.com/triagungsantos1/status/1500258144316182528","2267149047","triagungsantos1"
"1498990379575615490","Wed Mar 02 11:55:32 +0000 2022","0","Oiya tambahan satu lagi. Kerjanya online aja. Terima uang digital 15% penghasilan taruh reksadana. Sisanya masukin GoPay SPay dimasukinnya pake M-Banking. Banyak waktu rebahan &amp; tidur. LIKE IN HEAVEN..️️️","1498990386554957826","","haniyatimorarts","in","Jawa Timur, Indonesia","0","1","0","https://x.com/haniyatimorarts/status/1498990386554957826","1960655005","haniyatimorarts"
"1496445337804107780","Thu Feb 24 00:35:56 +0000 2022","0","@minimumlatte @uwakkaw @aset_kripto Uang digital haram dong? Padhaal banyak pembayaran dari gopay shopee pay mbangking? Karena juga tidak tersentuh","1496645030333001730","","minimumlatte","in","Pamekasan, Indonesia","0","3","0","https://x.com/lepetitsapiens/status/1496645030333001730","795258684360138752","lepetitsapiens"
"1494580603538182146","Fri Feb 18 07:52:38 +0000 2022","0","uang digital skrg macemmacem dehhh kdg gue buka krn dpt promo cashback tp hasilnya uang gue dimanamana sisa recehan wkwkwkwk yg 9rb lah di jenius gopay 8rb di ovo dana xxi dlldll","1494580603538182146","","","in","london - atlantica♖","0","0","0","https://x.com/seaofyogurts/status/1494580603538182146","555865911","seaofyogurts"
"1493897541037232128","Wed Feb 16 10:38:23 +0000 2022","0","aku kan niat beli dogllars yang 100 itu kan soalenya emang ngepas uang di gopay cuman pas buat itu terus ga sengaja kepencet beli yg 750 dogllars tapi kok payment nya berhasil padahal udah gaada duit loh di gopayku / di dompet digital lainku https://t.co/6t5aKHmn3M","1493897541037232128","https://pbs.twimg.com/media/FLtj4bSaUAI6TaR.jpg","","in","","1","0","0","https://x.com/minheessi_/status/1493897541037232128","1106882320080920577","minheessi_"
"1490508219349110787","Mon Feb 07 02:15:58 +0000 2022","0","@frdzeffendy Terima kasih sudah menunggu Kak. Grace infokan GoPay Coins tidak bisa digunakan sebagai metode bayar untuk produk berikut ini: Tokopedia Emas. Tokopedia Reksadana. Pembelian Giftcard Transaksi Digital (Angsuran Kredit. Kartu Kredit dan Uang Elektronik).","1490509613871030277","","_faridzxz","in","Indonesia","0","1","0","https://x.com/TokopediaCare/status/1490509613871030277","2431564153","TokopediaCare"
"1488661550693253120","Tue Feb 01 23:52:27 +0000 2022","8","Apa itu uang BARU? Uang Digital Kripto Apa itu Uang LAMA? Uang Fiat Termasuk: - uang logam - uang kertas - uang plastik (Debit &amp; Kredit) - uang elektronik (OVO GoPay LinkAja DANA ...","1488661556288430081","","henrysubiakto","in","Kota Surabaya, Jawa Timur. ","0","1","3","https://x.com/henrysubiakto/status/1488661556288430081","201554665","henrysubiakto"
"1484360867726884873","Fri Jan 21 03:03:03 +0000 2022","0","Suatu saat tidak ada lagi kantor bank. apalagi mendapat senyum manis dari satpam BCA. Digital Currency is coming. bahkan jgn2 Rupiah Digital pun hilang diganti Reminbi Digital. atau mata uang gopay atau NFTcoin. kacau deh...","1484360867726884873","","","in","","0","0","0","https://x.com/ajenar/status/1484360867726884873","46840008","ajenar"
"1482359951448510466","Thu Jan 20 13:37:11 +0000 2022","0","@lilis044 Gopay bank neo uang digital banyk.","1484158063422877697","","lemmotbanget","in","Bali, Indonesia","0","0","0","https://x.com/Denis_Einstein/status/1484158063422877697","1397925745222045696","Denis_Einstein"
"1483071816466071552","Mon Jan 17 13:40:49 +0000 2022","0","pengen gitu uang digital (ovo gopay dana dan juga mbanking) pake face recognition atau pake fingerprint. tapi... fitur itu aktif kalo hpnya dilock menggunakan salah satu metode diatas. sementata gue paling ogah hp di password² gitu","1483071816466071552","","","in","Anywhere nearby","0","0","0","https://x.com/yustianhrj/status/1483071816466071552","366634742","yustianhrj"
"1480095663027212288","Sun Jan 09 10:55:36 +0000 2022","4","@RianaRimosa @aswinsuharsono @PartaiSocmed @Ardiansriego @Microbacted sama dengan kesepakatan jaman dulu orang mulai transaksi dgn barter kemudian pindah ke logam mulia selanjutnya ke Fiat sekarang mungkin expense kita 70% udah digital liat aja gopay coin ovo point itu kan bukan fiat tapi mata uang transisi dari fiat ke crypto","1480131133761155073","","MorphoMenelausX","in","Makassar, Indonesia","0","1","1","https://x.com/amrilnuryan/status/1480131133761155073","41330129","amrilnuryan"
"1477882411132219393","Tue Jan 04 07:41:17 +0000 2022","0","@sufrizal88 @tembangjiwa lihat skrg semua dibuat berbasis listrik/digital. Mulai e-money sampai mobil. Yg memang memudahkan umat manusia untuk bertekuk lutut ta' berdaya ketika dukhon tiba. Uang tdk bisa ditarik mobil tak jalan saldo gopay tak fungsi.","1478270292904480770","","sufrizal88","in","indonesia","0","0","0","https://x.com/feryhartanto/status/1478270292904480770","119635070","feryhartanto"
"1476466277984006145","Thu Dec 30 08:12:46 +0000 2021","0","Buat UMKM kayaknya bisa memulai untuk mencoba menerima pembayaran dompet digital seperti GoPay OVO dsb. Kalau mau yg BUMN juga ada LinkAja. Hal ini bisa meminimalisir peredaran upal karena kalau toko kecil aja udah cashless peredaran uang fisik jg semakin berkurang.","1476466277984006145","","","in","Kota Tangerang, Indonesia","0","0","0","https://x.com/KuroKaitou/status/1476466277984006145","458498079","KuroKaitou"
"1476404414315327488","Thu Dec 30 08:12:39 +0000 2021","9","@ridwanhr Buat UMKM kayaknya bisa memulai untuk mencoba menerima pembayaran dompet digital seperti GoPay OVO dsb. Kalau mau yg BUMN juga ada LinkAja. Hal ini bisa meminimalisir peredaran upal karena kalau toko kecil aja udah cashless peredaran uang fisik jg semakin berkurang.","1476466245880803330","","ridwanhr","in","Kota Tangerang, Indonesia","0","3","0","https://x.com/KuroKaitou/status/1476466245880803330","458498079","KuroKaitou"
"1473922244552232960","Thu Dec 23 07:43:41 +0000 2021","0","moots kalian pernah trade uang digital gitu gk? kaya gopay ke dana atau spay gitu?","1473922244552232960","","","in","BTS_twt","0","2","0","https://x.com/luvlyjimy/status/1473922244552232960","1312585615683153920","luvlyjimy"
"1473155462891642881","Tue Dec 21 18:08:36 +0000 2021","2","@renalda_krslm @BigAlphaID @bank_indonesia Kalo transfer via uang digital (gopay ovo) gitu switching nya sama ngga sih kayak bank konfensional? Setau gua uang digital itu punya based bank nya sendiri misal Jenius - BTPN Gojek - Jago Blu - BCA dll. Maksudnya transfer dari apps semacam itu udah dari dulu 2500 kan.","1473354734551506953","","renalda_krslm","in","Belahan Bumi Selatan","0","1","0","https://x.com/mzmazmz/status/1473354734551506953","765915303259889664","mzmazmz"
"1471340055767646213","Thu Dec 16 04:50:11 +0000 2021","0","@ursummersadness Dengan senang hati kami informasikan Bapak/Ibu pelanggan. Untuk transaksi top up Gopay/uang elektronik terdapat limit transaksi Rp10.000.000 - per hari per rekening adalah limit gabungan BCA Virtual Account untuk top up dompet digital/uang (1/2) ^Erwan","1471341864770883587","","ursummersadness","in","Jakarta - Indonesia","0","0","0","https://x.com/HaloBCA/status/1471341864770883587","620977821","HaloBCA"
"1471319337977794566","Thu Dec 16 04:35:01 +0000 2021","0","@PartaiSocmed Uang digital itu bukannya kayak kita punya saldo gopay shopeepay gitu bukan sih.?","1471338049774571521","","PartaiSocmed","in","","0","1","0","https://x.com/suka_sukajan/status/1471338049774571521","1436715356614135810","suka_sukajan"
"1470412793199280128","Mon Dec 13 23:14:21 +0000 2021","0","@nadinesaadha Owning a digital painting with this specific code that can only be valuable in this specific market. . . So yeah.. is like what if udah ada gopay tapi blm bisa dipake untuk apa krna ga ada gosend/gojek/gomart/dll jdi uang nganggur yg valuenya bkn rupiah tapi demand pasar ","1470532573189132290","","nadwuine","in","Jakarta Capital Region, Indone","0","1","0","https://x.com/Mikaelblaa/status/1470532573189132290","736761176227385344","Mikaelblaa"
"1470253722227806209","Mon Dec 13 04:57:07 +0000 2021","0","@shyronospesu Jadi nanti ada misi gitu nah nanti kalau misinya berhasil bisa dapet koin (koinnya juga tergantung misinya) terus koinnya bisa dituker jadi uang digital (bisa jadi ovo/shopeepay/gopay/dana) atau nanti ke rekening bca","1470256444234600450","","yronn_","in","'01 • she/her • 🇮🇩 • ☁️🐧","0","1","0","https://x.com/tnsaymidzru/status/1470256444234600450","971745382009991168","tnsaymidzru"
"1469667810007609348","Sat Dec 11 13:58:05 +0000 2021","0","Dompet digital: OVO GOPAY Dana Uang digital: Bitcoin Ethereum Dogecoin","1469667810007609348","","","in","Kota Bekasi, Jawa Barat.","0","0","0","https://x.com/amranha_/status/1469667810007609348","1138622622130794501","amranha_"
"1468619193884971008","Wed Dec 08 16:31:16 +0000 2021","2","Jasa E-tuyul bisa mencuri uang dalam bentuk fisik maupun digital (Gopay ovo dana dll)","1468619193884971008","","","in","Funeral Service & Cemetery.","0","0","0","https://x.com/natanisme/status/1468619193884971008","571782886","natanisme"
"1468535241060990976","Wed Dec 08 10:57:40 +0000 2021","0","Semenjak ada gopay ovo dana dan uang digital lainnya jadi jarang nemu duit di jalan.","1468535241060990976","","","in","Tokyo-to, Japan","0","0","0","https://x.com/hrmn012/status/1468535241060990976","1174039889509142528","hrmn012"
"1467078897074249729","Sun Dec 05 02:10:02 +0000 2021","0","@EnggalPamukty @msaid_didu Sy dr dulu naik ojol selalu bayar tunai gk terpengaruh ama promo2 uang digital macam gopay ovo dan sejenisnya","1467315297199681539","","OnlyFrens","in","Jakarta","0","0","0","https://x.com/sangbima/status/1467315297199681539","60867177","sangbima"
"1465662310706552838","Tue Nov 30 12:41:40 +0000 2021","0","maaf oot tapi nyimpen uang digital yg paling aman dimana yaa? gopay dana spay ovo? #zonaba #zonajajan","1465662310706552838","","","in","","0","4","0","https://x.com/zzzieell/status/1465662310706552838","1173595507513409536","zzzieell"
"1464467931522211842","Sat Nov 27 06:04:21 +0000 2021","0","@ZoneVenomWar Anak muda skrg duitnya ada di dompet Digital semua mas. Ovo Gopay Dana dsbnya. Jadi sementara begini dulu. Makanya skrg jarang nemu uang di jalan mas semua udh digital. ","1464475160820404224","","ZoneVenomWar","in","ed.firmansyah@gmail.com","0","1","1","https://x.com/Sir_Edwin/status/1464475160820404224","117097956","Sir_Edwin"
"1463089460699041794","Tue Nov 23 10:18:04 +0000 2021","5","Semenjak ada dompet digital seperti ovo dana link aja gopay dan sejenisnya. Sekarang jadi jarang nemu uang dijalan:)","1463089460699041794","","","in","South Borneo, Indonesia","0","2","1","https://x.com/supianhidayat_/status/1463089460699041794","1189980276635488256","supianhidayat_"
"1461514544883265537","Fri Nov 19 02:14:54 +0000 2021","0","@tiketkepenang Soalnya aku waktu itu punya uang di gopay terus mau kirim ke spay caranya gitu buka deposit agen pulsa terus masukin nominal bayar dan ss. Setelah itu buka aplikasi gopay klik bayar. Nah masuk tuh uangnya ke agen pulsa. Tinggal klik dompet digital kirim ke spay udah deh beres","1461518313255702536","","tyhzzzzzz","in","Kota Bogor","0","1","0","https://x.com/NAnnisa96/status/1461518313255702536","233847838","NAnnisa96"
"1461233351092686848","Thu Nov 18 07:45:40 +0000 2021","0","Ini spt mengharamkan seluruh rupiah krn sebagian uang rupiah dipakai khusus untuk judi. Bagaimana mata uang digital lain seperti ovo dana gopay dll? Apa ini menjadi haram karena bisa dapat potong2an (tanpa asal usul) hanya karena make aplikasinya? Knp ini tidak dikaji jg?","1461239168516849669","","JimKong_Un","in","","0","1","0","https://x.com/JimKong_Un/status/1461239168516849669","453903531","JimKong_Un"
"1460102767863758849","Mon Nov 15 08:43:21 +0000 2021","1","@Aveuda_kedavra @avenxgerr @thepeople1903 @bertanyarl Kalo dana/ovo/gopay itu cuma sekedar tempat untuk melakukan transaksi dan menyimpan uang (dompet) yang currency-nya masih ngikutin rupiah dan mata uang fisik lainnya. Sedangkan kalo crypto ialah mata uang terpisah yang dalam bentuk digital.","1460166518377881608","","Aveuda_kedavra","in","ur mom","0","2","0","https://x.com/taufiqed/status/1460166518377881608","1184841392125698049","taufiqed"
"1458779024197505025","Fri Nov 12 12:04:02 +0000 2021","0","@pamungkas_jra @panggildeyaja @AREAJULID Apa uang dalam dompet digital ada wujudnya? Ovo gopay dst? Kalo alasannya karena bisa di tukar dengan uang fiat? Emang bit coain nggak bisa di tukar uang fiat? Nggak begitu bro..","1459129861482549250","","pamungkas_jra","in","","0","0","0","https://x.com/mjbakhm/status/1459129861482549250","1624610708","mjbakhm"
"1458779024197505025","Thu Nov 11 14:47:19 +0000 2021","0","@AREAJULID Kripto kan mata uang digital kalo bedanya sama gopay ovo dkk apa ya? Sama2 mata uang digital jg ga sih?","1458808565150326789","","AREAJULID","in","Rosario, Argentina","0","0","0","https://x.com/porraadaa/status/1458808565150326789","1311850153","porraadaa"
"1458345701801299968","Wed Nov 10 09:21:45 +0000 2021","2","@imglowups @RacunBelanja Pembiayaan sama uang digital beda ya bund Tokped gandeng gopay tuh emang karna mereka colab marger. Dan aturan pemerintah tuh marketplace gaboleh doble uang digital begituuh Cmiiw","1458364243728687111","","imglowups","in","Semampir, Indonesia","0","0","0","https://x.com/tahucampurrrrr/status/1458364243728687111","1426953237802848256","tahucampurrrrr"
"1457943534061883395","Tue Nov 09 05:30:00 +0000 2021","0","Layanan pengiriman uang Moolahgo memanfaatkan lima dompet digital yang beroperasi di Indonesia yaitu Ovo Dana Gopay Linkaja dan Shopeepay. https://t.co/cxiqNhyBq0","1457943534061883395","","","in","Indonesia","0","0","0","https://x.com/TechinAsia_ID/status/1457943534061883395","1578524700","TechinAsia_ID"
"1457033642698424323","Sun Nov 07 14:43:34 +0000 2021","0","@My_N4me_is_F Kan jelas di aplikasinya..sediain uang pas..driver bkn warung yg sll ada duit kembalian..di kira warung apa.. Makanya zaman dah canggih pake uang digital donk Ovo/ Gopay jd ga nyusahin driver.. Sampe sini paham ya..","1457358069566873605","","My_N4me_is_F","in","Jagakarsa, Indonesia","0","0","0","https://x.com/abdimohamadeko1/status/1457358069566873605","2907335095","abdimohamadeko1"
"1455945973360824326","Wed Nov 03 17:12:24 +0000 2021","1","Isi OVO: Agustus: Rp600.000 September: Rp350.000 Oktober: Rp200.000 Isi Gopay: Agustus September Oktober: Rp0 Konversi ke uang digital sekarang kalau memang perlu saja. Dari necessary ke discretionary.","1455945973360824326","","","in","Jakarta Capital Region, Indone","0","0","0","https://x.com/vigomilandi/status/1455945973360824326","77358695","vigomilandi"
"1455003563919167492","Mon Nov 01 17:23:43 +0000 2021","0","@mericaaasp @gtwkaka @collegemenfess Mjb bisa lewat uang digital juga kok kak kaya gopay dana sama link aja. Pilihnya nanti dibagian pulsa sama di coupon name nya kak","1455224043435552774","","mericaaasp","in","lokasi","0","2","0","https://x.com/Dwarebutiga/status/1455224043435552774","1272903580207452162","Dwarebutiga"
"1453394047372959757","Mon Nov 01 05:23:45 +0000 2021","0","@collegemenfess sebenernya seperti rekening bank pada umumnya bisa transfer ke bank lain (tapi tanpa biaya admin) ngisi saldo gopay/bayar olshop dan ada bunganya 6% bisa deposito juga dengan bunga lebih tinggi. Mungkin kalo punya banyak uang nganggur bisa didiamkan di bank digital satu ini ya","1455042859430678529","","rezkyyayang","in","Jakarta, Indonesia","0","0","0","https://x.com/rezkyyayang/status/1455042859430678529","1555867033","rezkyyayang"
"1453526790199119874","Mon Nov 01 05:21:52 +0000 2021","0","@collegemenfess sebenernya seperti rekening bank pada umumnya bisa transfer ke bank lain (tapi tanpa biaya admin) ngisi saldo gopay/bayar olshop dan ada bunganya 6% bisa deposito juga dengan bunga lebih tinggi. Mungkin kalo punya banyak uang nganggur bisa didiamkan di bank digital satu ini ya","1455042385503612934","","rezkyyayang","in","Jakarta, Indonesia","0","0","0","https://x.com/rezkyyayang/status/1455042385503612934","1555867033","rezkyyayang"
"1454601749545684992","Sun Oct 31 00:15:59 +0000 2021","1","Mobile banking dan gopay amat memudahkan proses transaksi keuangan. Bayar ke aneka olshop tinggal tap tap klik. Virtual account bikin proses bayar jadi simpel. Itu jenis uang digital pertama.","1454603017055965193","","Strategi_Bisnis","in","","0","1","3","https://x.com/Strategi_Bisnis/status/1454603017055965193","190535830","Strategi_Bisnis"
"1454601749545684992","Sun Oct 31 00:13:19 +0000 2021","1","Jenis uang digital pertama udah sering banget kita pakai. Bayar ini itu cukup pakai e-money atau gopay atau debit mobile banking. Udah lama saya gak pakai uang fisik lagi. Hanya sesekali kalau bayar parkir. Udah lama banget gak ke ATM lagi.","1454602349306007555","","Strategi_Bisnis","in","","0","1","2","https://x.com/Strategi_Bisnis/status/1454602349306007555","190535830","Strategi_Bisnis"
"1454601749545684992","Sun Oct 31 00:10:56 +0000 2021","27","Pengertian uang digital itu mungkin ada dua : - uang yg kita bayarkan melalui digital payment spt via gopay atau via aneka transfer mobile banking. Gak ada fisiknya. - uang dlm format digital spt e-certificate vaksin itu. Jadi bisa didownload dan disimpan dlm folder laptop.","1454601749545684992","","","in","","2","1","15","https://x.com/Strategi_Bisnis/status/1454601749545684992","190535830","Strategi_Bisnis"
"1454399869922136068","Sat Oct 30 10:59:36 +0000 2021","1","@stdsiliwangi Uang digital (gopay shopiee pay ovo etc) ti kami 25 rbu untuk followers setia @stdsiliwangi","1454402604155375617","","stdsiliwangi","in","Cibubur","1","2","0","https://x.com/auroraisover/status/1454402604155375617","1014140767667826689","auroraisover"
"1453322089767702540","Fri Oct 29 23:33:34 +0000 2021","0","@kulit_kwaci @luviku @zarazettirazr @ismailfahmi Masalah gopay/ovo itu udh jelas banget om bentuknya uang digital mata uangnya rupiah yg bikin rupiah ya BI kantor Gopay/Ovo jelas ada. Bitcoin kantornya kagak ada yg bikin kagak jelas mata uangnya jg gk jelas negara mana untung/ruginya jg kagak tau darimana.","1454229957681434631","","kulit_kwaci","in","Sukabumi, Indonesia","0","1","0","https://x.com/tembok_berjalan/status/1454229957681434631","2198748842","tembok_berjalan"
"1453322089767702540","Wed Oct 27 12:39:20 +0000 2021","0","@Huud03 @budionopixel @TheaRizkyyy @bostuah @ismailfahmi Ovo dana gopay itu dompet digital bukan kripto. Mata uangnya apa? Ya rupiah. Klo ditransfer ke ATM dan dicairkan ya jd uang kertas juga. Argumen mas ngawur tapi gak apa2. Kita beda persepsi saja.","1453340536190898182","","Huud03","in","Indonesia","0","1","0","https://x.com/muflih_h/status/1453340536190898182","240632920","muflih_h"
"1451356880178008064","Fri Oct 22 02:11:17 +0000 2021","3","@city0fserenity @daiswyy @convomf ohiya jangan lupa nyiapin dompet digital kayak dana shopeepay gopay ovo dll (harus premium. soalnya kalo ga premium gabisa transfer uang) gitu ajasii. nanti kalo ada yg beli tinggal tanya fh di grup harga berapa dan minta no dompet digital mereka. abistu tf sesuai -c-","1451370545509855241","","tolonkbanget","in","indo only","0","1","0","https://x.com/tolonkbanget/status/1451370545509855241","1356890731269394434","tolonkbanget"
"1450014252392062976","Mon Oct 18 08:27:01 +0000 2021","0","@SpiderDagger yg gmn tuh? dah lama gapernah pakai debit sih. kan skrg serba digital jg uang ada gopay ovo dana dan lainnya jarang kepake aku debit. dan klo beli beli pun tokopedia.","1450015547874185230","","SpiderDagger","in","Jakarta Barat, DKI Jakarta","0","1","0","https://x.com/miraclevisual/status/1450015547874185230","1141719487915290624","miraclevisual"
"1446734527733198849","Sat Oct 09 07:09:25 +0000 2021","28","Kini transfer uang ke BNU bisa dilakukan menggunakan aplikasi digital: Ovo Dana linkaja doku wallet gopay dan mbanking. https://t.co/JLbhdeaUoo","1446734527733198849","https://pbs.twimg.com/media/FBPVWFDVcAERUHo.jpg","","in","Magelang, Jawa Tengah","1","5","6","https://x.com/pcnukabmagelang/status/1446734527733198849","1118228263212474368","pcnukabmagelang"
"1445284493326118915","Tue Oct 05 08:27:41 +0000 2021","1","@recehanjir Owalaa. Menurutku sek beda soale misal e wallet iku gopay sedangkan bank e Jago. Kunci transaksi fleksibel memang ada di gopay tapi Jago menguasai uang fisik. Pintu masuk uang ttp dari Jago baru ke gopay. Nek karena no admin blas semua bank digital skrg gitu. Mbo sampe kapan","1445304673418690563","","recehanjir","in","sub-tang","0","1","0","https://x.com/serigalakiri/status/1445304673418690563","1127583464566317056","serigalakiri"
"1442312683982753795","Mon Sep 27 02:31:28 +0000 2021","1","Untuk kemudahan pengguna LRT Jabotabek nantinya akan menggunakan Kartu Uang Elektronik atau dompet digital seperti Gopay Dana Ovo Link Aja dll. https://t.co/a6q6P707hL","1442315925412147202","https://pbs.twimg.com/media/FAQiq_eVEAQCgQK.jpg","Ria_Bilqis","in","jakata,Indonesia","0","1","0","https://x.com/Ria_Bilqis/status/1442315925412147202","1105246147","Ria_Bilqis"
"1439588936678924294","Wed Sep 22 08:01:57 +0000 2021","18","@Haellios1 @txtdrberseragam Bukan orang susah mas. orang yang terlalu lama tinggal di goa.. Kan sekarang udh ada ATM dan platform dompet digital kayak dana ovo gopay dll .. kok masih nyimpan uang banyak di dompet yaaa? hehe","1440587157068939273","","Reinches01","in","#wargatangsel","0","1","0","https://x.com/Free_wafi_/status/1440587157068939273","88849096","Free_wafi_"
"1440497946139631616","Wed Sep 22 04:00:48 +0000 2021","2","@zarazettirazr @Ef_riza_ Sama uni sampai sekarang belum tertarik sama yg namanya uang digital macam sopepay gopay ovo dana &amp; sejenisnya punya cuma satu kartu flazz itupun buat kepentingan bayar tol cz tol udah g bisa pakai uang tunai","1440526468325412876","","","in","Jawa Tengah, Indonesia","0","0","0","https://x.com/hakim_novita/status/1440526468325412876","352250565","hakim_novita"
"1439589820397801480","Sun Sep 19 13:58:54 +0000 2021","5","Daripada ngeluh jaringan Indihome kayak kopet. Yuk ambil Bonus Louncing Bank Digital. Ini uang asalnya uang iklan daripada bayar Media yg efeknya ndak jelas mending kasih ke nasabah baru. Aku yg baru daftar aja langsung dapat saldo segini. Bisa dicairkan ke Gopay dana dll. https://t.co/dOL5FlnWNo","1439589820397801480","https://pbs.twimg.com/media/E_pzTudVUAIBGYT.jpg","","in","","0","1","0","https://x.com/TipsTanam/status/1439589820397801480","1435165885333839873","TipsTanam"
"1438072601490771973","Wed Sep 15 09:30:00 +0000 2021","0","Pasar uang dan dompet digital kedatangan pemain baru @gojektech #gopay #Wallet https://t.co/i6qCZ5KnZ6","1438072601490771973","","","in","Jakarta Capital Region, Indonesia","0","0","0","https://x.com/idxcupdate/status/1438072601490771973","1362306223849099264","idxcupdate"
"1437221910903885824","Mon Sep 13 01:09:40 +0000 2021","0","Penjelasan yg bagus mengenai perbedaan uang elektronik seperti gopay ovo dengan dompet digital seperti dana.","1437221910903885824","","","in","Yogyakarta","0","0","0","https://x.com/agasigp/status/1437221910903885824","81312944","agasigp"
"1434873227675717641","Mon Sep 06 13:36:50 +0000 2021","0","Yak akhirnya nambah 1 bank digital TMRW. Kenapa? Karena ada promo gopay s.d 600k. Tapi karena males nambah credit card. Jadi mentok di 350k aja. Bunganya jg 4% oke juga. Selagi bakar uang manfaatin deh hehe Kalo mau download trs pake referal ini ️ M01380095373 ⬅️ https://t.co/dInTAwmLWT","1434873227675717641","https://pbs.twimg.com/media/E-mxlB0UcAMAHj6.jpg","","in","🌌","0","1","0","https://x.com/kura2gatahu/status/1434873227675717641","52429859","kura2gatahu"
"1431367881107795968","Fri Aug 27 21:27:51 +0000 2021","0","Convert pulsa ke dana ovo link aja gopay dan uang saat ini lagi booming. Sebenarnya sudah dari dulu @AxisBank cara convert pulsa ini digunakan. Namun sering digunakan untuk penukaran voucher atau topup mobile legend lainnya. Dengan populernya dompet digital convert pulsa pun","1431367881107795968","","","in","","0","0","0","https://x.com/l3TUQDNJtOImcDp/status/1431367881107795968","1417630770319876099","l3TUQDNJtOImcDp"
"1428222306598354949","Thu Aug 19 05:08:38 +0000 2021","0","Selamat untuk pemenang (Segera DM kami info data diri berupa nama no hp serta pengiriman uang digital akan kemana (Ovo/Gopay/ Dana) 1. @ceritaibuk 2. @brendamarii19 3. @tharita_hadi","1428222353910034434","","humasskkmigas","in","Jakarta, Indonesia","0","1","0","https://x.com/humasskkmigas/status/1428222353910034434","1130001950","humasskkmigas"
"1427995422493077515","Wed Aug 18 14:06:54 +0000 2021","78"," [ OPEN DONATION ] we're open donation for @Stray_Kids' digital streaming on genie. we're accepting: funds/uang stream pass genie minimal donasi uang: 15k (1 stream pass ‍️ 50x) donasi bisa dikirim via: shopeepay/dana/ovo/gopay","1427995422493077515","","","in","JOIN TEAM ⬇️","25","1","100","https://x.com/skznoeasyteam/status/1427995422493077515","1427646793198751762","skznoeasyteam"
"1425638075317723144","Thu Aug 12 01:59:38 +0000 2021","13","YEAY Saatnya Pengumuman Bagi Pemenang #KuisSKKMigas Kuis menghitung berapa banya pipa yang termakan list pemenangnya ya (Segera DM kami info data diri berupa nama no hp serta pengiriman uang digital akan kemana (Ovo/Gopay/ Dana) 1. @noorbinsam (IG) 2. @muhamad_skri (IG) https://t.co/2v1u1DK0Jz","1425638075317723144","https://pbs.twimg.com/media/E8jiRJuVcAAaxNm.jpg","","in","Jakarta, Indonesia","0","1","0","https://x.com/humasskkmigas/status/1425638075317723144","1130001950","humasskkmigas"
"1425065861597995012","Tue Aug 10 12:20:28 +0000 2021","0","@atmajagoesly @desygenoveva_ Ya sapatau sukanya Gopay atau uang digital kan ga berbau ","1425069536793882624","","lpaag","in","","0","0","0","https://x.com/Isra_KK/status/1425069536793882624","146312654","Isra_KK"
"1424035194982469632","Sat Aug 07 15:50:22 +0000 2021","0","Buat yang ditagih utang bilang lagi gak pegang duit. Apa gunanya shopeepay gopay ovo dana dan m-banking? Yang gapegang uang bisa transfrer kok :D Jama udah digital guys. Tinggal niatnya aja mau bayar atau enggak ;)","1424035194982469632","","","in","Yogyakarta, Indonesia","0","0","0","https://x.com/agwin23_/status/1424035194982469632","1204664305695612933","agwin23_"
"1419561551602671618","Mon Jul 26 08:14:35 +0000 2021","0","@ca0ne 1. OVO/Gopay bukan plat merah. Akan ada kesenjangan di sana. 2. Tak semua orang paham konsep uang digital. 3. Tetap saja warga bisa disuruh bayar 'administrasi' sebelum dicairkan.","1419571839836192774","","ca0ne","in","Absurdistan","0","0","0","https://x.com/BNGPY/status/1419571839836192774","99705510","BNGPY"
"1418495017090383877","Fri Jul 23 08:55:41 +0000 2021","0","Sudah saatnya beralih ke kartu digital aja sebagai orang yg sangat menyukai shopee pay linkaja ovo dan gopay teknologi sekarang dah makin ok sih. Di koperasi sekolah udah bisa pakai LinkAja enak banget tanpa ribet bawa dan narik uang tunai ","1418495017090383877","","","in","Utrecht, The Netherlands","0","1","0","https://x.com/FeeSartio/status/1418495017090383877","488056278","FeeSartio"
"1417683259283103748","Wed Jul 21 03:10:02 +0000 2021","8","#MGTPLAY Airing! BTW sharing uang digital yg biasa kamu pake donk... 1. Ovo 2. Gopay 3. LinkAja 4.ShopeePay 5. Lainnya sebutkan... Sambil #REQUEST donk biar semangat sharingnya Lgsg reply aja atau WA di 08122041011 atau bisa juga klik Banner REQUEST di www.mgtradiocom Yuk ah! https://t.co/RSuCVVdjRf","1417683259283103748","https://pbs.twimg.com/ext_tw_video_thumb/1417682034101739530/pu/img/ojdU6m-fz_kwkiEA.jpg","","in","Bandung, Jawa Barat","0","9","0","https://x.com/1011mgtradio/status/1417683259283103748","1413062756350132233","1011mgtradio"
"1415476450946211848","Thu Jul 15 01:00:58 +0000 2021","9","Pengumuman Pemenang #KuisSKKMigas Hai Sobat Migas Selamat ya kepada para pemenang! Kuis Temukan Mereka Dengan Jodohnya berikut list nama pemenangnya ya (Segera DM kami info data diri berupa nama no hp serta pengiriman uang digital akan kemana (Ovo/Gopay/ Dana) https://t.co/K5Qsx024Fx","1415476450946211848","https://pbs.twimg.com/media/E6TIVF5UUAEdP7i.jpg","","in","Jakarta, Indonesia","0","1","1","https://x.com/humasskkmigas/status/1415476450946211848","1130001950","humasskkmigas"
"1413857583392124929","Sun Jul 11 09:47:16 +0000 2021","1","@acci5mus @sirrilwf @AREAJULID Gini2..caranya biar ga rebutan bayar.. Kan masing2 punya uang digital nih ky ovo dana shopee n gopay lah.. Nah klo kalian tau nmer atau shopeepay nya ya tinggal tambahin aja ke account nya.. Jd kn sama aj ngebalikin tanpa ad keributan..","1414159346288652288","","acci5mus","in","unknown","0","1","0","https://x.com/unat0810/status/1414159346288652288","1213737678354575360","unat0810"
"1413448941882920969","Fri Jul 09 10:49:15 +0000 2021","0","Plus nya gopay always stand by dont worry klo laper apa butuh ojek bermanfaat bgt klo ada uang digital tuh tpi berdoanya montor gag kenapa kenap biar itu cuma buat dana cadangan aja ","1413450168695853063","","CYJ09_","in","MOA","0","0","0","https://x.com/CYJ09_/status/1413450168695853063","1266669845463961600","CYJ09_"
"1412736177522704391","Wed Jul 07 11:58:25 +0000 2021","2","@aliralira Kdg kan ada tuh yg digital bank pas gangguan sinyal tau2 kepotong pdhl transaksi gagal nah kalo line bank ini smooth sih. Daftarnya jg cepet bgt prosesnya dan gak terlalu ditanyain banyak. Bisa kirim uang lewat gopay klo cari KEB hana bank ","1412742799774998529","","rainbowonsky_","in","","0","0","1","https://x.com/rainbowonsky_/status/1412742799774998529","1257792719813898242","rainbowonsky_"
"1411994795598249989","Mon Jul 05 12:12:37 +0000 2021","1","@herrysw Menurut pak HSW diantara layanan uang digital (Gopay Link aja OVO Shopee pay dll) mana yg lebih bagus dr segi pelayanan dan fiturnya?","1412021598635249665","","herrysw","in","Bandung | Jakarta | mBantul","0","0","0","https://x.com/prnhgntg/status/1412021598635249665","1225056535","prnhgntg"
"1409723452995510290","Tue Jun 29 23:12:54 +0000 2021","1","@pangxuekai @Tokocrypto @tkobytokocrypto Susah sih trlalu banyak fud tentang Crypto di masyarakat dan kebanyakan hanya tau soal bitcoin saja padahal crypto itu luas. Padahal kya e-wallet ovo dana gopay trmasuk mata uang digital juga tp masyarakat di indo bnyak yg tidak tau kalau e wallet mreka sma sperti crypto","1410013435832668166","","pangxuekai","in","","0","0","0","https://x.com/AirdropManiac/status/1410013435832668166","934002317732462592","AirdropManiac"
"1409747356635992067","Tue Jun 29 05:35:36 +0000 2021","2","Assalamua'laykum Saya Rika Ra'idah Dwicahyani dari Manajemen Bisnis Syariah Institut Agama Islam Tazkia. Kriteria: 1.15-39 thn 2.Domisili Jabodetabek 3.Pernah menggunakan App Riliv/Halodoc (min 1 kali) https://t.co/acFR4778KD OVO/GoPay/uang digital Rp 50.000 (4 org beruntung). https://t.co/3UANJmmsyq","1409747356635992067","https://pbs.twimg.com/media/E5Btv0RVIAM6psw.jpg","","in","","0","0","0","https://x.com/Infokuesioner/status/1409747356635992067","1349730101961785365","Infokuesioner"
"1407262085193502725","Tue Jun 22 12:03:01 +0000 2021","18","T: Cara bayar pakai syopi bagaimana? Harus check out sesuatu dulu kah? J: Tidak perlu. Langsung transfer nominal seperti teman2 transfer uang digital via GoPay/OVO/Dana pada umumnya saja. https://t.co/J4ltfI9RBI","1407308140064874497","https://pbs.twimg.com/media/E4fDSFSVIAI4jMe.jpg","kucinggendut__","in","","2","1","1","https://x.com/kucinggendut__/status/1407308140064874497","1191930766583840770","kucinggendut__"
"1403340307807281159","Fri Jun 11 13:16:17 +0000 2021","0","2️⃣ Cryptocurrency merupakan mata uang digital yang terdesentralisasi Perkembangan dari Uang kertas &gt; Uang elektronik (saldo bank/GoPay/OVO) &gt; Cryptocurrency","1403340309149401088","","uangmasadepan","in","Indonesia","0","1","0","https://x.com/uangmasadepan/status/1403340309149401088","1399318892569251846","uangmasadepan"
"1402066974499164160","Tue Jun 08 00:56:30 +0000 2021","0","Jasa convert uang digital yang belum premium Gopay / Dana / Link Aja / Shopeepay","1402066974499164160","","","in","sesuai aplikasi ya","0","0","0","https://x.com/khoirulmsy/status/1402066974499164160","1088722374","khoirulmsy"
"1401524993813454852","Sun Jun 06 13:09:37 +0000 2021","0","@R_AninJKT48 usahakan masukin dompet digital buat jaga di shopeepay linkaja gopay atau dana dikit aja buat jaga jadi masih bisa idup nga perlu pinjam uang","1401526695287422980","","anindthrc","in","Orange Castle","0","0","0","https://x.com/szilverberG/status/1401526695287422980","2219512591","szilverberG"
"1400673436549074954","Fri Jun 04 04:39:05 +0000 2021","1","MotionPay adalah uang digital milik MNC Group yang baru diluncurkan Hary Tanoesoedibjo. Ini strateginya kalahkan OVO hingga Gopay. https://t.co/9gsEwWnbwQ","1400673436549074954","","","in","","1","2","0","https://x.com/kumparan/status/1400673436549074954","759692754985242625","kumparan"
"1397093360469352448","Tue May 25 07:39:28 +0000 2021","1","@irxsviel @collegemenfess buka rekeningnya cuman via aplikasi kartu ATMnya gratis sampe dianterin gak ada ongkirnya gak ada minimal pembukaan kalo transfer sama top up dompet digital kaya gopay dana shopeepay gak ada biaya admin bisa pisahin antara uang buat nabung sama jajan ATMnya VISA","1397094952086032384","","irxsviel","in","Wonderland","0","4","0","https://x.com/bedhillboy/status/1397094952086032384","377886016","bedhillboy"
"1395697577371131904","Fri May 21 11:11:20 +0000 2021","2","@is_pelssy Lebih simple pake uang digital kyk dana atau gopay. Transfer antar bank gratis cek saldo tgl buka apps aj.. Bijimana bank pkat merah mau maju? Ekonomi biaya tinggi","1395698722462310409","","is_pelssy","in","Bogor","0","0","1","https://x.com/mister_sidik/status/1395698722462310409","1427725477","mister_sidik"
"1395561160733126656","Fri May 21 02:04:43 +0000 2021","0","Bagiamana mau bersaing neh? Ekonomi biaya tinggi. Masyarakat skr lbh cenderung pakai bank swasta atau uang digital spt dana atau gopay free cek saldo bahkan transfer.","1395561160733126656","","","in","Bogor","0","0","0","https://x.com/mister_sidik/status/1395561160733126656","1427725477","mister_sidik"
"1395345543396691969","Thu May 20 11:47:56 +0000 2021","1","Saya baru saja selesai membuat akun gojek eheheheh baru dibolehin bapak buat megang uang digital TvT....okee nanti top up Gopay ehehe","1395345543396691969","","","in","","0","0","0","https://x.com/Hannanhy31/status/1395345543396691969","1213993152576544769","Hannanhy31"
"1394178610232053762","Mon May 17 06:55:48 +0000 2021","1","@GTMezzomik Msh satu Bos Om yg sama sahamnya Tokped Grab Gojek Lah bentar lagi ovo dan gopay mau diakuisisi sama Bank Jago..buat kuasai Uang digital di Indonesia ","1394184860936249347","","GTRoulette","in","DKI Jakarta, Indonesia","0","1","0","https://x.com/Y42N18/status/1394184860936249347","1090650916221464576","Y42N18"
"1394170052216168448","Mon May 17 05:56:57 +0000 2021","0","sehari-hari kalian biasa pake uang digital apa ni kalo boleh tau ? ogut dana &amp; gopay.","1394170052216168448","","","in","Indonesia","0","2","0","https://x.com/GALJARO/status/1394170052216168448","57564910","GALJARO"
"1392862379935817731","Thu May 13 15:20:44 +0000 2021","0","Perubahan udah mulai sih dari orang mulai jarang bawa cash dari pembayaran yg biasanya cash skarang tinggal tap org udah mulai jarang ke bank karena bisa ngurus lewat aplikasi conton simple uang digital ya gopay cm masih dalam bentuk rupiah tapi transisi pasti terjadi sih","1392862379935817731","","","in","","0","1","0","https://x.com/yatim_sukses/status/1392862379935817731","64599413","yatim_sukses"
"1392665128672251904","Thu May 13 02:16:55 +0000 2021","0","Bii menerima THR dalam bentuk uang cash sama uang digital (gopay ovo dana transfer bank shopee pay) yaaa","1392665128672251904","","","in","","0","0","0","https://x.com/biitrbl/status/1392665128672251904","1008601439826935808","biitrbl"
"1392466193743712265","Wed May 12 13:06:26 +0000 2021","2","Siap menerima THR bentuk uang digital. Shoopepay ovo gopay dana linkAja rekening.","1392466193743712265","","","in","18+","0","0","0","https://x.com/tojisfiance/status/1392466193743712265","1359862555351543815","tojisfiance"
"1392334979623915524","Wed May 12 04:29:44 +0000 2021","0","@bertanyarl ada itu buat bayar nder jdi uang digital kaya dana gopay gitu gitu","1392336164435070977","","bertanyarl","in","she/her ","0","0","0","https://x.com/lvlymoon_/status/1392336164435070977","1291602052590604288","lvlymoon_"
"1390554057287233540","Sat May 08 05:01:48 +0000 2021","0","@Icangtip_ menerima thr dalam bentuk uang tunai uang digital(ovo gopay dana) transfer ke bank BRI Mandiri juga bisa ahahahahh","1390894683337814024","","Icangtip_","in","Kota Medan, Sumatera Utara","0","0","0","https://x.com/rifianpratama24/status/1390894683337814024","1191202102648852480","rifianpratama24"
"1390870790569041920","Sat May 08 03:26:52 +0000 2021","2","menerima THR via uang digital Shopeepay GoPay OVO Dana Flip dan Link Aja!","1390870790569041920","","","in","Jaksel - Serpong","0","1","0","https://x.com/diytypeshit_/status/1390870790569041920","3118025055","diytypeshit_"
"1388796676928802821","Mon May 03 07:38:13 +0000 2021","0","@bertanyarl Punya semua si dulu seneng bgt pake ovo krn bisa buat grab/tokped/dan merchant lain2 dan ovo point masih bisa di-cv. Tapi semenjak tidak bisa di-cv lagi ya jdi jrg nyimpen uang di dompet digital gini paling mah gopay krn kalo kurang bisa ditambah cash ehe","1389122107938775043","","bertanyarl","in","Yogyakarta, Indonesia","0","0","0","https://x.com/jgnkepogwbilang/status/1389122107938775043","1219939868735758337","jgnkepogwbilang"
"1388664660166004738","Sun May 02 04:47:36 +0000 2021","1","@archa_bella Kalo BI ada mata uang digital apa ada pengaruhnya gak ya ke gopay ovo dll ... ? Penasaran.","1388716781120888832","","archa_bella","in","Makassar","0","1","0","https://x.com/Mugniar/status/1388716781120888832","369851023","Mugniar"
"1387769725267152908","Thu Apr 29 14:04:20 +0000 2021","0","apakah babi ngepet bisa mencuri uang digital seperti gopay ovo dan uang di M-Banking? https://t.co/T0rzhcf4Op","1387769725267152908","https://pbs.twimg.com/media/E0JZNa2WYAQAthx.jpg","","in","Tangerang Selatan, Banten","0","0","0","https://x.com/dvssen21/status/1387769725267152908","1259280865","dvssen21"
"1387161845908197379","Tue Apr 27 23:40:08 +0000 2021","0","@irwancihuy Karna ovo dan gopay hanya angka digital yang dianggap uang dan wujudnya absrak. Beda sama uang cash pasti jelas wujudnya uang kertas.","1387189852588761089","","","in","tangerang","0","0","0","https://x.com/ibnuhardiyatna/status/1387189852588761089","350174719","ibnuhardiyatna"
"1387138203916718082","Tue Apr 27 20:14:54 +0000 2021","0","Apakah dengan semakin berkembangnya uang digital seperti OVO Gopay Dana akan membuat tuyul babi ngepet dan jin kehilangan pekerjaan mereka?","1387138203916718082","","","in","Silicon Valley","0","1","0","https://x.com/rafiindonesiaa/status/1387138203916718082","1133008648697831424","rafiindonesiaa"
"1386895575329607681","Tue Apr 27 04:10:47 +0000 2021","0","pembayaran digital kian canggih salah satunya: gopay e-money tcash pake uang lo dulu nanti gwa ganti","1386895575329607681","","","in","Valhalla, NY","0","0","0","https://x.com/DenisUltra/status/1386895575329607681","1114559423832150016","DenisUltra"
"1386884044269387783","Tue Apr 27 03:24:57 +0000 2021","2","Sahabat Katadata Terima kasih atas partisipasimu dalam Survei Penggunaan Layanan Digital di Indonesia. ⁣ Selamat kepada responden yang beruntung mendapatkan uang tunai Rp 500 ribu rupiah dan saldo Gopay/OVO/Pulsa sebesar Rp100 ribu rupiah. ⁣ #KatadataInsightCenter #KIC https://t.co/QrNX6QFkqN","1386884044269387783","https://pbs.twimg.com/media/Ez8yvWgUUAAkVSN.jpg","","in","Jakarta","0","0","0","https://x.com/KATADATAcoid/status/1386884044269387783","552523769","KATADATAcoid"
"1386801578493894657","Mon Apr 26 21:58:12 +0000 2021","0","@sygfess Uang digital Kayak gopay dana ovo. Shopay juga termasuk nderr","1386801814545174528","","sygfess","in","Madripoor","0","0","0","https://x.com/rrzqrr/status/1386801814545174528","1304808320029474816","rrzqrr"
"1381246512886206465","Sun Apr 11 23:25:46 +0000 2021","0","@arifnovianto_id Tujuannya semua adalah ke Uang Digital kalau udah banyak yg pakai Gopay OVO ShopeePay yg lain bisa dilupakan/diturunkan prioritasnya.","1381388034319425537","","arifnovianto_id","in","Jakarta","0","0","0","https://x.com/plenyun/status/1381388034319425537","46347570","plenyun"
"1380756664786186240","Sun Apr 11 05:18:45 +0000 2021","0","Gimana caranya punya fan token? 1. Bisa dibeli di app socios (Fan Token Offering) tapi harus pake mata uang digital ($CHZ). Jadi memang harus beli cryptocurrency dulu. $CHZ bisa dibeli di app socios sendiri kayak top-up gopay atau juga bisa dibeli di cryptocurrency exchanges.","1381114474770296836","","BisnisBola","in","Jakarta, Indonesia","0","1","1","https://x.com/BisnisBola/status/1381114474770296836","1339070814302269442","BisnisBola"
"1379049144765935621","Mon Apr 05 15:59:30 +0000 2021","0","@wonyouisluv @jkt48appcoustic @officialJKT48 Ngerti sih pengen nyari untung bikin mata uang digital sendiri. Tapi kalo malah bikin susah. Ga mending numpang di gopay atau ovo. Daripada si JOT ribet konsumen jg males beli. Mungkin ada faktor lain jg.","1379101397078044678","","ondafairies","in","Bali","0","0","0","https://x.com/Exaeffect/status/1379101397078044678","193097768","Exaeffect"
"1378194111677702153","Sat Apr 03 04:33:57 +0000 2021","0","@Askrlfess Uang digital yang kamu simpan di dompet online/digital yg bisa kamu akses dari aplikasi di hp semacam rekening tabungan bank tapi sifat sistem dan proses pembuatannya lebih fleksibel. Cth: gopay linkaja shopeepay ovo dana dll","1378204097942233088","","Askrlfess","in","Greenhouse ","0","0","0","https://x.com/blckoffiie/status/1378204097942233088","1080956433800167426","blckoffiie"
"1377264841774092292","Wed Mar 31 15:22:32 +0000 2021","1","@RatuWuri @are_inismyname itu aset digital kak.. Semacam uang dalam bentuk token digital seperti gopay/ovo yg nilainya fluktuatif. Bitcoin BNB TRX HYDRA dsb dsb itu jenis²nya.","1377280156134297606","","RatuWuri","in","your endocannabinoid","0","1","0","https://x.com/vvisenu/status/1377280156134297606","74548469","vvisenu"
"1376939792542228480","Tue Mar 30 16:57:50 +0000 2021","0","@tanyainrl qr code yang udah terintegrasi ke semua layanan uang digital jadi satu qr code bisa dipake buat bca gopay ovo gitu gaperlu beda qr code kek duluu","1376941752372752387","","tanyainrl","in","","0","0","0","https://x.com/arudiaa/status/1376941752372752387","1072787576283525120","arudiaa"
"1376190022869602306","Sun Mar 28 15:37:04 +0000 2021","1","@gusbayu Saya kira tidak. Sebenarnya kita sudah menggunakan digital rupiah sejak kita menggunakan uang elektronik melalui layanan ATM kartu kredit/debit aplikasi Dana Gopay OVO dst. Pengiriman uang elektronik jelas lebih cepat daripada jaman dulu kita menggunakan wesel pos.","1376196649047879680","","gusbayu","in","Yogyakarta","0","1","1","https://x.com/roastfiction/status/1376196649047879680","1047821364004937729","roastfiction"
"1374794033222979585","Thu Mar 25 00:07:00 +0000 2021","0","@A_FionyJKT48 ufo bukannya aplikasi uang digital semacam gopay gt ya?","1374875426707841025","","A_FionyJKT48","in","","0","0","0","https://x.com/NikkeyAyu/status/1374875426707841025","1229346517997293574","NikkeyAyu"
"1374647502989791232","Wed Mar 24 15:31:35 +0000 2021","0","@jannotama @ArsenioRadmilo @JackVardan karena trend uang digital yang semakin kencang sehingga semakin lama ATM makin tidak dibutuhkan. Toh ATM juga ada biayanya. Liat aja macam DANA OVO Gopay nggak perlu ATM sama sekali.","1374745718708002819","","jannotama","in","Banjarmasin","0","0","0","https://x.com/Syar_bjm/status/1374745718708002819","152014014","Syar_bjm"
"1374611590629060609","Wed Mar 24 06:38:36 +0000 2021","4","Bank Mandiri menggelar promo berupa cashback 50 persen bagi para nasabah yg melakukan top up uang elektronik dg menggunakan aplikasi mobile banking Mandiri Online Livin Promo Cashback unk aplikasi dompet digital DANA ShopeePay LinkAja GoPay i.saku dan OVO. https://t.co/TO95fEs27E","1374611590629060609","https://pbs.twimg.com/media/ExOZ9MvVoAAkO5B.jpg","","in","","0","0","0","https://x.com/Milamariamey/status/1374611590629060609","3171640176","Milamariamey"
"1372599849950978049","Thu Mar 18 17:24:40 +0000 2021","0","Giveaway Periode III sudah dimulai nih! Dengan hadiah 100rb uang digital apapun (gopay dana dll) dan caranya masih sama! Cek link dibawah yaa~ https://t.co/Z435Wr13Xb","1372599849950978049","","","in","","0","0","0","https://x.com/Infopromoid88/status/1372599849950978049","1337320305715421185","Infopromoid88"
"1371415259483754505","Mon Mar 15 10:57:32 +0000 2021","0","Gojek akuisisi link aja. Sementara kalo liat data top 3 uang digital itu gopay ovo link aja. Ini aja udah duopoli Kalo ditambah merger dengan tokopedia gojekxtokped secara tdk resmi menguasai top 3 uang digital. Bau2 monopoli It must be stopped sih kalo ikut aturan main","1371415259483754505","","","in","","0","1","0","https://x.com/pramuji_handra/status/1371415259483754505","300131811","pramuji_handra"
"1369851819376046080","Thu Mar 11 07:36:39 +0000 2021","0","@ardhiandharma Abis skrg uda joinan ovo - gopay jd gmn Yan? Kemenkeu jadi ngluarin uang digital?","1369915153588883456","","ardhiandharma","in","Stockholm ","0","0","0","https://x.com/nisa_ainia/status/1369915153588883456","62483841","nisa_ainia"
"1367081742235017227","Wed Mar 03 14:55:30 +0000 2021","0","@hermansaksono Tuyul versi uang digital sudah rilis belum? Biar saldo gopay nambah banyak","1367126491868274693","","hermansaksono","in","Denpasar, Bali","0","0","0","https://x.com/IsanSepty/status/1367126491868274693","1106474814733049856","IsanSepty"
"1366958639219544069","Wed Mar 03 03:48:31 +0000 2021","0","Pelayanan SKCK Polres Karanganyar bekerjasama dengan Link Aja berkomitmen memberikan kemudahan pemohon SKCK denganbpembayaran digital tanpa uang cash melalui OVO Internet Banking Shopeepay Gopay Isaku dll. #SKCKPerizinanPolresKaranganyar https://t.co/oocEN8Pi70","1366958639219544069","https://pbs.twimg.com/media/Evhpoy5VkAMANM1.jpg","","in","Karanganyar, Indonesia","0","0","0","https://x.com/skckpolreskra/status/1366958639219544069","1243430063741124614","skckpolreskra"
"1366633115637047301","Tue Mar 02 06:15:00 +0000 2021","0","Direktur riset CORE Piter Abdullah mengatakan langkah BI sejalan dengan upaya berbagai negara mengantisipasi pesatnya pertumbuhan alat pembayaran dompet digital seperti OVO dan Gopay maupun kehadiran uang kripto yang semakin diminati. Via : @TirtoID https://t.co/9DQwKr5Nem","1366633115637047301","","","in","Jakarta Capital Region, Indone","0","0","0","https://x.com/COREIndonesia/status/1366633115637047301","2783746813","COREIndonesia"
"1366539535929147392","Tue Mar 02 04:18:03 +0000 2021","1","@samsat_sragen @samsatsmg2 Dgn pembayaran nontunai (selain dgn sakpole) wajib pajak tidak perlu membawa banyak uang tunai. Bisa saja membayar langsung dgn kartu debit kartu kredit bahkan dompet digital semacam ovo gopay linkaja dll","1366603683908100096","","samsat_sragen","in","Parallel universe","0","0","1","https://x.com/yogiwadyabratha/status/1366603683908100096","145219416","yogiwadyabratha"
"1366177170767237120","Mon Mar 01 00:03:14 +0000 2021","0","Ovo gopay? Flatform BI berada dimana nebeng or punya sendiri? Anjim.... Gak jelas RT @SINDOnews: Bank Sentral Mau Terbitkan Uang Digital Ekonom: Tujuannya Masih Samar https://t.co/KPYAtOpOgn","1366177170767237120","","","in","bandung ","0","0","0","https://x.com/JigKasal/status/1366177170767237120","4125684014","JigKasal"
"1365459832170446849","Sat Feb 27 00:32:47 +0000 2021","58","Pagi-pagi gini jadi kepikiran di masa serba digital kaya gini tuyul sama babi ngepet sekarang kerjaannya apa yah. Semua mulai beralih ke dompet digital kaya ovo &amp; gopay. Terus juga pada mau beralih ke uang crypto kaya bitcoin. Apakah tingkat pengangguran semakin meningkat?","1365459832170446849","","","in","","1","8","17","https://x.com/BintangPD/status/1365459832170446849","552794277","BintangPD"
"1364776211134566400","Thu Feb 25 05:50:30 +0000 2021","0","@Suara_Bawah Uang digital gk ada gambarnya. Gimana nih. Ovo gopay dana k-link alipay dll inilah trend uang digital ntnya. IoT drone 5G sebentar lagi akan masuk ke dalam masyarakat kita. Urusan gambar jadi tak relevan lagi. @Kemenparekraf @kemkominfo Siapkah antisipasi hal2 ini?","1364815013085474819","","Suara_Bawah","in","jogja","0","0","0","https://x.com/edhi_shi/status/1364815013085474819","3224016240","edhi_shi"
"1364418931927117832","Wed Feb 24 03:44:35 +0000 2021","0","@rustyredbrown Di 1 dompet kecil kak kebetulan dompetku dompet kartu gitu yg ada resletingnya buat naro uang cash kebetulan jg anaknya ga suka bawa cash banyak krn prefer bayar pake debit atau dompet digital gitu kayak dana/ovo/gopay dll","1364420934946283523","","rustyredbrown","in","Indonesia","0","0","0","https://x.com/chifauziah_/status/1364420934946283523","17696589","chifauziah_"
"1362626031492861954","Fri Feb 19 04:52:53 +0000 2021","0","@lolakookie17 Shopeepay itu sejenis uang digital ka Kaya ovo/gopay/dana cuma khusus apk shopee","1362626183511244800","","lolakookie17","in","mdni. bts things. bxb. cat.","0","0","0","https://x.com/jkthyungie_/status/1362626183511244800","919413649365549057","jkthyungie_"
"1357935733449740288","Sat Feb 06 06:16:49 +0000 2021","0","dengan bantuan berupa uang yang dapat disalurkan melalui rekening dan dompet digital yang tertera. Donasi dapat disalurkan melalui: BNI: 0841290736 a.n Andini Aprysheila Rachmi Dana: 085776856927 Ovo: 089616056933 Gopay: 089616056933 Cp: 0895397284887 (Delisa Nur Afwa)","1357936265195257856","","SonOfDarknezz","in","","0","1","0","https://x.com/SonOfDarknezz/status/1357936265195257856","1085557737746968576","SonOfDarknezz"
"1356932707830222850","Fri Feb 05 05:53:29 +0000 2021","0","@Thitaps2 @adulputrasuhu @KiputKingg @SerencengKopi @SusyTan15 @ustadtengkuzul @bank_indonesia Cryptocurrency tu uang digital dengan teknologi Blockchain (bukan kek gopay/ovo). Jadi Cryptocurrency bisa sedikit jadi solusi pengganti agresifnya mata uang sekarang. Bahkan di Cryptocurrency pun ada kemungkinan tetap inflasi (walaupun gak agresif). Jadi risiko inflasi ttap ada","1357568005421502470","","Zawwaf_","in","","0","1","0","https://x.com/Zawwaf_/status/1357568005421502470","1135178873149173761","Zawwaf_"
"1357311855677431808","Thu Feb 04 19:33:36 +0000 2021","0","@asy12aaf Uang kertas yg kemudian dijadikan uang digital di bank &amp; Gopay dll itu dpt memacu pertumbuhan ekonomi karena memudahkan transaksi perdagangan. Kalo uang hanya berbentuk logam tidak ada e-commerce kyk Tokopedia dll krn pembeli &amp; penjual harus berjumpa scr fisik utk bertransaksi.","1357412008006569990","","hoaxwood","in","Volksrepublic Indonesien","0","1","0","https://x.com/hoaxwood/status/1357412008006569990","1208333676141957121","hoaxwood"
"1357212573519740928","Thu Feb 04 06:30:08 +0000 2021","0","@republikaonline Di tempat wisata Bandung rupiah saya di tuker sama biji karambol kok aman aman aja main di TIMEZONE boleh pakai koin TIMEZONE. E-money OVO Gopay dan Uang digital bebas dipake buat transkasi dimana ajah sampe ke mall mall padahal bikin masyarakat sampe kejebak pinjol.","1357214841686036482","","republikaonline","in","Karawang, Jawa Barat","0","0","0","https://x.com/DjuraganEmpang/status/1357214841686036482","1068687725006471168","DjuraganEmpang"
"1357133793086169088","Thu Feb 04 04:17:54 +0000 2021","1","@asqholani @0phium @KompasTV Mas asqho top up ovo gopay ga pake duit ya? Dan itu bukan uang digital. Digital hanya transaksinya aja.","1357181565047046145","","asqholani","in","Jakarta","0","2","1","https://x.com/siarik/status/1357181565047046145","44060672","siarik"
"1356982175275520002","Wed Feb 03 15:23:12 +0000 2021","0","@nanta_dharma @NOTASLIMBOY Ke depan arahnya begini bank digital. Bahkan uang kertas juga uda dikurangi jadi uang digital ala ovo gopay.","1356986604997341188","","el_avraham","in","","0","0","0","https://x.com/sibrowny/status/1356986604997341188","93393788","sibrowny"
"1356961448119869440","Wed Feb 03 14:37:38 +0000 2021","0","@sisigelaaap @eko_kuntadhi Kartu tol dan kartu parkir itu adalah eWallet (dompet digital) untuk menyimpan mata uang sah yaitu Rupiah. Sama seperti GoPay OVO dll.","1356975137157906433","","","in","Indonesia","0","0","0","https://x.com/SchubringUs/status/1356975137157906433","1304680643821842434","SchubringUs"
"1356961448119869440","Wed Feb 03 14:32:40 +0000 2021","0","@eko_kuntadhi Kartu tol dan kartu parkir itu adalah eWallet (dompet digital) untuk menyimpan mata uang sah yaitu Rupiah. Sama seperti GoPay OVO dll.","1356973884185079808","","_ekokuntadhi","in","Indonesia","0","1","0","https://x.com/MovieLoverID/status/1356973884185079808","577744919","MovieLoverID"
"1356322452389777408","Tue Feb 02 02:28:10 +0000 2021","0","@Lonewolfha Jaman sekarang semuanya udah serba digital bro sampe uang/dompet aja juga digital. Tapi selagi uang/dompet digital itu membantu kita yaa mau gimana lagi. Apa lagi GoPay wkwk #UntungGoPayPlus","1356429170092306434","","Lonewolfha","in","","0","0","0","https://x.com/Kartomodo/status/1356429170092306434","1086404851","Kartomodo"
"1354982062663426048","Fri Jan 29 04:53:56 +0000 2021","0","@SandiMuldani @wakilgubernurKW Mereka bukan mata uang di dalem gopay sama shopeepay tetep rupiah mereka cuma dompet digital","1355016302054813699","","SandiMuldani","in","","0","1","0","https://x.com/SmittyW09418775/status/1355016302054813699","1224331351052021760","SmittyW09418775"
"1354941083659038722","Fri Jan 29 03:33:38 +0000 2021","0","@kompascom ovo gopaya dana emoney itu juga bukan rupiah kecuali dah ada UU nya ovo gopay dana emoney itu bagian dari Rupiah digital/Erupiah. dinar=emas dirham=perak logam mulia itu ada harga nya dibanding uang kertas yg dari buat dr serbuk kayu.","1354996094539685888","","kompascom","in","Cipinang-baru, Indonesia","0","0","0","https://x.com/totosuda09/status/1354996094539685888","95441459","totosuda09"
"1353196308597592065","Sun Jan 24 04:21:55 +0000 2021","0","Baru kali ini bosan dengan uang Untung jaman serba digital mau apa2 tinggal gopay","1353196308597592065","","","in","JOGJAKARTA | INDONESIA","0","0","0","https://x.com/unknown0274/status/1353196308597592065","2474643918","unknown0274"
"1352991130267185152","Sat Jan 23 14:52:22 +0000 2021","0","@_moonlightfelix soalnya kl dr pulsa kyknya emg rada gede? wkwkw yg biasa cuma kena 1k itu sesama uang digital gt kyk antar dana shopee ovo gopay","1352992578652672000","","_moonlightfelix","in"," 스트레이키즈 | 에이티즈","0","1","0","https://x.com/kotaksusuayen/status/1352992578652672000","1132621470843072512","kotaksusuayen"
"1347436199502221314","Fri Jan 08 10:58:47 +0000 2021","0","@audahkeselbgt @bogorfess_ itu makanya aku saranin makan nasi biar wareg..haha aeon foodcourtnya ribet kudu mk uang digital sempet makan kwetiauw sapi kudu mk gopay ribet pokonya :( pulangnya ngopi di finch sentul ato versteck pemda enak wifinya kenceng..haha","1347497974998265858","","audahkeselbgt","in","osaka","0","1","0","https://x.com/streets_engine/status/1347497974998265858","3015988158","streets_engine"
"1346656558185254912","Wed Jan 06 03:15:18 +0000 2021","0","Jangan khawatir jika tidak membawa uang cash karena pembayaran bisa dilakukan secaradigital dengan menggunakan OVO Gopay Dana LinkAja! Kredivo akulaku ALIPAY &amp; WeChat Pay. Saat itu juga struk belanja Anda dikirimkan melalui SMS atau E-mail. Mudahkan","1346656561301659648","","listrikklik","in","TNG - JKT - CKR - KRW","0","1","0","https://x.com/listrikklik/status/1346656561301659648","1193705167322894336","listrikklik"
"1346258129680433157","Tue Jan 05 00:52:05 +0000 2021","3","Setelah sekian lama jor-joran dalam adu diskon perusahaan penyedia layanan dompet digital (e-wallet) seperti OVO Gopay dan DANA kini mulai mengerem taktik bakar uang dalam memperbesar jumlah pengguna. #korantempodigital #KoranTempo https://t.co/WMv210gZlg?","1346258129680433157","","","in","Indonesia","0","3","1","https://x.com/korantempo/status/1346258129680433157","20963426","korantempo"
"1345641078733426689","Sun Jan 03 09:42:23 +0000 2021","0","@collegemenfess anaknya ga digital digital bgt tapi gopay ngebantu bgt suh buat yg gapunya kartu atm bisa masukin uang dari atm bca kalo mau trf masukin nomer tlp bisa transport jajan narik uang juga bisa tapi kena admin ehehehhehehehhe","1345666811744772097","","collegemenfess","in","","0","0","0","https://x.com/larasaate/status/1345666811744772097","1156481466622083072","larasaate"
"1339040276904464388","Wed Dec 16 02:50:56 +0000 2020","1","Tenang sekarang kamu bisa kirim digital kado disertai kartu ucapan dengan desain menarik untuk orang tersayang cukup lewat smartphone. Kamu bisa kirim kado berupa transfer uang antar BNI atau antar bank isi saldo LinkAja atau GoPay isi pulsa atau Mobile Tunai. (2/3) https://t.co/H0C2qto4CP","1339040284777189376","https://pbs.twimg.com/media/EpU6CiOVoAEIeO5.jpg","jaringanprima","in","Jakarta","0","1","0","https://x.com/jaringanprima/status/1339040284777189376","170666404","jaringanprima"
"1339013737940840448","Wed Dec 16 01:52:02 +0000 2020","0","@juaraaasatuu @QueenZhuu Beda kk paypal itu kaya ovo / gopay nya internasional gitu lah Kalo crpto itu mata uang digital ada btc eth masih banyak lagi crypto harus punya wallet. Misalnya wallet khusus btc","1339025460819152898","","juaraaasatuu","in","kandang","0","2","0","https://x.com/Akujodoh_kamu/status/1339025460819152898","1157970145387487232","Akujodoh_kamu"
"1337341041989484544","Fri Dec 11 10:18:45 +0000 2020","0","Tweeps sekarang ini masih musim nggak sih ngasih voucher belanja sebagai tanda terima kasih? Atau sudah bergeser ke uang digital macam transfer Gopay/Ovo/Dana/dll.?","1337341041989484544","","","in","","0","2","0","https://x.com/mbakanggun/status/1337341041989484544","81063489","mbakanggun"
"1335918249402195971","Mon Dec 07 16:02:38 +0000 2020","1","@ofdsinarmentari @etheral__ @baddiebrats @yllfxck motor bisa seharga belasan juta tapi kalo nomer hp yang tersambung uang digital seperto ovo dana gopay linkaja credit card ewallet mbanking? lah itu motor gak ada apa-apanya bos","1335978031400198145","","ofdsinarmentari","in","TNG","0","1","0","https://x.com/jayendraff/status/1335978031400198145","194588550","jayendraff"
"1335875621692518400","Mon Dec 07 09:15:42 +0000 2020","1","Gopay bekerja sama dengan Kopernik merilis hasil riset terkait donasi digital. Gen Z ditemukan paling sering donasi dan Gen X menyumbangkan uang paling tinggi. #Gopay https://t.co/dVC9sWxTFA","1335875621692518400","","","in","Jakarta, Indonesia","0","0","1","https://x.com/detikinet/status/1335875621692518400","135815019","detikinet"
"1335873558388625408","Mon Dec 07 09:07:30 +0000 2020","6","Gopay bekerja sama dengan Kopernik merilis hasil riset terkait donasi digital. Gen Z ditemukan paling sering donasi dan Gen X menyumbangkan uang paling tinggi. #Gopay via @detikinet https://t.co/5kcbtcGiaP","1335873558388625408","","","in","","0","0","0","https://x.com/detikcom/status/1335873558388625408","69183155","detikcom"
"1332894848148406272","Sun Nov 29 03:51:10 +0000 2020","72","Give Away 100k untuk 2 orang masing² dapet 50k dalam bentuk gopay ovo dana shopeepay atau uang digital lainnya. Syarat: 1. Rt twit ini 2. Folo salah satu jualanku https://t.co/tNufKk683F atau https://t.co/TPBhOuwZRx atau @Ayo_njajan 3. Ss kalo udah folo End isya nanti.","1332894848148406272","","","in","","3","59","38","https://x.com/diddekarisma/status/1332894848148406272","3506855952","diddekarisma"
"1332883866575519744","Sun Nov 29 03:07:32 +0000 2020","4","Aduh guys gue panik bgt sumpah. Kemarin kan abis jual laptop ya terus duitnya tuh mau dipindahin dari ATM ke digital. Tapi ke DANA ga bisa terus OVO juga trouble akhirnya kirim ke Gopay. Terus w ga tau itu melebihi limit. Uang dari ATMnya berkurang Gopay gua ga keisi ","1332883866575519744","","","in","Depok, Indonesia","0","2","0","https://x.com/andikamalreza/status/1332883866575519744","499262326","andikamalreza"
"1332207676881682434","Fri Nov 27 06:20:36 +0000 2020","2","Sebelumnya TransferWise telah terlebih dulu jalin kerja sama dengan beberapa platform digital wallet lokal tepatnya sejak November 2019 lalu. Pengguna bisa mengirim uang dari luar negeri ke akun Dana Gopay dan Ovo. Dengan isu yang sama beberapa startup Indonesia juga hadir https://t.co/PPzcezyZLd","1332207676881682434","https://pbs.twimg.com/media/Enzz0A2VkAACdCY.jpg","","in","Surabaya","0","1","0","https://x.com/indigospacesub/status/1332207676881682434","2910805843","indigospacesub"
"1328703369347616769","Wed Nov 18 00:07:25 +0000 2020","0","@msaid_didu Mgkin mau gabungkan link aj dg gopay ya.. mau jadi market leader nya uang digital..","1328852275389861889","","msaid_didu","in","","0","0","0","https://x.com/WirawanYoni/status/1328852275389861889","1079602496803196929","WirawanYoni"
"1326543981337997312","Wed Nov 11 21:21:45 +0000 2020","0","@mantriss memang udh saatnya semua pesanan mesti dibayar di muka dgn uang digital mau pake gopay ovo dana dll.ini akan menyusahkan orderan makanan fiktif.di awal2 mungkin akan terjadi penurunan pesanan tp itu satu2nya jalan.","1326636252666318849","","mantriss","in","","0","0","0","https://x.com/scalpeltomorrow/status/1326636252666318849","2917999628","scalpeltomorrow"
"1323867639320616961","Tue Nov 10 08:02:03 +0000 2020","0","@PermataBank https://t.co/hXTQDDgoW9 tf ke lain bank via permata me 2.fitur top up ovo.gopay. simple. mudah .cepat.casback tiap jumat 3.ngopi bisa dpat cashback. waooow 4.fitur reksadana dan obligasi juga oke &amp; bisa jual beli mata uang asing juga 5.kode otp via digital token .","1326072616705118208","","PermataBank","in","Tulungagung, Jawa Timur","0","0","0","https://x.com/RobertYehuda/status/1326072616705118208","767880408121815040","RobertYehuda"
"1322959263715635200","Sun Nov 01 17:52:07 +0000 2020","0","@collegemenfess Tentang olshop aja atau tentang PO (free order) atau tentang uang digital kyk OVO Gopay","1322959622206976001","","collegemenfess","in","khatulistiwa ","0","0","0","https://x.com/fajar_est/status/1322959622206976001","1131237240103768064","fajar_est"
"1319332758741630976","Fri Oct 23 03:38:35 +0000 2020","1","@Okihita Kan uang digital OVO/Gopay/whatever ini...turunannya uang fiat","1319483332535615488","","Okihita","in","Jakarta Metro Area","0","0","0","https://x.com/Andika_CJ/status/1319483332535615488","1859352337","Andika_CJ"
"1312073404804075520","Thu Oct 22 13:02:03 +0000 2020","1","@bank_indonesia Gak tertarik nukar sekarang era digital jadi untuk pembayaran sy pilih kartu debit kredit atau uang digital seperti gopay ovo linkaja ...","1319262745569574912","","bank_indonesia","in","Bandung, Indonesia","0","0","0","https://x.com/F34RantaBdo/status/1319262745569574912","3267883128","F34RantaBdo"
"1319225285846315008","Thu Oct 22 10:33:12 +0000 2020","1","Jaman sekarang TTS nya digital dan bisa dapet hadiah saldo uang elektronik nih! Ada 500 ribu Gopay/OVO untuk 10 orang pemenang. https://t.co/KmtCC2g0Hw","1319225285846315008","https://pbs.twimg.com/media/Ek7UQBEU0AEJERi.jpg","","in","Bandung, Jawa Barat","0","2","0","https://x.com/dayaautoapps/status/1319225285846315008","958555841333944320","dayaautoapps"
"1318740295060660226","Wed Oct 21 02:28:01 +0000 2020","1","@rlthingy Uang digital tuh berarti kayak gopay dan ovo kah? Mending di indonesia bikin biar bisa non tunai. Masalahnya kadang kalau mau bayar pake debit ribet. Banyak biaya admin kalo mesin debitnya gak sesama bank.","1318740795348840448","","rlthingy","in","","0","0","0","https://x.com/pseudoneem/status/1318740795348840448","1057877409179983872","pseudoneem"
"1318109380693299202","Mon Oct 19 08:56:27 +0000 2020","7","Coba tanya ke temen sebelah mu Punya Dompet Uang Elektronik #GoPay #OVO #Dana #LinkAja? Itu mah udah KETINGGALAN ZAMAN Bro. Sekarang mah udah waktunya punya Dompet Uang Digital Kripto. Nih 5 Dompet Kripto yang Mudah dan Memudahkan 1. LUNO https://t.co/YVNS6qUJyU https://t.co/u2qyT0isDW","1318113774667067394","https://pbs.twimg.com/media/EkrhfdHUcAI-Ier.jpg","Digitalogi","in","Jakarta Capital Region, Indone","0","1","5","https://x.com/Digitalogi/status/1318113774667067394","15787224","Digitalogi"
"1314792196348866562","Sat Oct 10 04:57:41 +0000 2020","0","sekarang ya sangking banyaknya uang digital bngung tau mau isi saldo yg mana. ada gopay ovo shopeepay dana dll belum lagi klo habisnya bersamaan monanges","1314792196348866562","","","in","‼️𝗥𝗘𝗔𝗗 𝗖𝗔𝗥𝗥𝗗 𝗕𝗬𝗙‼️","0","1","0","https://x.com/moatokkies/status/1314792196348866562","1097622769032806400","moatokkies"
"1310119666476486658","Sun Sep 27 07:30:43 +0000 2020","2","Minta bantuan temen2 semua untuk ngisi survei penelitian S1 yang lagi dikerjakan sm aku linknya ada dibawah: https://t.co/DpUUSnKhH4 Ada hadiahnya juga loh untuk orang tepilih bisa dapat pulsa atau uang digital semisal OVO atau Gopay Makasih banyak buat yang sudah ngisi ","1310119666476486658","","","in","","0","1","1","https://x.com/SulthonAlif/status/1310119666476486658","612483265","SulthonAlif"
"1309656092733919237","Sat Sep 26 00:48:39 +0000 2020","0","Ketika mata uang berubah jadi digital yg kutakutkan si provider uang digital itu nyetak uang seenaknya Ex. Gojek bikin gopay ketika gopay jadi alat pembayaran utama si gojek nyetak gopay sendiri pun susah ketauan kan Sistem keuangan modern semakin membingungkan any explain??","1309656092733919237","","","in","","0","1","0","https://x.com/theluckiestboy/status/1309656092733919237","1075090106770309121","theluckiestboy"
"1309459826724880389","Fri Sep 25 11:48:45 +0000 2020","0","Minta bantuannya buat temen2 untuk mengisi survei penelitan S1 yang sedang dikerjain linknya ada dibawah ini: https://t.co/DpUUSnKhH4 Ada hadiahnya juga buat 10 orang yang beruntung dapet 50K pulsa/uang digital kaya gopay atau OVO Makasih sebelumnya buat yang udah ngisi :)","1309459826724880389","","","in","","0","0","1","https://x.com/SulthonAlif/status/1309459826724880389","612483265","SulthonAlif"
"1306420172903784449","Thu Sep 17 02:30:26 +0000 2020","0","Pilih salah satu metode pembayaran uang digital. LindungiHutan telah menyediakan fitur GoPay OVO dan LinkAja! untuk mempermudah donasi kamu https://t.co/tDFKX6459b","1306420217224990721","https://pbs.twimg.com/media/EiFWQprUMAAhyOX.jpg","LindungiHutan","in","Central Java, Indonesia","0","1","0","https://x.com/LindungiHutan/status/1306420217224990721","788375250815844352","LindungiHutan"
"1304303812086120449","Fri Sep 11 06:20:38 +0000 2020","0","Para pembeli biasanya membayar belanja tersebut dengan teknologi uang elektronik dan dompet digital seperti transfer bank Dana OVO Gopay ShopeePay maupun Link Aja.","1304303822471274497","","q_kotaro","in","","0","1","0","https://x.com/q_kotaro/status/1304303822471274497","1233666860949889025","q_kotaro"
"1304011356589273088","Thu Sep 10 10:58:29 +0000 2020","0","diantara semua uang digital yang pernah tak cobain gopay ovo dana linkaja ternyata menurutku yang paling enak LinkAja. karena dia ada fitur nambah saldo sendiri gak pernah topup tiba-tiba ada saja saldo masuk wkwk","1304011356589273088","","","in","Surabaya, East Java, Indonesia","0","1","0","https://x.com/kanaaka/status/1304011356589273088","66314279","kanaaka"
"1300240517796630528","Mon Aug 31 01:14:31 +0000 2020","0","Gak Bawa Uang Tunai? Dont Worry!! Gojan sudah punya QRIS pembayaran digital kekinian. Pake Ovo Gopay Dana dan Beli apapun semua bisa... Pake #QRIS pembayaran muda dan aman! https://t.co/dPjb0u4z4a","1300240517796630528","","","in","Kota Manado, Sulawesi Utara","0","0","0","https://x.com/Gojan_official/status/1300240517796630528","1297914423135178754","Gojan_official"
"1298598762818961410","Wed Aug 26 12:30:46 +0000 2020","1","KITZ VALVE Authorized Distributor SELAMAT kepada @ferriseptianus &amp; @mitapurnama29 yang telah memenangkan #merdeka Giveaway @sinarmassakti. Setiap pemenang akan mendapatkan uang digital ovo_id atau @GOPAY_ID https://t.co/tBfSwNkhDC","1298598762818961410","","","in","Jakarta Capital Region, Indone","0","0","0","https://x.com/sinarmassakti/status/1298598762818961410","2160610698","sinarmassakti"
"1297566014910033920","Tue Aug 25 18:18:31 +0000 2020","0","@Dukung_PPATK Skrg ini mdh sekali..setor tunai via ATM ke rekening teman2nya...kmdn teman2nya tsb mentransfer ke rek2 lain yg dikendalikan oleh si pelaku pidana tsb. Atau modus nambah saldo uang digital (Gopay OVO Dana dsb) mlalui Indomaret dsb..dr rek2 uang digital tsb dikrm ke rek lain.","1298323889060077569","","Kita_AMLTF","in","","0","0","0","https://x.com/ntar_yaa/status/1298323889060077569","786451134","ntar_yaa"
"1294189864255197186","Fri Aug 14 08:31:23 +0000 2020","0","KITZ VALVE Authorized Distributor Dapatkan hadiah uang digital ovo_id atau @GOPAY_ID dengan total senilai Rp.200.000 - untuk 2 orang pemenang #merdeka Giveaway Cara mengikuti sangat gampang; 1. Like postingan https://t.co/awAgh1jBBM","1294189864255197186","","","in","Jakarta Capital Region, Indone","0","1","0","https://x.com/sinarmassakti/status/1294189864255197186","2160610698","sinarmassakti"
"1293951264993075200","Thu Aug 13 16:43:16 +0000 2020","0","@gopayindonesia asli ini customer service nya gopay paling gak respond dan gak memberi solusi. Apps uang digital sebelah aja cashbacknya yg gak masuk2 di cek transaksinya sama CS nya dan d kasih jawaban jelas dan gak gantung.","1293951264993075200","","gopayindonesia","in","Jakarta Capital Region, Indone","0","0","0","https://x.com/Kupukupupompom/status/1293951264993075200","1266767263777951744","Kupukupupompom"
"1293715781541171200","Thu Aug 13 01:55:37 +0000 2020","0","@ppeonha @jeleoldin Gopay gitu kan sama aja uang juga. Cuma bentuknya digital aja. Segala yang cair dan bisa langsung dipakai untuk transaksi","1293727878962491393","","ppeonha","in","","0","0","0","https://x.com/kinsugikid/status/1293727878962491393","505796564","kinsugikid"
"1292443745552482304","Sun Aug 09 13:23:55 +0000 2020","0","@ravenadita This is true kalo dapet uang pasti ada alokasi ke bentuk digital. Btw gamau ngisiin aku gopay ven?","1292451544323862528","","ravenadita","in","","0","1","0","https://x.com/MFaathirA/status/1292451544323862528","359287942","MFaathirA"
"1290996946208006145","Wed Aug 05 13:03:52 +0000 2020","0","KITZ VALVE Authorized Distributor SELAMAT kepada https://t.co/e8HdzEBLhF &amp; emiharahap yang telah memenangkan #qurban Giveaway @sinarmassakti. Setiap pemenang akan mendapatkan uang digital ovo_id atau @GOPAY_ID senilai https://t.co/ZbkF9Xpt0X","1290996946208006145","","","in","Jakarta Capital Region, Indone","0","0","0","https://x.com/sinarmassakti/status/1290996946208006145","2160610698","sinarmassakti"
"1290127333324554245","Tue Aug 04 16:05:31 +0000 2020","0","@ZahraNovi @kangenbilang @PenjahatGunung @metahillry Makanya mbak lagi pandemic gini meminimalisir penggunaan cash enakan pake uang digital. Aneh juga sih ga mau make uanh digital. Tips nya juga aku leway gopay","1290680273894424582","","ZahraNovi","in","","0","0","0","https://x.com/meowpuff8699/status/1290680273894424582","1287425618485813248","meowpuff8699"
"1290127333324554245","Tue Aug 04 16:03:57 +0000 2020","0","@kangenbilang @PenjahatGunung @metahillry Emang pake gopay susah ya? . Gw masa covid gini ga mau pegang cash. Semua udah cashless. Kalau tukang sayur bisa pake uang digital gw pake uang digital juga . Seriusan nanya ?.","1290679878707077120","","kangenbilang","in","","0","0","0","https://x.com/meowpuff8699/status/1290679878707077120","1287425618485813248","meowpuff8699"
"1288989698770128897","Fri Jul 31 00:18:01 +0000 2020","0","Pengen banget semua perusahaan uang digital itu kerjasama. Jadi biaa transfer antar ovo-gopay-shopeepay-dana. Jadi ya enak klo lagi jalan pas m bayar bisa langsung","1288992275054260224","","BangPae_","in","didalam sanubari","0","1","0","https://x.com/BangPae_/status/1288992275054260224","64874580","BangPae_"
"1287936522323255296","Tue Jul 28 04:45:05 +0000 2020","0","@nigiyakanaa @hali_halaa Uang digital... (Ovo gopay dll)","1287972319814537216","","sugariingcandi","in","","0","0","0","https://x.com/Mohamma41544847/status/1287972319814537216","1285400187284774913","Mohamma41544847"
"1286880249985118209","Mon Jul 27 05:42:33 +0000 2020","0","@cryptowid @RupiahTokenIDRT @Fuse_network Apa maksud Dan tujuan untuk mencjptakan idrt token ini? Apakah nanti nya akan menjadi Salah satu Maya uang digital seperti gopay ovo dsb. ? Secara regulasi diindonesia masih belum memungkinkan untuk menjadikan crypto sebagai alat pembayaran @Zackdani5 @Tuyulcrypto2 @darimano1","1287624397734285315","","cryptonewsidn","in","Tasikmalaya, Jawa Barat","0","0","0","https://x.com/tammazain13/status/1287624397734285315","543157852","tammazain13"
"1287377409163931650","Sun Jul 26 13:21:07 +0000 2020","6","Halte Transjakarta sekarang punya Vending Machine khusus yang multifungsi. Bisa beli kartu jak lingko cek &amp; top up saldo kartu bayar listrik air bpjs inet dll hingga isi saldo gopay pun ada. Bisa bayar pake tunai (uang pas ya!) atau dompet digital. https://t.co/UuolvTFBzm https://t.co/xvF34nff9K","1287377409163931650","https://pbs.twimg.com/media/Ed2t001U4AAyILn.jpg","","in","indonesia","1","0","0","https://x.com/Lenny_diary/status/1287377409163931650","379008920","Lenny_diary"
"1286601856316321793","Fri Jul 24 09:59:21 +0000 2020","0","KITZ VALVE Authorized Distributor Dapatkan hadiah uang digital ovo_id atau @GOPAY_ID senilai @ Rp.100.000 - untuk 2 orang pemenang #qurban Giveaway Cara mengikuti sangat gampang; 1. Like postingan ini. 2. Follow https://t.co/awlG8s5jdj","1286601856316321793","","","in","Jakarta Capital Region, Indone","0","0","0","https://x.com/sinarmassakti/status/1286601856316321793","2160610698","sinarmassakti"
"1286515170856951808","Fri Jul 24 04:15:05 +0000 2020","0","Bagi sebuah bisnis yang ingin terus beradaptasi menjadi fleksibel dengan pembayaran online itu sangat penting. Gimana jadinya coba kalau kita belum bisa menerima pembayaran digital seperti GoPay OVO dan Dompet Digital lainnya saat pelanggan tidak membawa uang tunai?","1286515221230575616","","Gomodo_official","in","Indonesia","0","1","0","https://x.com/Gomodo_official/status/1286515221230575616","1092279611864436737","Gomodo_official"
"1286141418688229377","Thu Jul 23 03:29:44 +0000 2020","0","@gopayindonesia company sy pake gopay dan uang tdk bs di cairkan sejak akhir April! Email complain di jawab semua pegawai lg WFH sd Desember ‍️. Telpon ke CS selalu dijawab sedang di proses . OMG digital company kerja nya lamban dan gak profesional bener #GopayIndonesia","1286141418688229377","","gopayindonesia","in","jakarta","0","0","0","https://x.com/MrDharmaS/status/1286141418688229377","55574039","MrDharmaS"
"1285174785962471425","Mon Jul 20 11:28:41 +0000 2020","7","Siapa nih yang nungguin hasil Teka Teki Penyiaran? Selamat untuk @huuriiaa_ &amp; @wismal1204 kalian pemenang Teka Teki Penyiaran Kominfo di twitter ya. Untuk lebih lengkapnya DM minfo no. handphone dan layanan uang digital yang kalian inginkan (gopay/ovo/linkaja). https://t.co/7MF1US0zBI","1285174785962471425","https://pbs.twimg.com/media/EdXbkZRUYAAagFh.png","","in","Jakarta Indonesia","1","4","0","https://x.com/kemkominfo/status/1285174785962471425","177848697","kemkominfo"
"1283687756703526913","Thu Jul 16 09:08:48 +0000 2020","0","@Akwkmw Convert pulsa jdi nantinya kamu tf plsa terus plsanya diganti jdi uang digital bisa gopay ovo dana atau atm","1283690032943906816","","Happyowlz","in","Bogor","0","1","0","https://x.com/elcarns/status/1283690032943906816","3091829418","elcarns"
"1280735388579979264","Wed Jul 08 05:42:35 +0000 2020","0","@jodohaechan_ minta uang jajannya dalam bentuk digital aja kek gopay/ovo/dana gitu ","1280739035661516805","","haechnluvie","in","","0","1","0","https://x.com/somiwonysbt/status/1280739035661516805","852884213900509184","somiwonysbt"
"1280068056673210368","Mon Jul 06 09:16:21 +0000 2020","4","Selamat untuk @ET_Febrian kamu pemenang Teka Teki Penyiaran Kominfo di twitter ya. Untuk lebih lengkapnya DM minfo no. handphone dan layanan uang digital yang kalian inginkan (gopay/ovo/linkaja). Buat yang belum menang jangan bersedih hati. Masih ada kuis selanjutnya kok! https://t.co/5cuxD3jytZ","1280068056673210368","https://pbs.twimg.com/media/EcO2qL6UwAECZHe.jpg","","in","Jakarta Indonesia","0","4","2","https://x.com/kemkominfo/status/1280068056673210368","177848697","kemkominfo"
"1278713920690110469","Thu Jul 02 20:08:47 +0000 2020","0","@linkaja Ini maksudnya gimana? Jadi sebagai pengguna linkaja kita bisa menerima uang dari dompet digital lain seperti gopay atau ovo?","1278782694290161664","","linkaja","in","","0","0","0","https://x.com/yudiardianns/status/1278782694290161664","1074588442997153792","yudiardianns"
"1278566798200193025","Thu Jul 02 05:50:53 +0000 2020","2","Setelah dipilih secara acak maka yang beruntung mendapatkan hadiah uang digital masing-masing 100ribu rupiah (berupa OVO/GOPAY/LINK AJA atau Voucher Pulsa/Data) adalah @zaenal_arifin54 @mahardikasandy dan @wgs1996 #YNWA","1278566798200193025","","","in","","0","4","1","https://x.com/untingunting/status/1278566798200193025","281466712","untingunting"
"1277878304230400006","Tue Jun 30 08:16:26 +0000 2020","8","Selamat kepada @therealdankris @anansmr24 @isnarachmaa @dodot88 @Vera_MB4R Kalian dapat hadiah uang digital masing-masing sebesar 100rb rupiah. Silahkan DM nama dan no.hp ya serta pilih ovo/gopay/linkaja.","1277878649169969152","","kemkominfo","in","Jakarta Indonesia","1","11","2","https://x.com/kemkominfo/status/1277878649169969152","177848697","kemkominfo"
"1275696055426916352","Wed Jun 24 14:06:28 +0000 2020","0","@padangsariku @vitta_mangelep Ecash Ovo gopay ATM Cheque Giro Obligasi dll itu Uang Giral Uang rupiah yg kita pake sehari-hari (Uang Cash) baik logam/kertas = Uang Kartal Selengkapnya https://t.co/xs48nV5wFA","1275792411071938565","","","in","","0","0","0","https://x.com/evalez_fr/status/1275792411071938565","108235896","evalez_fr"
"1275767279817547776","Wed Jun 24 12:26:36 +0000 2020","0","KITZ VALVE Authorized Distributor SELAMAT kepada stewartbowie zurtum.naima yang telah memenangkan #graduation #giveaway @sinarmassakti. Setiap pemenang akan mendapatkan uang digital ovo_id atau @GOPAY_ID senilai https://t.co/kBDUcj9Jwa","1275767279817547776","","","in","Jakarta Capital Region, Indone","0","0","0","https://x.com/sinarmassakti/status/1275767279817547776","2160610698","sinarmassakti"
"1275340232603230208","Tue Jun 23 08:09:40 +0000 2020","0","staring : mang cilok &amp; me me : mang beli cilok bisa bayar pake gopay? mc : gopay teh apa a? me : uang digital mc : gak ada gopay a cash goceng ini. me : belum ditransfer ke bank. mc : mending gak perlu ada gopay ya a ribet. me : haha gak jadi mang beli ciloknya gada duit. ","1275340232603230208","","","in","nowhere ","0","0","0","https://x.com/hasanbasoig/status/1275340232603230208","408331231","hasanbasoig"
"1274901157203316737","Mon Jun 22 03:04:57 +0000 2020","0","#giveaway Reposted from @sinarmassakti KITZ VALVE Authorized Distributor Dapatkan hadiah uang digital ovo_id atau @GOPAY_ID senilai @ Rp.100.000 - untuk 2 orang pemenang #graduation giveaway Cara mengikuti https://t.co/BhUx669op9","1274901157203316737","","","in","♡jEsUs","0","0","0","https://x.com/Sriamah_sitorus/status/1274901157203316737","276994166","Sriamah_sitorus"
"1273571864057528325","Thu Jun 18 11:02:48 +0000 2020","0","Katanya mergernya dana dan ovo untuk mengurangi aksi bakar uang sekaligus menyaingi gopay yg berada diatas untuk dompet digital di Indonesia. Apakah mereka mampu untuk menyaingi kalau mereka mengurangi aksi bakar uang. Padahal konsumen suka dengan mereka karena bakar uang","1273571864057528325","","","in","","0","1","0","https://x.com/Mrfathonii/status/1273571864057528325","2152451048","Mrfathonii"
"1273281821610881024","Wed Jun 17 15:56:11 +0000 2020","0","@subtanyarl Ya tetep saldo gopay lah.. Kalo lu tf saldo gopay ke rekening terus tarik tunai. Baru.. jadi bentuk duit bisa lu pegang Yawes intinya klo dri akun go ke go jdinya tetep uang digital","1273283307518570496","","subtanyarl","in","unkown ","0","0","0","https://x.com/ickirmin/status/1273283307518570496","1266040364336427014","ickirmin"
"1273056062359232512","Wed Jun 17 02:45:22 +0000 2020","0","@gesti_07 Udah lama itu ges mereka mau ngalahin dominasi gopay diperingkat 1 dompet digital beberapa taun ini. Yg menarik itu justru inves fb dgojek. Dengan libra sebagai mata uang digital fb dan gopay sbg dompet digital","1273084292663410688","","gestiuu","in","","0","1","0","https://x.com/Mrfathonii/status/1273084292663410688","2152451048","Mrfathonii"
"1271750067314098176","Sat Jun 13 10:23:38 +0000 2020","1","Info dari @sinarmassakti KITZ VALVE Authorized Distributor Dapatkan hadiah uang digital ovo_id atau @GOPAY_ID senilai @ Rp.100.000 - untuk 2 orang pemenang #graduation giveaway Cara mengikuti sangat gampang; 1. https://t.co/tmo5RBA4iF","1271750067314098176","","","in","Tasikmalaya, Jawa Barat","0","0","0","https://x.com/beritakuiss/status/1271750067314098176","708171490798080002","beritakuiss"
"1271342170872545280","Fri Jun 12 14:42:48 +0000 2020","0","@detikcom @CNNIndonesia 1. Masker wajah 2. Hand Sanitizer 3. Uang digital (Ovo / Gopay ) agar tidak kontak langsung dengan orang lain #NewNormalNewSpirit","1271452899655118858","","detikcom","in","Batam City","0","0","0","https://x.com/FKE09/status/1271452899655118858","551703481","FKE09"
"1271398836238516229","Fri Jun 12 11:07:58 +0000 2020","6","KITZ VALVE Authorized Distributor Dapatkan hadiah uang digital ovo_id atau @GOPAY_ID senilai rp.100.000 - untuk 2 orang pemenang #graduation giveaway Cara mengikuti sangat gampang; 1. Like postingan ini. 2. https://t.co/jlXCMVj1mA","1271398836238516229","","","in","Jakarta Capital Region, Indone","0","3","2","https://x.com/sinarmassakti/status/1271398836238516229","2160610698","sinarmassakti"
"1271390708067381249","Fri Jun 12 10:35:40 +0000 2020","5","KITZ VALVE Authorized Distributor Dapatkan hadiah uang digital ovo_id atau @GOPAY_ID senilai rp.100.000 - untuk 2 orang pemenang #graduation giveaway Cara mengikuti sangat gampang; 1. Like postingan ini. 2. https://t.co/NjkN4fYJj7","1271390708067381249","","","in","Jakarta Capital Region, Indone","0","0","1","https://x.com/sinarmassakti/status/1271390708067381249","2160610698","sinarmassakti"
"1270707916119502849","Wed Jun 10 13:22:30 +0000 2020","0","W paling males kl masalah uang uangan pake digital tuh sbnernya... Ovo gopay aja diisi kl emg bener mo dipake aja. Jenius gapunya. Blm pake internet banking jd kl mo transfer ina inu ya kudu k atm Sungguh kolot diri ini","1270707916119502849","","","in","Bandung, Indonesia","0","0","0","https://x.com/auliacami/status/1270707916119502849","1647971845","auliacami"
"1270691355900010503","Wed Jun 10 12:22:37 +0000 2020","1","@akiraalzena Kartu pembelian pulsa atau paket digital via aplikasi bayar via mbanking atau uang digital macam ovo atau gopay paling mentok bisa di Indomaret.","1270692846664691712","","dralzena","in","Bandung, Indonesia","0","1","0","https://x.com/marcspecqtor/status/1270692846664691712","227605208","marcspecqtor"
"1267327024227471361","Mon Jun 01 05:28:03 +0000 2020","0","New normal kondangan: ngado pakai uang digital (dana ovo gopay dll) gak perlu resepsi ","1267327024227471361","","","in","Pasuruan, Jawa Timur","0","1","0","https://x.com/firmaanaji/status/1267327024227471361","546017214","firmaanaji"
"1266350440402182145","Fri May 29 13:53:21 +0000 2020","0","@LuckyLUV48 @indostruggles Maksudnya hadiahnya berupa uang yang akan dikirim lewat dompet digital pilihan kakak bisa gopay ovo link aja dll (bulan promosi)","1266367027213512712","","rielzean","in","Indonesia","0","0","0","https://x.com/petabencana/status/1266367027213512712","2276880895","petabencana"
"1264369251638407168","Sun May 24 01:34:55 +0000 2020","0","maaf ya gaada uang cash jdi ga ngasih thr HEYHEY diriku bakal list dompet digital yg saya punya kek ovo gopay dana jenius. bruh sudah canggih jmn skrng","1264369251638407168","","","in","kamar","0","1","0","https://x.com/khancache/status/1264369251638407168","2459614038","khancache"
"1263537474342539264","Thu May 21 18:29:43 +0000 2020","9","kata ganti gopay/ovo itu apa ya yg enak buat ditulis di caption kuis? kalo uang digital atau voucher digital keknya aneh ga sih?","1263537474342539264","","","in","","1","17","0","https://x.com/howtodresvvell/status/1263537474342539264","1247811186957012992","howtodresvvell"
"1250274161101901825","Tue May 19 17:01:12 +0000 2020","1","@Mentimoen Moen sistem Cryptocurrency di China apa sama dengan Gopay Ovo Dana dst yg ada di Indonesia. Kalau sama berarti Indonesia sdh siap dgn adanya peralihan dari uang kertas ke dompet digital ya moen?","1262790419177369601","","Mentimoen","in","","0","1","0","https://x.com/Sa_Ramadhan1/status/1262790419177369601","151491744","Sa_Ramadhan1"
"1261309023824961536","Fri May 15 15:24:40 +0000 2020","0","Dengan adanya perbedaan sistem ekonomi dan perbankan antara dunia jin dan dunia manusia maka sudah jelas bahwa jin tidak bisa mengirimkan uang ke uang digital kita seperti ovo dana dan gopay. #Kemanatuyul","1261316577997160450","","Harmadhani","in","Indonesia","0","1","0","https://x.com/Harmadhani/status/1261316577997160450","48214766","Harmadhani"
"1261309023824961536","Fri May 15 15:18:17 +0000 2020","0","Lalu bila siluman ngepet ini perlu media pintu dinding atau jendela untuk bisa melancarkan aksinya. Bagaimana dia bisa mencuri uang dari uang digital seperti ovo dana dan gopay? Jawabanya tidak bisa! #kemanatuyul","1261314970513358848","","Harmadhani","in","Indonesia","0","1","0","https://x.com/Harmadhani/status/1261314970513358848","48214766","Harmadhani"
"1261309023824961536","Fri May 15 14:54:39 +0000 2020","0","[a thread] Penasaran deh Apakah dengan semakin berkembangnya uang digital seperti OVO Gopay Dana akan membuat Tuyul Babi Ngepet Tikus ngepet Kelelawar Ngepet dan Jin kehilangan pekerjaan mereka? #teknologivsduniagaib #kemanatuyul","1261309023824961536","","","in","Indonesia","0","1","0","https://x.com/Harmadhani/status/1261309023824961536","48214766","Harmadhani"
"1259987849534771200","Mon May 11 23:25:39 +0000 2020","0","Bagaimana dengan Indonesia? Dengan semakin banyaknya penyedia layanan dompet digital seperti GoPay Ovo Dana dan lainnya tentu bisa menjadi salah satu pertahanan diri terhadap penularan COVID-19. Jadi jika bisa contactless kenapa harus bayar dengan uang kertas?","1259988065864445952","","ndrerahadian","in","Jakarta Capital Region","0","0","0","https://x.com/ndrerahadian/status/1259988065864445952","3819735252","ndrerahadian"
"1259406242910318597","Sun May 10 09:02:55 +0000 2020","0","@helmaaaaaaaaaa shopeepay itu uang digital kak kaya gopay gitu lho tinggal di top up dulu ","1259408564277219330","","helmaaaaaaaaaa","in","racunbelanja@gmail.com","0","2","0","https://x.com/RacunBelanja/status/1259408564277219330","1168336921237409792","RacunBelanja"
"1257273135264608257","Mon May 04 11:41:52 +0000 2020","0","@detikcom @detikfood harusnya order makanan itu wajib pake uang digital. gopay/ovo/dana/link dan sejenisnya.","1257274239679254530","","detikcom","in","jakarta","0","0","0","https://x.com/fiermanmuch/status/1257274239679254530","33422110","fiermanmuch"
"1257157292014723073","Mon May 04 03:57:09 +0000 2020","0","Yang mau convert pulsa jadi uang ke cv roleplayer yuk atau langsung kepoin ig nya @convert_rp. Info rate; Telkomsel 0.80 Axis/XL 30k-100k 0.80 Axis/XL 101 ke atas 0.82 Support to bank BRI/BNI/BCA/Mandiri Support dompet digital ovo/dana/gopay/Shopee pay #convertpulsa #zonauang https://t.co/wD3eEq8AuV","1257157292014723073","https://pbs.twimg.com/media/EXJR3LmU0AArR1y.jpg","","in","","0","0","0","https://x.com/ConvertRp/status/1257157292014723073","1226789256518983680","ConvertRp"
"1255495266767196166","Wed Apr 29 13:52:52 +0000 2020","0","Blockchain Pada masa yang serba digital persepsi tentang uang mulai mengalami perubahan. Transaksi dilakukan secara digital mulai dari pemesanan hingga pembayaran. Uang elektronik seperti samsungpay gopay ovo dan semacamnya bermunculan.","1255495266767196166","","","in","","0","1","0","https://x.com/NoName07394883/status/1255495266767196166","997919291742801920","NoName07394883"
"1253613224278274048","Fri Apr 24 13:58:19 +0000 2020","0","@detikcom @detikfinance Kalau semua sudah pakai smartphone pakai uang digital bisa mengurangi penyebaran virus. Bekerja sama dg jasa digital-money (ovo gopay dana) berupa voucher diskon pembelian sembako atau saldo uang digital jadi kan g perlu cetak uang meski tetep beban hutang numpuk...","1253684699244843012","","detikcom","in","Indonesia","0","0","0","https://x.com/agmptra/status/1253684699244843012","373963743","agmptra"
"1253657029119442944","Fri Apr 24 12:08:22 +0000 2020","11","KITZ VALVE Authorized Distributor Dapatkan hadiah uang digital ovo_id atau @GOPAY_ID senilai rp.100.000 - untuk 3 orang pemenang #berkahramadhan giveaway Cara mengikuti sangat gampang; 1. Like postingan ini. 2. https://t.co/HKt6jyBZfp","1253657029119442944","","","in","Jakarta Capital Region, Indone","0","16","2","https://x.com/sinarmassakti/status/1253657029119442944","2160610698","sinarmassakti"
"1253616482883338240","Fri Apr 24 09:37:47 +0000 2020","0","@detikcom @detikfinance jelas China terdepan dalam Mata uang digital khususnya dalam teknologi blockchain namun mereka masih menerapkan sistem Centralisasi bukan decentralisasi sementara FB masih ngotot meluncurkan Libra sementara indonesia masih jmn kuno dgn Gopay DANAku OVO","1253619134698450944","","detikcom","in","Hamburg, Germany","0","1","0","https://x.com/seven_yakuza71/status/1253619134698450944","416961056","seven_yakuza71"
"1252339882896224256","Mon Apr 20 20:54:30 +0000 2020","21","Kubur mimpi untuk pegang uang tunai dari Kartu Prakerja. Karena yang diterima adalah dalam bentuk SALDO NONTUNAI pada platform digital (Gopay OVO dkk). Tidak dapat diubah dalam bentuk uang tunai. https://t.co/MdbFnIpie4","1252339882896224256","","","in","🇮🇩 Indonesia","1","5","9","https://x.com/masaryaduta/status/1252339882896224256","1248726242","masaryaduta"
"1250984450030137348","Fri Apr 17 03:08:29 +0000 2020","7","Baru nemu modus penipuan baru. 1. Jangan pernah mau kalau diminta foto Selfie dengan KTP. Contoh : mau lamar kerja tapi lamaran lewat online dia minta foto Selfie KTP ternyata di pakai buat pinjaman online. Ataupun minta foto buat uang digital kaya ovo gopay dll. JANGAN PERNAH","1250984450030137348","","","in","Bandar Lampung, Lampung","0","2","1","https://x.com/BimbelDance/status/1250984450030137348","1552293002","BimbelDance"
"1250825077983113219","Thu Apr 16 16:37:58 +0000 2020","0","membeli semuanya dalam bentuk angka digital bayar parkir pakai ovo atau gopay. mendaftarkan asuransi jiwa dengan bitcoin. sungguh tidak masuk akal kemajuan ini bre. semakin sedikit orang memegang uang semakin bernilai uang tersebut. tapi bukanya semakin banyak akses yak? hmm","1250825773822271490","","letareo","in","","0","1","0","https://x.com/letareo/status/1250825773822271490","1089044090","letareo"
"1250443323505967104","Wed Apr 15 15:18:15 +0000 2020","1","Yuk belanja Cashless! Lebih Mudah Lebih Praktis Lebih Aman Daripada susah2 ambil uang di ATM kamu bs membayar Non Tunai dengan menggunakan Kartu Debit / Kartu Kredit dompet digital (gopay OVO Dana) atau juga bisa dengan scan QR Code. https://t.co/s4NXCGVzF7","1250443323505967104","https://pbs.twimg.com/media/EVp3kdFUwAINGRC.jpg","","in","Jakarta","0","1","1","https://x.com/FarmersMarket99/status/1250443323505967104","264112222","FarmersMarket99"
"1248448062340685824","Fri Apr 10 03:25:40 +0000 2020","0","@jeonimx yaampun skrg tuh banyak uang digital kek dana ovo gopay ..... gaperlu cash tau gaa xp","1248452058128076801","","sinfulest","in","𝕤𝕦𝕓 - 𝕟𝕤𝕗𝕨","0","1","0","https://x.com/dejunxian/status/1248452058128076801","3188271487","dejunxian"
"1247931671816450049","Wed Apr 08 16:57:50 +0000 2020","0","Deposit Dari Semua Bank Local Dan Uang Digital (Ovo Gopay pulsa XL dan Telkomsel) * Hubungi Kami : Line : ItuBola WeChat : Itubola Whatsapp : +85517696120 Promo Cashback 5% Link Alternatif ituBola: https://t.co/GqaWuqHpfX https://t.co/ZymkotlVO9","1247931671816450049","https://pbs.twimg.com/media/EVGLBM4U0AEQfl6.jpg","","in","","0","0","0","https://x.com/ItuBola_offcial/status/1247931671816450049","1198662221225578496","ItuBola_offcial"
"1247658839081533440","Tue Apr 07 22:53:42 +0000 2020","0","Deposit Dari Semua Bank Local Dan Uang Digital (Ovo Gopay pulsa XL dan Telkomsel) * Hubungi Kami : Line : ItuBola WeChat : Itubola Whatsapp : +85517696120 Promo Cashback 5% #agentjudionline #agenterpecaya #bolaonline Link Alternatif ituBola: https://t.co/GqaWuqHpfX https://t.co/fYcUDdVhfq","1247658839081533440","https://pbs.twimg.com/media/EVCBx3IUwAEWyE6.jpg","","in","","0","0","0","https://x.com/ItuBola_offcial/status/1247658839081533440","1198662221225578496","ItuBola_offcial"
"1247633472304238593","Tue Apr 07 21:12:54 +0000 2020","0","Deposit Dari Semua Bank Local Dan Uang Digital (Ovo Gopay pulsa XL dan Telkomsel) * Hubungi Kami : Line : ItuBola WeChat : Itubola Whatsapp : +85517696120 Promo Cashback 5% #agentjudionline #agenterpecaya #bolaonline Link Alternatif ituBola: https://t.co/GqaWuqHpfX https://t.co/Riplwsb8fb","1247633472304238593","https://pbs.twimg.com/media/EVBsQ0uU4AAwHRO.jpg","","in","","0","0","0","https://x.com/ItuBola_offcial/status/1247633472304238593","1198662221225578496","ItuBola_offcial"
"1247263102447407104","Mon Apr 06 20:41:11 +0000 2020","0","Deposit Dari Semua Bank Local Dan Uang Digital (Ovo Gopay pulsa XL dan Telkomsel) * Hubungi Kami : Line : ItuBola WeChat : Itubola Whatsapp : +85517696120 Promo Cashback 5% #agentjudionline #agenterpecaya #bolaonline Link Alternatif ituBola: https://t.co/GqaWuqHpfX https://t.co/M9UpbaPpnD","1247263102447407104","https://pbs.twimg.com/media/EU8rIi2UwAYD1Jl.jpg","","in","","0","0","0","https://x.com/ItuBola_offcial/status/1247263102447407104","1198662221225578496","ItuBola_offcial"
"1247251329963012097","Mon Apr 06 19:54:24 +0000 2020","0","Deposit Dari Semua Bank Local Dan Uang Digital (Ovo Gopay pulsa XL dan Telkomsel) * Hubungi Kami : Line : ItuBola WeChat : Itubola Whatsapp : +85517696120 Promo Cashback 5% #agentjudionline #agenterpecaya #bolaonline Link Alternatif ituBola: https://t.co/GqaWuqHpfX https://t.co/6gg59OadpN","1247251329963012097","https://pbs.twimg.com/media/EU8gcxPUYAAo5fn.jpg","","in","","0","0","0","https://x.com/ItuBola_offcial/status/1247251329963012097","1198662221225578496","ItuBola_offcial"
"1246908355953569792","Sun Apr 05 21:11:33 +0000 2020","0","Deposit Dari Semua Bank Local Dan Uang Digital (Ovo Gopay pulsa XL dan Telkomsel) * Hubungi Kami : Line : ItuBola WeChat : Itubola Whatsapp : +85517696120 Promo Cashback 5% #agentjudionline #agenterpecaya #bolaonline Link Alternatif ituBola: https://t.co/GqaWuqHpfX https://t.co/NcnHWzjFSC","1246908355953569792","https://pbs.twimg.com/media/EU3j2GUUMAAGmWP.jpg","","in","","0","0","0","https://x.com/ItuBola_offcial/status/1246908355953569792","1198662221225578496","ItuBola_offcial"
"1246876391921999875","Sun Apr 05 19:04:32 +0000 2020","0","Deposit Dari Semua Bank Local Dan Uang Digital (Ovo Gopay pulsa XL dan Telkomsel) * Hubungi Kami : Line : ItuBola WeChat : Itubola Whatsapp : +85517696120 Promo Cashback 5% #agentjudionline #agenterpecaya #bolaonline Link Alternatif ituBola: https://t.co/GqaWuqHpfX https://t.co/Tu6kQ6lWtw","1246876391921999875","https://pbs.twimg.com/media/EU3LbeCUMAArGNL.jpg","","in","","0","0","0","https://x.com/ItuBola_offcial/status/1246876391921999875","1198662221225578496","ItuBola_offcial"
"1246491047040966657","Sat Apr 04 17:33:18 +0000 2020","0","Deposit Dari Semua Bank Local Dan Uang Digital (Ovo Gopay pulsa XL dan Telkomsel) * Hubungi Kami : Line : ItuBola WeChat : Itubola Whatsapp : +85517696120 Promo Cashback 5% #agent judionline #agent terpecaya #bolaonline Link Alternatif ituBola: https://t.co/GqaWuqHpfX https://t.co/2e90eEpUzi","1246491047040966657","https://pbs.twimg.com/media/EUxsm8bUYAI4HTk.jpg","","in","","0","0","0","https://x.com/ItuBola_offcial/status/1246491047040966657","1198662221225578496","ItuBola_offcial"
"1246103477861748737","Fri Apr 03 15:53:15 +0000 2020","0","Deposit Dari Semua Bank Local Dan Uang Digital (Ovo Gopay pulsa XL dan Telkomsel) * Hubungi Kami : Line : ItuBola WeChat : Itubola Whatsapp : +85517696120 Promo Cashback 5% #agent judionline #agent terpecaya #bolaonline Link Alternatif ituBola: https://t.co/GqaWuqHpfX https://t.co/T3YNnSaxjw","1246103477861748737","https://pbs.twimg.com/media/EUsMc0jUwA4fN7S.jpg","","in","","0","0","0","https://x.com/ItuBola_offcial/status/1246103477861748737","1198662221225578496","ItuBola_offcial"
"1244851967047827458","Tue Mar 31 05:08:25 +0000 2020","1","@literarybase klo sy ngasi uang ke orangnya via gopay senilai harga buku itu nder sy suru beli di gramed digital (untungnya uangnya slalu balik dn orgnya sadar)","1244854038367072257","","literarybase","in","","0","0","0","https://x.com/VanDewangga/status/1244854038367072257","1430535068","VanDewangga"
"1242376389581344768","Tue Mar 24 09:04:38 +0000 2020","0","Transaksi bisa menggunakan kartu debet transfer antar bank kartu uang elektronik misalnya Flazz Brizzi Tap Cash E-money dll atau bisa juga berbasis aplikasi di smartphone seperti LinkAja Gopay Ovo Shopeeapay Dana dll. #cashless #desadigital","1242376766947094528","","PDD_desadigital","in","","0","1","0","https://x.com/PDD_desadigital/status/1242376766947094528","1227907845024145408","PDD_desadigital"
"1239540763945340928","Mon Mar 16 16:34:08 +0000 2020","0","@tamarakhanza Widih hebat sekali dunia digital ini: ) Pernah tau tam gue maksain ambil uang di atm lain biar bisa jajan. Terus pas mau bayar jajanan liat bisa pake gopay nyesek bgt: )","1239590784363446274","","tamarakhanza","in","another fake fairy tale","0","1","0","https://x.com/sabrinain_/status/1239590784363446274","50188286","sabrinain_"
"1238793673430585344","Sat Mar 14 11:49:48 +0000 2020","3","Tidak hanya itu gojek juga mempunyai fitur GoPay yaitu fitur dompet digital yang dapat digunakan untuk membayar berbagai layanan Gojek. Bisa sangat praktis. Cashless juga bisa memudahkan transaksi ketika tidak membawa uang cash https://t.co/HfYoHw4VUC","1238794455500480514","https://pbs.twimg.com/media/ETEU--sWoAAEV6p.jpg","maullan_","in","","0","1","2","https://x.com/maullan_/status/1238794455500480514","1201461909729374209","maullan_"
"1236820143134703618","Mon Mar 09 01:04:35 +0000 2020","0","Setelah fitur RSVP online sekarang lagi kepikiran buat bikin hi-tech wedding celebration. Menerima uang digital (ovo gopay dana) udah gitu ada orang yang pake PayLater. Apa lagi?","1236820143134703618","","","in","Bekasi, Jawa Barat","0","0","0","https://x.com/faizrabbani_com/status/1236820143134703618","155905056","faizrabbani_com"
"1235752879081664519","Fri Mar 06 02:23:40 +0000 2020","1","Gaes udah install dan pakai apps dompet digital macam gopay dana ovo dll? Penting lho u/ bantu cegah penyebaran virus corona / #covid19. Lho kok bisa? Iya krn kata WHO uang kertas yg beredar di publik jg rentan menjadi medium penyebaran virus tsb. https://t.co/KkuHLWJsdg","1235752879081664519","","","in","Indonesia","0","1","2","https://x.com/privasi_id/status/1235752879081664519","4265911754","privasi_id"
"1234087523229425664","Mon Mar 02 14:23:23 +0000 2020","0","@arifgiki @romiyooo Kan bisa uang digital juga kyk OVO GOPAY DANA dll..","1234484450123079681","","arifgiki","in","Sumedang","0","0","0","https://x.com/yogisutrisno15/status/1234484450123079681","3055935818","yogisutrisno15"
"1233363443425533952","Fri Feb 28 13:08:56 +0000 2020","1","@GojekOnTwitt @lambe_ojol ada baiknya gojek memasang tarif maksimal yg bs dibayar tunai menguranhi yg ginian kasian abangnya... jaman sekarang dan pengguna transportasi online ga pakai uang digital ga masuk akal... paksa pakai gopay atau yg lain...","1233378550771617795","","GojekOnTwitt","in","","0","0","0","https://x.com/boncusho/status/1233378550771617795","375922893","boncusho"
"1231080033843695617","Sat Feb 22 04:55:27 +0000 2020","39","#Giveawayalert Menuju launching aplikasi messenger #Linkup Aplikasi yg memberi reward pengguna aktif dengan uang digital/#Crypto. 25K (pulsa/gopay/dana/ovo) u/ 4 orang pemenang. Follow @Linkup_ID RT &amp; Tag Teman Rep Domisili + hastag #BudayaNusantara Diundi 25 Februari. https://t.co/yNTbUHBwfj","1231080033843695617","https://pbs.twimg.com/media/ERWsw6eVUAQQjhK.jpg","","in","","4","139","55","https://x.com/r2_dewi/status/1231080033843695617","4566174014","r2_dewi"
"1229805147829620736","Thu Feb 20 14:17:16 +0000 2020","0","@rizkkkian @MasMenteri @Itjen_Kemdikbud @IndonesiaBaikId @DPR_RI @PBPGRI_OFFICIAL @pp_igi @edu_perspektif @pojokpendidikan @dedeyusuf_1 @_NadiemMakarim @nadiemfans Skrg semua pembayaran arah nya memang menggunakan dompet digital. Lo makan warteg aja bayar pake ovo/gopay. Apalg bayar uang sekolah. Mo mentrinya nadiem ato bukan pembayaran SPP lewat dompet digital itu hal yg sangat mungkin.","1230496647005630464","","rizkkkian","in","","0","0","0","https://x.com/sandybudiman/status/1230496647005630464","1168082456","sandybudiman"
"1230332625409073152","Thu Feb 20 03:25:31 +0000 2020","0","Keniscayaan pasti iya nmun dlm pnentuan hrs transparan &amp; akuntabel krn dipemerintahan semua adlh uang rakyat yg digunakan bukan pribadi. Kapan ya ada digital money yg bisa akses semua pembayaran. Saat ini gojek-gopay grab-ovo shoppeepay dll byk bgt yg hrs diisi ulang...","1230332625409073152","","","in","","0","0","0","https://x.com/1hsan/status/1230332625409073152","62769845","1hsan"
"1229562055981559808","Tue Feb 18 13:41:03 +0000 2020","0","@LindsayYonatan @Nugraha14582568 @caytong @VIVAcoid ada uang digital BUMN Linkaja. harusnya pakai itu bukan Gopay. keuntungan BUMN kembali ke kas negara.kembali ke rakyat. Gopay swasta kembali ke investor.investor siapa?orang luar dan swasta dalam negeri. https://t.co/dUTRDO8vUf","1229762754518536194","https://pbs.twimg.com/media/ERD-tQQWkAIruhE.jpg","kitiCatz","in","Jakarta Capital Region","0","0","0","https://x.com/echoPiR/status/1229762754518536194","3193742610","echoPiR"
"1229749489000419328","Tue Feb 18 12:48:20 +0000 2020","12","Wuaahh bener udah era Digital bngt sampe SPP sekolah aja udah bisa dibayar lewat GOPAY Kawula Muda! Ehemm gak bisa betak uang spp lagi nih hehe - Tapi biasanya kalo lo disekolah lo tipe yang mana nih kalo lagi istirahat?? #Polling kuyy | comment juga alesan nya yaww #NightShift","1229749489000419328","","","in","Indonesia","2","41","0","https://x.com/Prambors/status/1229749489000419328","34149837","Prambors"
"1229661339133476864","Tue Feb 18 08:56:09 +0000 2020","1","@w_runturambi percuma BUMN punya uang digital LINKAJA kalau untuk uang SPP malah ke Gopay yang swasta. https://t.co/pgSvFPv0w2","1229691056905576448","https://pbs.twimg.com/media/ERC9fubUcAApVHv.jpg","w_runturambi","in","Jakarta Capital Region","0","0","0","https://x.com/echoPiR/status/1229691056905576448","3193742610","echoPiR"
"1229562055981559808","Tue Feb 18 08:49:49 +0000 2020","19","@VIVAcoid BUMN sudah ada uang digital LinkAja. seharusnya kementerian kerjasama kesitu bukan perusahaan swasta seperti Gopay. https://t.co/HaGeCmbLr9","1229689464512905216","https://pbs.twimg.com/media/ERC8DL6UcAAKnp0.jpg","VIVAcoid","in","Jakarta Capital Region","0","2","1","https://x.com/echoPiR/status/1229689464512905216","3193742610","echoPiR"
"1229557397582045185","Tue Feb 18 00:05:02 +0000 2020","0","GoPay sistem pembayaran digital milik Gojek sudah bisa melakukan pembayaran uang SPP (Sumbangan Pembinaan Pendidikan) dengan mudah dan cepat. Sebelumnya guyonan bayar SPP pakai Gopay hanyalah candaan ketika mantan https://t.co/4SaDNrk33h","1229557397582045185","","","in","Malang, Jawa Timur","0","0","0","https://x.com/tugumalang_id/status/1229557397582045185","535213390","tugumalang_id"
"1229494425967087616","Mon Feb 17 19:54:48 +0000 2020","0","Secara umum untuk isi saldo OVO GOPAY I.Saku dan lainnya via aplikasi DANA prinsipnya yakni mengirim uang ke bank tempat saldo digital wallet itu bermuara. No Rekeningnya menggunakan nomor hp yang terdaftar di digital wallet itu.","1229494425967087616","","","in","Medan, Indonesia","0","0","0","https://x.com/sekologic/status/1229494425967087616","411542611","sekologic"
"1229356812543102976","Mon Feb 17 10:47:59 +0000 2020","40","Guyonan melakukan pembayaran uang sekolah dengan menggunakan platform GoPay kini menjadi kenyataan. Sistem pembayaran digital milik Gojek itu sudah bisa melakukan pembayaran uang SPP. #NewsOneMinute #Gopay #Gojek https://t.co/4A49syEGlb","1229356812543102976","https://pbs.twimg.com/ext_tw_video_thumb/1229356743404277765/pu/img/_j_dMhu4RGWGdW9R.jpg","","in","Pulo Gadung, Indonesia","4","7","11","https://x.com/tvOneNews/status/1229356812543102976","55507370","tvOneNews"
"1229317372927856640","Mon Feb 17 08:24:55 +0000 2020","1","@tempodotco Pake gopay ada keuntungan nya? Diskon ato cash back? Klo sebatas pertukaran uang kertas ke digital itu unfaedah diem.","1229320811284008961","","tempodotco","in","","0","0","0","https://x.com/DaryantoOrie/status/1229320811284008961","1110406081526657024","DaryantoOrie"
"1229307216118927360","Mon Feb 17 07:30:54 +0000 2020","44",".@gopayindonesia sistem pembayaran digital milik Gojek sudah bisa melakukan pembayaran uang SPP dengan mudah dan cepat. GoPay tidak hanya melayani pembayaran uang SPP tetapi juga bisa digunakan untuk membayar keperluan pendidikan lainnya. #TopNews https://t.co/D9EDXfLb0z https://t.co/oNojsf7Ezg","1229307216118927360","https://pbs.twimg.com/media/EQ9gQgOWsAAfRkB.jpg","","in","","21","9","28","https://x.com/kumparan/status/1229307216118927360","759692754985242625","kumparan"
"1229283349140627456","Mon Feb 17 05:56:04 +0000 2020","0","Mahar nikah uang uang tunai? Hello cashless kali ya gopay dsb. Begitupun yang kondangan mengurangi amplop silahkan scan barcode dompet digital nya hahaha","1229283349140627456","","","in","Karawang, Jawa Barat","0","0","0","https://x.com/mimams_/status/1229283349140627456","1177984192593809408","mimams_"
"1229232211037061121","Mon Feb 17 02:32:51 +0000 2020","0","Secara ilmu fiqih mata uang digital itu hukumnya pegimane sih ada yg tahu ga? #gopay","1229232211037061121","","","in","Weleri, Indonesia","0","0","0","https://x.com/AkhwanZarkasyi/status/1229232211037061121","94453921","AkhwanZarkasyi"
"1228106096021106688","Thu Feb 13 23:58:05 +0000 2020","0","Kiat GoPay Pimpin Pasar Dompet Digital Tanpa Bakar Uang https://t.co/CMswHVpsjH Via @Info_Pariwara https://t.co/AC1H9BjY4q","1228106096021106688","https://pbs.twimg.com/media/EQsb_E3UUAEsHZK.png","","in","Indonesia","0","0","0","https://x.com/Kanal_RI/status/1228106096021106688","726979806395404290","Kanal_RI"
"1227605032146595845","Wed Feb 12 14:47:02 +0000 2020","0","GoPay dinilai mampu menjadi pemimpin pasar dimpet digital (e-wallet) di Indonesia meski tidak 'bakar uang'. #GoPay https://t.co/x3nh6qwcN1","1227605032146595845","","","in","Indonesia","0","1","0","https://x.com/jpnncom/status/1227605032146595845","79130206","jpnncom"
"1227585901015908352","Wed Feb 12 13:31:00 +0000 2020","0","Survei: GoPay pimpin pasar dompet digital meski tidak bakar uang - ANTARA News Jawa Barat https://t.co/6sebIiWkgv","1227585901015908352","","","in","Indonesia","0","0","0","https://x.com/Antara_Jabar/status/1227585901015908352","1048117926794948608","Antara_Jabar"
"1227556775525830657","Wed Feb 12 11:35:16 +0000 2020","0","GoPay pimpin pasar dompet digital meski tidak bakar uang https://t.co/CiZuO5SGkw","1227556775525830657","","","in","","0","0","0","https://x.com/topinfo_id/status/1227556775525830657","1215289012551741443","topinfo_id"
"1227550426272133120","Wed Feb 12 11:10:03 +0000 2020","0","Ipsos: GoPay pimpin pasar dompet digital tanpa bakar uang https://t.co/Cx43MhgMCF https://t.co/NjUfTykI2m","1227550426272133120","https://pbs.twimg.com/media/EQkim1SU8AEmr0j.jpg","","in","Indonesia","0","0","0","https://x.com/alineadotid/status/1227550426272133120","354168059","alineadotid"
"1224182992089731072","Mon Feb 03 04:09:04 +0000 2020","2","Penggunaan uang elektronik di era digital semakin populer. Transaksi yang mudah dan berbagai penawaran potongan hingga cashback membuat uang elektronik semakin digandrungi. Bagaimana persebaran sentimen terhadap layanan penyedia jasa uang elektronik ini #gopay #DANA #ovo #Linkaja https://t.co/XTPxmXy62j","1224182992089731072","https://pbs.twimg.com/media/EP0r65tUEAEITfm.jpg","","in","Yogyakarta, Indonesia","0","0","2","https://x.com/netrayID/status/1224182992089731072","1131026310610817024","netrayID"
"1223271792661319680","Sat Feb 01 08:37:13 +0000 2020","0","@PenjahatGunung semoga kedepannya aplikator bikin kebijakan order makanan harus menggunakan uang digital (ovo / gopay)","1223525698645528578","","PenjahatGunung","in","","0","0","0","https://x.com/ariadiya/status/1223525698645528578","512783253","ariadiya"
"1219879100673753088","Wed Jan 22 07:06:56 +0000 2020","0","Sebagai anak yang sering lupa dan jarang punya uang cash aku tuh terbantu banget sama dompet digital. Nah inilah salah satu dompet digital yang sering aku gunakan. Yuk mampir dan baca sedikit ceritaku dan GoPay ⏬ https://t.co/T3WqPR0MHz","1219879100673753088","","","in","ÜT: -6.234105,106.8599575","0","0","0","https://x.com/diantin04/status/1219879100673753088","155163448","diantin04"
"1219441443955101698","Tue Jan 21 02:59:39 +0000 2020","1","@SobatHAPE Percayalah uang-uang digital ini membuatmu selalu ingin jajan. Dana: belanja di bukalapak tix id jajan jajan jajan. Ovo: Taxol Ojol jajan jajan jajan Gopay: taxol ojol jajan jajan jajan Shopeepay: bayar listrik bayar telpon tiket pesawat tiket kereta belanja.","1219454481202475008","","SobatHAPE","in","Jakarta, Indonesia","0","0","0","https://x.com/ice_kopii/status/1219454481202475008","108482317","ice_kopii"
"1219441443955101698","Tue Jan 21 02:23:23 +0000 2020","0","@SobatHAPE ngga punya uang digital selain Gopay tapi keliatannya fitur Dana paling oke ya?","1219445356745723904","","SobatHAPE","in","Indonesia","0","0","0","https://x.com/defirmans/status/1219445356745723904","242634783","defirmans"
"1218136339062784005","Fri Jan 17 14:57:23 +0000 2020","0","Ada banyak uang digital sekarang ada DANA GOPAY OVO LINKAJA SHOPEE PAY. Itu aja yg saya tau :). Munurut saya sistem keuangan di DANA dan LINKAJA paling menguntungkan. Alasannya mungkin di lain waktu.","1218185554753228800","","ariyongki","in","Kota Bukittinggi","0","1","0","https://x.com/ariyongki/status/1218185554753228800","241735222","ariyongki"
"1215826728234283008","Sat Jan 11 02:44:17 +0000 2020","0","Secara umum untuk isi saldo OVO GOPAY I.Saku dan lainnya via aplikasi DANA prinsipnya yakni mengirim uang ke bank tempat saldo digital wallet itu bermuara. No Rekeningnya menggunakan nomor hp yang terdaftar di digital wallet itu.","1215826737151393797","","kisbet_","in","Kota Medan, Sumatera Utara","0","1","0","https://x.com/kisbet_/status/1215826737151393797","93847582","kisbet_"
"1215643635804323841","Fri Jan 10 14:36:42 +0000 2020","0","Geregetan sama yang upload entah video atau gambar tentang mengharamkan uang digital macam ovo dana atau gopay. Katanya promonya itu haram dengan berbagai penjelasan. Oe sih gak tau bener apa enggak haramnya ya terserah yang bersangkutan mau mengharamoan apa tidak...","1215643635804323841","","","in","Bandung, Jawa Barat","0","2","0","https://x.com/faizalnugroho/status/1215643635804323841","245664350","faizalnugroho"
"1210702602284879873","Fri Dec 27 23:27:53 +0000 2019","1","Bus bakal berhenti di setiap halte utk menaikturunkan penumpang. Pembayarannya tunai belum melayani dompet digital macam Ovo GoPay &amp; Dana. Juga belum bisa pakai uang elektronik yg dikeluarkan beberapa bank. Yuk kurangi polusi dg naik transportasi umum @BrtTransJateng https://t.co/MirRXkv5E0","1210703878221488129","https://pbs.twimg.com/ext_tw_video_thumb/1210703731106279424/pu/img/uXiRrhRLbsSG1BF7.jpg","celcolcil","in","kusumaningtyas.shela@gmail.com","0","1","0","https://x.com/celcolcil/status/1210703878221488129","155356517","celcolcil"
"1209433624572940288","Tue Dec 24 11:20:20 +0000 2019","0","@BrtTransJateng min kerjasama dengan GOPAY @gojekindonesia OVO @ovo_id atau dompet digital lain dong biar enak kalau bayar misal pas gak bawa uang kecil. @ganjarpranowo @perhubunganjtg","1209433624572940288","","brttransjateng","in","indonesia","0","1","0","https://x.com/tittody88/status/1209433624572940288","758583218","tittody88"
"1208385070853046272","Sat Dec 21 13:53:46 +0000 2019","0","meh cara pembayaran produk uang digital lewat uang digital tuh goblog jg sih mau beli porto bayar pake gopay dan ga ada pilihan VA bank kan dobel ya jadinya ngisi gopay kan pake VA bank paling cepet","1208385070853046272","","","in","Sukabumi, West Java","0","0","0","https://x.com/adkrmj/status/1208385070853046272","1643015449","adkrmj"
"1206714215471316992","Tue Dec 17 00:41:25 +0000 2019","0","@batarangga Berarti yg gw tangkep mcard itu kayak tabungan pada umumnya klo ecard iti uang digital kayak OVO gopay gitu2 ya? Berarti yg bisa dipake kayak pengganti kartu kredit / paypal sama yg bisa diisi macem2 curency itu yg mcard aja?","1206736118231662594","","batarangga","in","","0","1","0","https://x.com/vickylukito/status/1206736118231662594","154446691","vickylukito"
"1206037635463929858","Sun Dec 15 03:27:57 +0000 2019","1","@chikenmekd @FOODFESS2 Ya itu gopay ovo. Kl pake ovo instal lg apps nya aktifin dl isi dl Saldonya br bisa buat transaksi. Uang virtual tuh uang digital tak biasa yang dikeluarkan dan dikendalikan oleh para pengembangnya dan dipakai dan diterima oleh para anggota komunitas virtual spesifik","1206053252837470208","","sumurbor_","in","indonesia","0","0","0","https://x.com/indrabela1/status/1206053252837470208","575370029","indrabela1"
"1204962885614456832","Thu Dec 12 03:21:17 +0000 2019","0","@gojekindonesia @naztaaa @ge_gojek_an @KangGojek Menurutnya pihaknya masih menggelar sosialiasi kepada masyarakat terkait pembayaran secara digital atau tak lagi menggunakan uang tunai. Sekarang penumpang BRT bisa bayar pakai GoPay Ovo Dana dan pembayaran digital lainnya ucapnya.","1204964409677713408","","Zoulidiya_LZ","in","","0","1","0","https://x.com/Zoulidiya_LZ/status/1204964409677713408","1161922900938510336","Zoulidiya_LZ"
"1204947719908941826","Thu Dec 12 02:14:57 +0000 2019","2","Kini penumpang Bus Rapid Transit (BRT) Trans Kota Tangerang tidak perlu lagi membayar ongkos dengan uang tunai . Sekarang penumpang BRT bisa bayar pakai GoPay Ovo Dana dan pembayaran digital lainnya ucap Kepala https://t.co/I6bXQLi7bP","1204947719908941826","","","in","Tangerang, Banten","0","0","0","https://x.com/AboutTNG/status/1204947719908941826","2818687488","AboutTNG"
"1204804845095534599","Wed Dec 11 16:47:13 +0000 2019","7","Penggunaan uang elektronik dan dompet digital seperti Gopay OVO DANA LinkAja diperkirakan akan semakin mengalami multifungsi dua hingga empat tahun ke depan. https://t.co/8MhylGBbY8","1204804845095534599","","","in","","1","0","9","https://x.com/detikcom/status/1204804845095534599","69183155","detikcom"
"1202109765696008192","Wed Dec 04 06:17:56 +0000 2019","9","Semakin banyak uang digital tuku cocotmu bisa Karo gopay Ra?","1202109765696008192","","","in","","0","0","1","https://x.com/rayhanprimaaa/status/1202109765696008192","1080666680857026561","rayhanprimaaa"
"1200356431070814209","Sat Nov 30 01:34:59 +0000 2019","0","@ohmybeautybank cash back aja mungkin uang digital gitu.. nanti aku sediain barcode ovo gopay sama dana tarohlah 40-50% gitu dah mayan lah hehehe","1200589007236681729","","ohmybeautybank","in","Malang - Jakarta","0","0","0","https://x.com/okirtph/status/1200589007236681729","405187445","okirtph"
"1200565220399144960","Sat Nov 30 00:11:41 +0000 2019","0","@miihunch Bener banget nid. Aku juga gitu tapi alhamdulillah skrg udah bisa ngurangin pemakaian digital payment. Dulu sebelum pakai digital payment tabungan lancar jaya. Pas habis pake boros banget. Uang untuk nabung aku top up in ke gopay atau ovo. Skrg gk pake ovo lagi","1200568043018936326","","miihunch","in","London, England","0","1","0","https://x.com/xolovedeee/status/1200568043018936326","926182756136116225","xolovedeee"
"1199185149453189120","Tue Nov 26 04:58:24 +0000 2019","0","@kompascom Provider ojolnya harusnya sdh gunakan kebijakan utk order hanya dg uang digital (gopay atau ovo) saat notif order masuk resto otomatis order gak bisa dicancel.","1199190647212630017","","kompascom","in","","0","0","0","https://x.com/pandamonium774/status/1199190647212630017","795651720","pandamonium774"
"1198938302344155137","Mon Nov 25 12:15:41 +0000 2019","12","Makin jarang pk uang tunai lbh sering bertransaksi digital. Sdh hepi sering dpt cashback eh... skrg top-up OVO dan GoPay lwt @PermataBank pun msh dpt cashback 50%. Goks! Yg belum unduh jgn stres segera dapatkan aplikasinya di https://t.co/AZCceaYCb7 #IndonesiaTanpaStres","1198938302344155137","","","in","ÜT: -6.324844,106.674353","0","1","0","https://x.com/deelestari/status/1198938302344155137","59427618","deelestari"
"1198830710036914178","Mon Nov 25 05:08:09 +0000 2019","0","#Kom11 Misbakhun @Golkar5 #Jatim2 : apa langkah antisipasi bapak-bapak dalam menangani masalah uang digital seperti ovo gopay dll.","1198830710036914178","","","in","","0","0","0","https://x.com/WikiDPR2/status/1198830710036914178","3550853180","WikiDPR2"
"1198828286995906562","Mon Nov 25 04:58:31 +0000 2019","0","@WikiDPR #Kom11 Misbakhun @Golkar5 #Jatim2 : apa langkah antisipasi bapak-bapak dalam menangani masalah uang digital seperti ovo gopay dll.","1198828286995906562","","wikidpr","in","Indonesia","0","0","0","https://x.com/Rammmaee/status/1198828286995906562","135146229","Rammmaee"
"1198074076129947648","Sat Nov 23 03:01:33 +0000 2019","0","Setelah ada aplikasi dana gopay dan dompet digital lainnya saya jadi jarang nemu uang di jalan bangsat!!","1198074076129947648","","","in","","0","0","0","https://x.com/non_kafirr/status/1198074076129947648","1195800534","non_kafirr"
"1196990502333104128","Wed Nov 20 16:14:46 +0000 2019","0","@collegemenfess 1 doang yang penting punya m-banking kalo mau jajan apa2 bisa pake cashless dana ovo gopay malah dapet cashback. Gue kalo ke mall jarang bawa uang banyak karna selalu pake uang digital selain banyak promo gausah harus repot ambil uang nyari2 atm yg sama hihiii","1197186531015852032","","collegemenfess","in","Bekasi Timur, Indonesia","0","0","0","https://x.com/qiyaayaya/status/1197186531015852032","951877630030041088","qiyaayaya"
"1192454361898569739","Thu Nov 07 14:55:33 +0000 2019","0","Keunggulan yang disediakan GoFood Festival Surabaya lainnya adalah sistem pembayaran yang sudah digital: GoPay. Melalui GoPay yang memanfaatkan QR Code pengunjung dimudahkan dalam melakukan transaksi tanpa harus menarik uang cash terlebih dahulu.","1192455552728616960","","AMarindul","in","","0","1","0","https://x.com/AMarindul/status/1192455552728616960","1122139822582194177","AMarindul"
"1192348827262472192","Thu Nov 07 07:56:32 +0000 2019","0","Keunggulan yang disediakan GoFood Festival Surabaya lainnya adalah sistem pembayaran yang sudah digital: GoPay. Melalui GoPay yang memanfaatkan QR Code pengunjung dimudahkan dalam melakukan transaksi tanpa harus menarik uang cash terlebih dahulu.","1192350103467479040","","SemutMerah007","in","Sukabumi, Indonesia","0","1","0","https://x.com/SemutMerah007/status/1192350103467479040","915558925134467072","SemutMerah007"
"1192059437730525184","Wed Nov 06 12:43:49 +0000 2019","0","@ahmad_habbie gua baru tau dah sekedar lu convert uang 50k aja jadi gopay ato ovo valuenya nambah banget apakah saatnya beralih ke uang digital","1192060013138915329","","ahmad_habbie","in","","0","1","0","https://x.com/__usamah___/status/1192060013138915329","969785453195898881","__usamah___"
"1191978417824129024","Wed Nov 06 07:19:35 +0000 2019","0","@alfamart min apakah untuk top up uang digital seperti dana linkaja gopay dll. dibatasi hanya sampai jam 22.00 ya?","1191978417824129024","","alfamart","in","Blitar - Indonesia","0","1","0","https://x.com/NDzun/status/1191978417824129024","1081710559","NDzun"
"1189541385260548096","Wed Oct 30 13:55:41 +0000 2019","1","jaman skrg banyak bgt cara pembayaran digital ada dana ovo gopay link aja dll klo ada uang di atm skrg malah boros enakan dulu di atm aman malah pake uang cash boros wkwkwkw skrg kok kayak kebalik ngerasa lebih boros apalagi banyakk CASHBACK GITUU","1189541385260548096","","","in","Indonesia","0","0","0","https://x.com/WULAANSN/status/1189541385260548096","507064215","WULAANSN"
"1189533618445701120","Wed Oct 30 13:24:49 +0000 2019","0","Group Salim bakal luncurkan uang digital ini kata GoPay Keuangan Kontan https://t.co/7JywHB7aaj https://t.co/yP5ZssDGaD","1189533618445701120","https://pbs.twimg.com/media/EIIShZmXUAELPLs.jpg","","in","","0","0","0","https://x.com/masasih_id/status/1189533618445701120","1157344744080494592","masasih_id"
"1189501987957727234","Wed Oct 30 11:19:08 +0000 2019","0","Group Salim bakal luncurkan uang digital ini kata GoPay https://t.co/5T58KhRHjo","1189501987957727234","","","in","West Java, Indonesia","0","0","0","https://x.com/gakentangkok/status/1189501987957727234","1153887510851776513","gakentangkok"
"1189500979105845251","Wed Oct 30 11:15:07 +0000 2019","2","Group Salim bakal luncurkan uang digital ini kata GoPay https://t.co/tiFVjATxaz #Fintech","1189500979105845251","","","in","Jakarta, Indonesia","0","0","0","https://x.com/KontanNews/status/1189500979105845251","43799886","KontanNews"
"1188347460717969409","Mon Oct 28 15:52:43 +0000 2019","0","@Okithxsmch @kadaljantann Plis bgt gunain uang digital... kaya ovo gopay link aja dana dan harus sediain m banking (kalo bca) sudah bisa ambil uang tanpa kartu... makanya klo dompet ketinggalan tinggal ambil uang pake m banking ","1188846060950573061","","parawand","in","Bekasi INDONESIA","0","0","0","https://x.com/sukseskanBB70kg/status/1188846060950573061","338794666","sukseskanBB70kg"
"1186836902973861889","Wed Oct 23 03:02:21 +0000 2019","0","Bayar SPP bisa pakai sistem e-money macam link gopay dll jadi siswa gak bisa nilep uang SPP untuk jajan. Semua modul LKS pakai sistem digital. Asesmen juga online lewat hape jadi siswa bakal lebih sibuk ngerjain tugas di hp daripada pake hapenya sosmed-an pas guru lagi ngajar.","1186840252217876480","","bang_kitkat","in","Jayapura, Papua","0","0","0","https://x.com/bang_kitkat/status/1186840252217876480","302351239","bang_kitkat"
"1186827810528088065","Wed Oct 23 02:12:54 +0000 2019","0","Yeaay bisa2 uang spp pake gopay nih setidaknya bisa lebih digital #mendikbud","1186827810528088065","","","in","Jakarta","0","0","0","https://x.com/StenWot/status/1186827810528088065","66980465","StenWot"
"1186492583494598657","Tue Oct 22 10:58:25 +0000 2019","0","@wisnyu_nyun @yoniceskrrtt @askmenfess Engga inflasi Emoney tuh bapak nuker uang kertas atau real ke digital aja pak nah kalo bapak nuker 50k ya dpt 50k di emoney Sama kyk gopay ovo dkk Inflasi engga dong kan menukar uang bukan memperbanyak uang Sepemikiran saya gtu","1186597672343355392","","Iuigiii","in","Indonesia","0","1","0","https://x.com/faishal_abdilah/status/1186597672343355392","259180033","faishal_abdilah"
"1186122598079520768","Mon Oct 21 03:30:39 +0000 2019","0","Gopay jadi mata uang digital nanti ;)))","1186122598079520768","","","in","Garut Bandung Jakarta","0","0","0","https://x.com/hanmula/status/1186122598079520768","206647684","hanmula"
"1185000217592025108","Fri Oct 18 01:16:37 +0000 2019","0","apalagi akun uang digital macam ovo/gopay dsb jangan isi lebih dari sejuta kecuali untuk langsung dihabiskan karena mobile apps lebih mudah hacked. sedangkan untuk mobile banking mending lewat browser aja jangan pake mobile appnya dan gunakan tokennya bukan pembayaran instant","1185001705856888832","","KakNash","in","Indonesia","0","1","0","https://x.com/KakNash/status/1185001705856888832","2821272532","KakNash"
"1183705235165863937","Mon Oct 14 11:24:54 +0000 2019","0","Barusan ambil loundry.. Ternyata udah ada fitur bayar pake Gopay dong ada diskon 30% lagi.. Kayaknya emang dimasa depan kita udah ga perlu bawa cash lagi semua pake uang digital.. Jangan heran kalau kelak ada tambal ban bayarnya pake DANA atau Link Aja.. ","1183705235165863937","","","in","Pekalongan - Semarang","1","0","0","https://x.com/rereyy_24/status/1183705235165863937","1141660946655371264","rereyy_24"
"1182846284790558720","Sat Oct 12 03:16:28 +0000 2019","1","@amirk Seandainya semua dompet digital menghentikan promonya saya pasti pakai Dana karena dia bisa narik uang langsung dari rekening ga gitu suka dengan top up top upan ala gopay atau ovo.","1182857540939313153","","amirk","in","","0","1","0","https://x.com/yudiardianns/status/1182857540939313153","1074588442997153792","yudiardianns"
"1182495779136524294","Fri Oct 11 03:18:58 +0000 2019","0","Kok gak ada ya yang nipu via SMS bilang Transfer via OVO/Gopay/Dana/Semua uang digital?","1182495780826779648","","dityarya","in","","0","0","0","https://x.com/dityarya/status/1182495780826779648","42181959","dityarya"
"1181481234964176897","Tue Oct 08 08:09:42 +0000 2019","0","@bigellepenhere Bayar pakai uang digital etc kartu a b c d. Gopay ovo. Kalo pergi jgn bawa atm Kalo keabisan duit jjn 1 hari. Pinjem duit temen. Kalo ga dikasih sabar. Harus merasa kelaparan atau kelelahan agar tau cara menghemat uang . Cius akuni","1181481780735442944","","bigellepenhere","in","","0","1","0","https://x.com/glchdnoel___/status/1181481780735442944","1172160066230702081","glchdnoel___"
"1178902248652296192","Tue Oct 01 05:19:33 +0000 2019","0","https://t.co/sbPEl0DjPk Platform transfer uang digital Amerika Serikat PayPal Holdings Inc (PYPL.O) telah memperoleh persetujuan untuk mengakuisisi GoPay.","1178902248652296192","","","in","Bandung, Indonesia","1","0","0","https://x.com/PelawiSamuel/status/1178902248652296192","345832988","PelawiSamuel"
"1178900254734704641","Tue Oct 01 05:11:38 +0000 2019","0","PayPal Mau Beli GoPay Platform transfer uang digital Amerika Serikat PayPal aka https://t.co/ww8QIR0u0T","1178900254734704641","","","in","Malang, Jawa Timur","0","0","0","https://x.com/muhajudin/status/1178900254734704641","389246401","muhajudin"
"1178899900894871553","Tue Oct 01 05:10:13 +0000 2019","0","PayPal Mau Beli GoPay Platform transfer uang digital Amerika Serikat PayPal aka https://t.co/sjs5ov58TG","1178899900894871553","","","in","","0","0","0","https://x.com/fntna/status/1178899900894871553","251586988","fntna"
"1178896999388569601","Tue Oct 01 04:58:42 +0000 2019","0","Warbiyasak &gt; Platform transfer uang digital Amerika Serikat PayPal Holdings Inc (PYPL.O) telah memperoleh persetujuan untuk mengakuisisi GoPay. https://t.co/zOI5zj0JSl","1178896999388569601","","","in","Indonesia","0","0","0","https://x.com/jmsanzeta2/status/1178896999388569601","1013813504246087685","jmsanzeta2"
"1178895562319355904","Tue Oct 01 04:52:59 +0000 2019","0","@null PayPal Mau Beli GoPay Platform transfer uang digital Amerika Serikat PayPal Hol https://t.co/xhi7XauES1","1178895562319355904","","null","in","","0","0","0","https://x.com/HiGueAmber/status/1178895562319355904","849336524","HiGueAmber"
"1178895547115044864","Tue Oct 01 04:52:55 +0000 2019","0","@null PayPal Mau Beli GoPay Platform transfer uang digital Amerika Serikat PayPal Hol https://t.co/kZE5vHhgLz","1178895547115044864","","null","in","","0","0","0","https://x.com/mu__tiara/status/1178895547115044864","1196188764","mu__tiara"
"1178895356412624897","Tue Oct 01 04:52:10 +0000 2019","0","@null PayPal Mau Beli GoPay Platform transfer uang digital Amerika Serikat PayPal Hol https://t.co/Pd2rAqGcxk","1178895356412624897","","null","in","BANDUNG_RP","0","0","0","https://x.com/kittytaeng/status/1178895356412624897","840989714","kittytaeng"
"1178895277756805120","Tue Oct 01 04:51:51 +0000 2019","0","@null PayPal Mau Beli GoPay Platform transfer uang digital Amerika Serikat PayPal Hol https://t.co/dfJa1PAZLt","1178895277756805120","","null","in","","0","0","0","https://x.com/MER0KET/status/1178895277756805120","1557463332","MER0KET"
"1178895100165812226","Tue Oct 01 04:51:09 +0000 2019","0","@null PayPal Mau Beli GoPay Platform transfer uang digital Amerika Serikat PayPal Hol https://t.co/6eeShobQBJ","1178895100165812226","","null","in","","0","0","0","https://x.com/en9as/status/1178895100165812226","706048211","en9as"
"1178894993039056896","Tue Oct 01 04:50:43 +0000 2019","0","@null PayPal Mau Beli GoPay Platform transfer uang digital Amerika Serikat PayPal Hol https://t.co/cUCbqgh6BJ","1178894993039056896","","null","in","","0","0","0","https://x.com/asugaul/status/1178894993039056896","1679852396","asugaul"
"1178894889385259008","Tue Oct 01 04:50:19 +0000 2019","0","@null PayPal Mau Beli GoPay Platform transfer uang digital Amerika Serikat PayPal Hol https://t.co/gZoT77KhYf","1178894889385259008","","null","in","Gombal Land","0","0","0","https://x.com/G0MBAL_/status/1178894889385259008","312037898","G0MBAL_"
"1178894870712213506","Tue Oct 01 04:50:14 +0000 2019","0","@null PayPal Mau Beli GoPay Platform transfer uang digital Amerika Serikat PayPal Hol https://t.co/wqWvBoXL9Y","1178894870712213506","","null","in","","0","0","0","https://x.com/__twiboy/status/1178894870712213506","625593086","__twiboy"
"1167447296889352192","Sun Sep 29 22:33:51 +0000 2019","0","@gbastian8 @Faizjr_09 @kejO_Online @ridwanhr @Tamasia_ID 2. Jgnkan bank online pinjaman online aja peraturannya masih berantakan. Utk saat ini urusan uang online gopay aja yg nomor 1 dan jelas institusinya. Reputasinya trll besar utk dia main2 dan embat uang orang. Tp jelas dia bukan bank. Konsepnya saat hnya mata uang digital.","1178437763848294402","","Alijktb0077","in","Daerah Tadinya Ibukota Jakarta","0","1","0","https://x.com/Alijktb0077/status/1178437763848294402","3355391114","Alijktb0077"
"1178323526337486849","Sun Sep 29 14:59:55 +0000 2019","0","Ovo. Gopay. Dana. Dll... Mengubah uang kertas jd digital bentuknya udh gak keliatan. Tapi ku pake itu ovo gopay. Tp ada juga yg bilang itu haram. Gak pernah mati listrik abis token pagi2 buta yak? Ovo ngebantu banget.","1178323526337486849","","","in","Your dream, your memory.","0","1","0","https://x.com/Adamyuio_/status/1178323526337486849","1665077960","Adamyuio_"
"1177705908643610624","Fri Sep 27 22:12:22 +0000 2019","0","@askmenfess Apknya lemot atmnya masih jarang ga kena charge kalo saldo +- 1 jutaan kalo dibawah itu ttp kena charge 6500 ngisi ovo gopay dan uang digital lainnya kena charge 3 rb. Apa ya itu sih yang ku rasain.","1177707579524317184","","Askmenfess","in","Kota Surabaya, Jawa Timur","0","1","0","https://x.com/pigeonofautumn/status/1177707579524317184","380754911","pigeonofautumn"
"1174463351591583744","Thu Sep 19 01:53:25 +0000 2019","0","@milliyya @psi_id @PSI_Jakarta Kan SEKARANGJSC lagi kolaborasi sama beberapa platform digital Pertanyaannya Untuk kedepan Bisa ga untuk TJ Jaklingko mrt lrt cl yg pembayarannya hanya pakai uang elektronik nantinya bisa terintegerasi dengan pembayaran dengan menggunakan dompet elektronik seperti gopay ovo dll","1174501719662878720","","milliyya","in","","0","1","0","https://x.com/heySatrio_/status/1174501719662878720","2328868514","heySatrio_"
"1174155579918389248","Wed Sep 18 02:57:59 +0000 2019","0","@pertamina Halo min permisi mau nanya. Apa sekarang di SPBU pertamina dapat membeli bensin dengan menggunakan uang digital semisal ovo / gopay / dana? Mohon penjelasannya dan sistem pembayarannya seperti apa. Terima kasih min","1174155579918389248","","pertamina","in","Indonesia","0","1","0","https://x.com/Schwanzeirs/status/1174155579918389248","978265677222920192","Schwanzeirs"
"1172796775855534080","Sat Sep 14 08:58:35 +0000 2019","0","Puskesmas Ngaliyan sekarang sudah bisa bayar pakai Go-PAY lho.. . . #Apa itu GOPAY? GO-PAY adalah uang elektronik atau dompet digital atau dompet virtual berupa saldo GO-JEK dan dapat digunakan untuk membayar https://t.co/LoFbRx7Whx","1172796775855534080","","","in","","0","0","1","https://x.com/puskngaliyan/status/1172796775855534080","3452690897","puskngaliyan"
"1172685278756122624","Sat Sep 14 01:35:32 +0000 2019","0","Puskesmas Ngaliyan sekarang sudah bisa bayar pakai Go-PAY lho.. *Apa itu GOPAY?* GO-PAY adalah uang elektronik atau dompet digital atau dompet virtual berupa saldo GO-JEK dan dapat digunakan untuk membayar berbagai https://t.co/ONQ5Qsd0DZ","1172685278756122624","","","in","","0","0","0","https://x.com/puskngaliyan/status/1172685278756122624","3452690897","puskngaliyan"
"1172489564763508738","Fri Sep 13 12:37:50 +0000 2019","2","Kalau aku jadi bupati aku mau bikin peraturan kalau mau belanja pake uang APBD harus diubah ke uang digital macam OVO/GOPAY/DANA biar dapat cashback.","1172489564763508738","","","in","Bondowoso","0","0","1","https://x.com/RickyIrfandi/status/1172489564763508738","241543068","RickyIrfandi"
"1172392569168252928","Fri Sep 13 06:15:32 +0000 2019","1","@IndraAziz GoPay kak. Soalnya dari dulu pake GoPay dan saya gak mau punya banyak2 akun uang digital karena alasan privasi. Ngeri aja kalo data pribadi kesebar di berbagai platform.","1172393356434886656","","IndraAziz","in","Indonesia","0","0","0","https://x.com/ad_rian/status/1172393356434886656","56300527","ad_rian"
"1172392569168252928","Fri Sep 13 06:12:25 +0000 2019","1","Pengen tau aja kalo hanya boleh pilih satu uang digital pilih pake apa? Dan kenapa (GoPay OVO Dana dll)","1172392569168252928","","","in","Jazzkarta, Indonesia","0","6","0","https://x.com/IndraAziz/status/1172392569168252928","51390613","IndraAziz"
"1171680101668245505","Thu Sep 12 13:46:39 +0000 2019","0","@yonpurba @CNNIndonesia Yupp rasanya satu2nya yg keliatannya saat ini sanggup bersaing sih ya linkaja tapi ya kita liat aja perusahaan pembayaran digital plat merah semacam linkaja bisa bertahan sampai sejauh apa karena dasarnya mereka ini BUMN sy ngga yakin mereka bisa bakar uang semudah gopay &amp; ovo","1172144494977830913","","yonpurba","in","","0","0","0","https://x.com/snickerafael/status/1172144494977830913","3322294856","snickerafael"
"1171371583010566144","Tue Sep 10 10:35:23 +0000 2019","0","Mestinya BL Kerjasama dgn aplikasi uang digital yg terkoneksi juga dengan jasa transportasi Online. Sprt Toped dengan OVO. Mesti nya BL gandeng Gopay. Eh ini malah DANA.","1171371583010566144","","","in","Your dream, your memory.","0","0","0","https://x.com/Adamyuio_/status/1171371583010566144","1665077960","Adamyuio_"
"1169235510314692608","Wed Sep 04 13:07:23 +0000 2019","0","Tips hemat (akhirnya saya menemukan cara ampuh): 1. Ambil uang di atm sesuai perhitungan 2. 25% pindahkan ke rekening tabungan 3. segera transfer ke uang digital sesuai kebutuhan contoh gopay flazz 4. Sisakan seminim dan semepet mungkin jumlah saldo di rekening utama","1169235510314692608","","","in","Indonesia","0","1","0","https://x.com/dinda695/status/1169235510314692608","135109455","dinda695"
"1168921429104111622","Tue Sep 03 16:28:15 +0000 2019","0","@fazhan0104 Gopay itu uang digital di aplikasi gojek nah kalo paylater itu kaya kita utang dulu ama gojek. Biasanya paylater dipake kalo gada gopay sma gak megang duit cash tapi pengen naik gojek.","1168923671630663685","","","in","pempek mas? ","0","0","0","https://x.com/osiousi/status/1168923671630663685","1123477407867047937","osiousi"
"1168517006628274177","Mon Sep 02 13:32:19 +0000 2019","0","Kamu belum tahu apa itu Yeoster of The Week ? Wah kamu sepertinya harus coba ikutan deh! Yuk mampir ke Fanpage Facebook Yeo s Indonesia dan menangkan hadiah uang digital ( OVO/Gopay ) senilai 150rb untuk 1 orang pemenang di setiap Minggunya. https://t.co/unYmpKOyCq","1168517006628274177","https://pbs.twimg.com/media/EDdoBPnUcAc7vm5.jpg","","in","Indonesia","0","1","0","https://x.com/yeosID/status/1168517006628274177","2229286038","yeosID"
"1168104833313689601","Sun Sep 01 10:14:29 +0000 2019","1","Gue pen bet beli ketoprak depan komplek tapi gapunya uang cash cuman 5rb. Di gopay ovo atm ada banget isinya. Tapi ya gue pen nya ketoprak yg kudu bayar cash Sengsara juga ya punya duit digital semua. Ketukang sayur juga gabisa lah aing ksl ","1168104833313689601","","","in","","0","1","0","https://x.com/MeliaSudrajt/status/1168104833313689601","95438275","MeliaSudrajt"
"1167961104602939392","Sun Sep 01 07:16:05 +0000 2019","1","@Yayatpangeran @berkaryainfo @IkrimaSBG Oh iya bukan link jaringan ya sorry. Tapi yg mengkhawatirkan Gopay &amp; Ovo mereka teratas dlm penggunaan uang elektronik. Mengalahkan E-Money yg dikeluarkan Bank. Selain itu pemakainya msh dikit.","1168059937253052416","","Yayatpangeran","in","","0","1","1","https://x.com/evalez_fr/status/1168059937253052416","108235896","evalez_fr"
"1167283725584855040","Fri Aug 30 05:38:25 +0000 2019","0","@jntexpressid Kak mau usul donk kalau bayar COD bisa kali pakai uang digital(DANA OVO Gopay/ LinkAja) pengalaman saya sering belanja ecommerce lupa tracking tiba2 abang kurirnya sudah didepan rumah/kantor mau bayar cash ternyata lupa ambil uang.","1167310584582266880","","jntexpressid","in","Indonesia","0","0","0","https://x.com/_covid9/status/1167310584582266880","1115830358","_covid9"
"1167061245062598656","Thu Aug 29 13:07:38 +0000 2019","0","Ngaku Yeoster sejati tapi belum tau Challenge ini ? Wah Buruan deh Kamu cek ke Fanpage Facebbok Yeo s Indonesia karena di setiap minggunya ada pemilihan Yeoster Of The Week ! Pssst.. Ada hadiah uang digital ( OVO/Gopay ) hingga ratusan ribu rupiah di setiap minggunya lho. https://t.co/dJXVcNqhAU","1167061245062598656","https://pbs.twimg.com/media/EDI8Ay3UYAEKbga.jpg","","in","Indonesia","0","1","0","https://x.com/yeosID/status/1167061245062598656","2229286038","yeosID"
"1165955090449977344","Tue Aug 27 07:14:44 +0000 2019","0","@eko_kuntadhi Gopay sama ovo di anggap riba apabila pake benefit yg di kasih (diskon). Karna sebelum menggunakannya harus top up dulu dimana uang digital wajib di simpen di bank. Nah uang digital yg di top up itu di anggap utang dan ketika dapet diskon itu di anggep nya manfaat.","1166247660858171392","","_ekokuntadhi","in","Depok","0","1","0","https://x.com/Ekoriyyono/status/1166247660858171392","150495387","Ekoriyyono"
"1165589514024210432","Sun Aug 25 13:27:16 +0000 2019","1","@AriefRptm @TirtoID Pointnya yg saya bold. Bukan masalah sudah diputer atau engga. Uang digital itu hanya alternatif metode pembayaran.Sama aja dengan uang tunaimu tp dlm bentuk digital. U topup Gopay 5rb BUKAN brarti 5rb itu punya si Gojek dan bs dia pake. Itu tetap uangmu tp wujudnya digital. https://t.co/xwUvgqHKUz","1165616636667150336","https://pbs.twimg.com/media/EC0aJE3U8AAv26b.jpg","AriefRptm","in","ÜT: -6.2551488,106.7654196","0","1","1","https://x.com/ivantttsss/status/1165616636667150336","101801241","ivantttsss"
"1164062706577448960","Wed Aug 21 06:36:21 +0000 2019","0","SVP Digital Product GoPay Timothius Martin mengatakan kerja sama antara Gopay dan Google Play ini merupakan kolaborasi Google Play yang pertama dengan platform uang elektronik di Indonesia @gojekindonesia","1164063670994796550","","Zoulidiya_LZ","in","","0","1","0","https://x.com/Zoulidiya_LZ/status/1164063670994796550","1161922900938510336","Zoulidiya_LZ"
"1164035249040347136","Wed Aug 21 04:43:24 +0000 2019","0","Oleh karna itu gue masih mencoba pakai uang fisik walau terkesan jadoel oleh sebagian orang Paling pake digital money tuh buat gopay (akun ovo buat nyimpen cashback dari toped doang) lumayan ada voucher gitu kan jadi bayar ojol cuma 3rb plus ngga ribet kembalian ","1164035249040347136","","","in","Andromeda 🌌","0","0","0","https://x.com/sans_kura/status/1164035249040347136","69016090","sans_kura"
"1163703489110790145","Tue Aug 20 06:45:08 +0000 2019","0","Gopay bukan dompet digital pertama yang lahir di Indonesia. Namun ia bisa disebut sebagai yang pertama yang mempopulerkan sistem transaksi uang elektronik berbasis server","1163703495834271744","","faktaojol","in","","0","1","0","https://x.com/faktaojol/status/1163703495834271744","1100208837502488576","faktaojol"
"1161940459142275078","Thu Aug 15 11:54:57 +0000 2019","0","@3CareIndonesia DONE!!!!! Menurut Ku Lebih Baik Bisa Tukar Uang /Digital (ovo/gopay/dana) atau Voucher yang lain @triindonesia","1161969521898315777","","3CareIndonesia","in","in Indonesia 🇮🇩 +62","0","0","0","https://x.com/Rosmindar_Anwar/status/1161969521898315777","2408548224","Rosmindar_Anwar"
"1161835304598163456","Thu Aug 15 03:01:37 +0000 2019","3","Hai #SobatMIKTI Ayo siapa yang masih setia sama uang tunai? #cashless #money #digital #fintech #gopay #ovo #dana #ekonomidigital https://t.co/rNP3TrskEY","1161835304598163456","https://pbs.twimg.com/media/EB-rDE_UIAEV17K.jpg","","in","","0","0","0","https://x.com/Infomikti/status/1161835304598163456","4741316473","Infomikti"
"1161114299248418816","Tue Aug 13 03:16:36 +0000 2019","1","GoPay sendiri adalah uang elektronik pertama yang dapat dijadikan alternatif untuk melakukan pembayaran JNE secara digital. #JNEmudahbayar #AmanNyaman @gopayindonesia @JNE_ID","1161114299248418816","","","in","Kota Tangerang, Banten","0","0","0","https://x.com/_akmalfarabi/status/1161114299248418816","991557408173387777","_akmalfarabi"
"1161111791490891776","Tue Aug 13 03:14:33 +0000 2019","0","Perkembangan dunia digital e-commerce cukup pesat. Nah pelanggan terbesar adalah UMKM nih. Makanya JNE berkolaborasi dengan Gopay supaya ada pilihan pembayaran selain uang cash. #JNEmudahbayar #AmanNyaman @gopayindonesia @JNE_Id","1161113783214829568","","DessyAchieriny","in","Dessyachieriny@yahoo.com","0","1","0","https://x.com/DessyAchieriny/status/1161113783214829568","113536672","DessyAchieriny"
"1160171855791054853","Sat Aug 10 12:51:40 +0000 2019","0","GoPay: Uang Elektronik - Dompet Digital Terbaik di Indonesia - Gojek https://t.co/JrBXXzllJi","1160171855791054853","","","in","Indonesia","0","0","0","https://x.com/BeritaJaks/status/1160171855791054853","1159431521788289024","BeritaJaks"
"1159413120302866433","Thu Aug 08 12:03:40 +0000 2019","0","@ninityunita @adhityamulya Bikin boroossss. Punya dua uang digital gopay dan dana. Yg dana jarang bgt kepake selain buat nonton. Udah terlanjur topup terus lupa passwordnya dan males ganti ","1159435000514633731","","blazttys","in","Solo - Salatiga ","0","0","0","https://x.com/khususiafi/status/1159435000514633731","353501520","khususiafi"
"1158196780833447936","Mon Aug 05 02:04:59 +0000 2019","0","Gimana gak gagal.. mau makan bakso aja ga bisa karna cash cuma goceng! Mbanking OvO Gopay? Hapenya no network ga bisa akses uang - uang digital ku itu :(","1158197175613919233","","oktiokt","in","","0","1","0","https://x.com/oktiokt/status/1158197175613919233","40419700","oktiokt"
"1154713833543364608","Fri Jul 26 11:39:57 +0000 2019","0","@as_langit Ga perlu berlomba2 buat uang digital cukup 3 aja: gopay ovo link aja. Yang putting banyak merchant bisa saling transfer. Jadi biaya bisa turun.","1154717990656417794","","lajurlangit","in","Bogor, Jawa Barat","0","1","0","https://x.com/esaefrudin/status/1154717990656417794","61136771","esaefrudin"
"1152412813844893696","Sat Jul 20 03:00:00 +0000 2019","0","A: Lho uang kan udah digital ngapain lagi uang kertas dicetak? B: Yhaa kan bayar abang parkir Indomared belom bisa pake ovo gopay dana dan kawan-kawannya :/. #SolusiKeuangan #MelekKeuangan #MelekDuit https://t.co/EkUZGG36dw","1152412813844893696","","","in","Indonesia","0","0","0","https://x.com/smartmoney_co/status/1152412813844893696","2837798976","smartmoney_co"
"1150619185128435712","Mon Jul 15 04:12:45 +0000 2019","0","Padahal dulu kuingatkan untuk selalu sedia uang tunai untuk kebaikanmu sendiri sih karena tentu saja ada gerai/outlet/penjual tertentu yang nggak bisa nerima pembayaran digital. Nambal ban mau bayar pake OVO Dana Gopay Boost? Yakin bisa?","1150619185128435712","","","in","meet me at the library","1","2","0","https://x.com/RahmaPil/status/1150619185128435712","417048058","RahmaPil"
"1149913465458286592","Sat Jul 13 05:28:29 +0000 2019","0","BI tuh kalo bikin pameran (CSR bina ukm) selalu kecil tapi kece. Malah kecenya tergolong boros tapi beneran kece. Pameran di JCC sd besok (14 Juli). Masuk gratis bayar bisa dengan uang digital (gopay ovo dana link dll). Cash jg masi bisa sih tp sebaiknya wang pas. https://t.co/JSxamyOtiS","1149913465458286592","https://pbs.twimg.com/media/D_VQKbdU4AAFl8k.jpg","","in","Jakarta, Indonesia.","0","2","0","https://x.com/kusumamia/status/1149913465458286592","324736043","kusumamia"
"1148401469214736384","Tue Jul 09 05:25:42 +0000 2019","0","@adindaprasty Menurut penglihatan saya pada waktu itu. Bentuk uang digital sprti ovo gopay blm mampu menjamah. Dan warung koyok ngunu ga onok big sale big sale koyok giant d kacuk sing ate kukut ngunu. Btw dino kamis prei gae tahlilan koyoke.","1148463214654398465","","_dindd_","in","404","0","0","0","https://x.com/taufanac/status/1148463214654398465","104087010","taufanac"
"1148045740054204416","Mon Jul 08 09:46:47 +0000 2019","0","@TheArieAir Mungkin ini waktu yang tepat untuk redenominasi karena sudah cukup banyak orang pindah ke uang digital. Jadi tidak harus terlalu banyak cetak uang kartal karena sudah ada GoPay dll. Moment yang tepat adalah jauh dari bulan puasa dan lebaran.","1148166530615484416","","TheArieAir","in","Tangerang Selatan","0","0","0","https://x.com/bsetiawan55/status/1148166530615484416","369868614","bsetiawan55"
"1146304187908710401","Wed Jul 03 06:26:30 +0000 2019","16","Akhirnya BUMN punya dompet digital berbasis QR code yang diberi nama LinkAja. Uang elektronik ini mampu nggak ya mendobrak dua dompet digital lama seperti OVO dan Go-Pay? #LinkAja #OVO #GoPay https://t.co/TQp3GfiOQP","1146304187908710401","","","in","Jakarta, Indonesia","3","6","5","https://x.com/detikfinance/status/1146304187908710401","135795460","detikfinance"
"1146296500986753024","Wed Jul 03 05:55:57 +0000 2019","21","Akhirnya BUMN punya dompet digital berbasis QR code yang diberi nama LinkAja. Uang elektronik ini mampu nggak ya mendobrak dua dompet digital lama seperti OVO dan Go-Pay? #LinkAja #OVO #GoPay via @detikfinance https://t.co/sVoy8yQa1h","1146296500986753024","","","in","","6","7","17","https://x.com/detikcom/status/1146296500986753024","69183155","detikcom"
"1145559017332232192","Mon Jul 01 05:05:27 +0000 2019","0","Dompet dan seluruh isinya ketinggalan. Udah terlanjur iyain isi Gopay ke driver. Pinjam uang teman dan bayar lewat Bank transfer. Maka nikmat era digital mana lagi yang kamu dustakan??????","1145559017332232192","","","in","GMT+7","0","1","0","https://x.com/drlrst/status/1145559017332232192","36585824","drlrst"
"1144557504015159296","Fri Jun 28 10:45:48 +0000 2019","0","ovo untuk grabfood dana untuk bioskop sekarang gopay untuk liga 1 permainan uang digital membuat diri ini semakin konsumtif. tahan woy kamu miskin bngst!","1144557504015159296","","","in","Makassar-Enrekang","0","0","1","https://x.com/SumantriMalik/status/1144557504015159296","635816462","SumantriMalik"
"1143869020615000064","Wed Jun 26 13:10:01 +0000 2019","0","Duit nyangkut di atm 2 rebu aje sayangnya bukan main :') Saat tanggal tua dan kantong mulai kering sedihnya aku adalah karena uang pada nyangkut di dompet2 digital dan gabisa dipake misalnya aja di pom yang gabisa bayar pake gopay dan kawan2nya itu Sobat misqiiin -.- Hadeuh","1143869020615000064","","","in","","0","0","0","https://x.com/kentutlucifer_/status/1143869020615000064","194806670","kentutlucifer_"
"1141209357968801793","Wed Jun 19 05:01:28 +0000 2019","8","Beda Libra &amp; Calibra. Calibra itu sejenis Gopay. Dompet digital untuk transaksi. Ia dimiliki Facebook. Libra adalah mata uang didirikan oleh komunitas non-profit. Pendiri komunitasnya adalah organisasi2 bisnis &amp; non bisnis gede dunia. Dari Indonesia gak ada https://t.co/POwhqwaIFj","1141209357968801793","https://pbs.twimg.com/media/D9Zj29xVAAAIr7w.jpg","","in","","0","0","3","https://x.com/Abaaah/status/1141209357968801793","44295605","Abaaah"
"1138446633467875328","Wed Jun 12 00:26:42 +0000 2019","0","@manarulazizz @Skylarnvm Promo juga yang untuk memancing rakyat kelas bawah untuk memakai jasa ojol trs nanti kalo gada promo apalagi yg mau ditutup? Gopay dan ovo kan saingan jg sama dana jenius dll. Mereka menang jg karena promo. Apakah uang digital jg akan dilarang? @kemenhub151","1138603494615556097","","Suckerzpunch","in","Lokasi","0","1","0","https://x.com/Suckerzpunch/status/1138603494615556097","1089833473831890944","Suckerzpunch"
"1133981996013694978","Thu May 30 06:31:33 +0000 2019","0","@WidasSatyo Ada yg bilang juga kalau kita pakai uang digital kayak gopay sama ovo itu riba . Kita top up juga pake duit sendiri riba darimana aku ga habis pikir","1133984270702194688","","WidasSatyo","in","Kota Surabaya, Jawa Timur","0","0","0","https://x.com/alfiana28/status/1133984270702194688","353971004","alfiana28"
"1132171791101620225","Sat May 25 06:29:24 +0000 2019","0","Buat temen2 yg pake uang digital seperti gopay ovo dana dan semacamya jangan pernah ngasih kode OTP kepada siapapun karna modus penipuan ini masih eksis","1132171791101620225","","","in","","0","3","2","https://x.com/Ghoni_iswandi/status/1132171791101620225","1652126664","Ghoni_iswandi"
"1127698963841204224","Sun May 12 22:15:59 +0000 2019","0","temen skrng klo ngopi makan jajan rokok atau yg lainnya tpi lupa g bawa uang tunai ngomongnya suka pake duitmu dulu nanti aku ganti transfer pakai GOPAY OVO atau DANA cukup membantu juga ini aplikasi digital payment","1127698963841204224","","","in","Kota Malang, Jawa Timur","0","1","0","https://x.com/driverojolmlg/status/1127698963841204224","90647819","driverojolmlg"
"1123831572497612800","Thu May 02 06:08:21 +0000 2019","0","Dear @linkaja ini niat enggak bikin digital payment? Mau transfer uang ke bank atau beli token listrik transaksi selalu gagal. Coba contoh ovo gopay sm dana yang pendatang baru yah. Gua stres pake aplikasi ga siap kayak gitu. https://t.co/DP7bTFUN9c","1123831572497612800","https://pbs.twimg.com/media/D5im2c3WkAU5SQc.jpg","","in","","0","1","0","https://x.com/VeroooGabriel/status/1123831572497612800","217101536","VeroooGabriel"
"1122517242573250561","Sun Apr 28 15:08:30 +0000 2019","0","@pathingy Ini sama aja kyk nanya bisa gak sih top up gopay via ovo linkaja itu kan uang digital juga kan yah menurut saya gak bisa.","1122517954459918337","","pathingy","in","Knowhere","0","0","0","https://x.com/jcygnenoir/status/1122517954459918337","125960212","jcygnenoir"
"1120575627789127680","Tue Apr 23 06:30:23 +0000 2019","0","Dulu manusia memakai barter. Jadi ada banyak: beras garam gandum rempah logam dll. Kekayaannya kesebar. Lalu manusia buat uang. Skrg manusia memakai digital payment. Jadi ada banyak: gopay ovo dana bank A bank B emoney A emoney B dll. Kekayaannya kesebar.","1120575627789127680","","","in","Glasgow, Scotland","0","1","0","https://x.com/darma__p/status/1120575627789127680","425716522","darma__p"
"1115980724425768961","Wed Apr 10 14:11:53 +0000 2019","0","Dengan segala kenyataan yang ada hidupku penuh dengan uang digital . Naik ojek bayarnya pake gopay/ovo Naik Tj Udh pake tapcash Naik kereta pake tapcash Makan siang beli martabak atau jajan-jajan lainnya pake gopay/ovo/dana/ Grgr gini jd seringnya gak megang cash deh ","1115980724425768961","","","in","Jauh di dasar Jiwamu","0","1","0","https://x.com/zonempty/status/1115980724425768961","141046165","zonempty"
"1114184197302657024","Sat Apr 06 13:17:18 +0000 2019","2","@MurniAsih__ @bumiitudatar @GNarend58038019 @KulitAri9_42_9 @JackVardan Untuk Ovo Gopay Ecash Emoney selama menggunakan mata uang rupiah berarti msh kategori uang giral rupiah tadi. Uang elektronik yg brlaku di seluruh dunia ada lagi = Paypal Beda halnya dgn Bitcoin yg merupkan Cryptocurrency. Wkwk pdhl topik awal Sejarah","1114517437234405378","","evalez_fr","in","","0","2","2","https://x.com/evalez_fr/status/1114517437234405378","108235896","evalez_fr"
"1113201709466025984","Tue Apr 02 22:09:04 +0000 2019","1","Sampai saat ini kurang suka dengan uang digital seperti OVO DANA GoPay dll. Lebih suka bayar apa2 pake uang cash","1113201709466025984","","","in","Indonesia","0","2","0","https://x.com/addictparksihoo/status/1113201709466025984","1651873436","addictparksihoo"
"1112251575911645184","Sun Mar 31 09:46:27 +0000 2019","0","@gopayindonesia Sudah dilaporkan sedangkan penanganan 2x24 jam bagaimana jika sedang melakukan pembayaran menggunakan gopay yang harus saat itu juga uang digital transfer ke merchan. Ini no laporan saya 08807369","1112290047305240576","","gopayindonesia","in","Depok, Jawa Barat","0","0","0","https://x.com/Basyartauhid/status/1112290047305240576","848598196897042432","Basyartauhid"
"1108594242841014278","Thu Mar 21 05:00:38 +0000 2019","0","bisa jadi anak2 generasi milenial gak perlu uang cash. semuanya pake uang digital. beli cireng bayar pake ovo/gopay","1108594242841014278","","","in","MRT Line","0","0","0","https://x.com/masbent_/status/1108594242841014278","1080242406123945984","masbent_"
"1108158049657585665","Wed Mar 20 00:07:22 +0000 2019","0","Okey Katanya Pakai Akad Sharf (Sebagai Alat Tukar Pembayaran) Dari Rupiah Jadi GoPay/OVO/Dana Dsb. Lalu... Apabila Rupiah Yang Ditukar Menjadi Uang Digital/E-money (gopay/ovo/dana/dll) Dan... https://t.co/SVouijasta","1108158049657585665","","","in","Jakarta","0","0","0","https://x.com/webpressdev/status/1108158049657585665","2908547773","webpressdev"
"1107665755703668736","Mon Mar 18 16:58:03 +0000 2019","2","@Kang_eNeS @lubis_mariska Uang saja skr sudah berbentuk Digital ya bayar2 skr cukup pake HP. Seperti GoPay Dana OVO dll. Lha kubu sebelah malah mau banyakin Kartu. Padahal isunya pakai Tol Langit Palapa Ring tapi masih ngandelin Kartu2 gmana coba??? Bukannya Kontra Produktif ya???","1107687621277278208","","Kang_eNeS","in","","0","0","0","https://x.com/taufiqR80/status/1107687621277278208","91381591","taufiqR80"
"1105762963359555585","Thu Mar 14 04:18:29 +0000 2019","0","@zeegetop @saididu @prabowo @jokowi Ini 2019 masih ngumpulin receh? Haduh. Udah ada uang kertas ada uang digital (gopay dana ovo). Hidup dimana boss? Cobain deh aplikasinya. Repot pake receh mulu.","1106046920818974720","","zeegetop","in","","0","1","0","https://x.com/provocateurxxi/status/1106046920818974720","1102482774886236160","provocateurxxi"
"1102581614708572160","Mon Mar 04 14:48:36 +0000 2019","1","Semakin banyak merchant yang menerima pembayaran uang digita maka para konsumen semakin banyak konsumen bergantung dengan uang digital kondisi ini akan membentuk suatu budaya baru konsumen secara konsisten menggunakan uang digital Semangat berperang gopay dan ovo burn money ","1102581614708572160","","","in","Bekasi - Banjarnegara","0","0","0","https://x.com/rininofitah/status/1102581614708572160","2430121224","rininofitah"
"1099217964258123776","Sat Feb 23 08:02:39 +0000 2019","0","Sugeng sonten Pak Ganjar. Mohon bantuannya supaya pembayaran tiket BRT TransJateng koridor Stasiun Tawang - Bawen mulai kerjasama dengan Gopay OVO atau digital payment lain. Kadang susah nyari receh atau uang kembalian Pak. Makasih @ganjarpranowo CC : @BrtTransJateng","1099217964258123776","","","in","Semarang,Indonesia","0","1","0","https://x.com/AlwaysDevi/status/1099217964258123776","57021271","AlwaysDevi"
"1095823868428800000","Wed Feb 13 23:15:44 +0000 2019","6","Pada 2020 50% transaksi di Indonesia diprediksi dikuasai uang digital. Hal itu mengingat sistem pembayaran digital seperti OVO dan GoPay meningkat. https://t.co/F3oTa5jYS6","1095823868428800000","","","in","Jakarta, Indonesia","0","0","5","https://x.com/detikfinance/status/1095823868428800000","135795460","detikfinance"
"1094179080197464064","Sat Feb 09 10:25:30 +0000 2019","0","@aqied @InsanWisata Padahal baru debit. Belum uang digital lain macam Gopay atau Tcash. ","1094180480864284673","","aqied","in","/tmp/world","0","0","0","https://x.com/arvernester/status/1094180480864284673","117977234","arvernester"
"1093147597215289344","Wed Feb 06 14:01:11 +0000 2019","0","Meski jaman dah canggih serba digital.. Pegang uang cash hukumnya fardhu ain .. Kelar nonton pd lapar.. Ibu lg pgn steak.. Begitu nyampe kasir kutanya: - Bisa bayar pake gopay? Ga bisa..! - Pake Dana? Ga bisa..!... https://t.co/k1Er87DzA3","1093147597215289344","","","in","Malang","0","0","0","https://x.com/mamad93/status/1093147597215289344","155353556","mamad93"
"1092985087740657664","Wed Feb 06 04:49:59 +0000 2019","0","BTW cara termudah lawan GoPay dan OVO adalah bikin regulasi uang digital harus berasal dari pemerintah atau BUMN ahahha","1093008881905586181","","Soekarnold","in","Earth","0","0","0","https://x.com/Soekarnold/status/1093008881905586181","2204418278","Soekarnold"
"1092346635437301760","Mon Feb 04 15:01:45 +0000 2019","0","@ircboy @LinkAja_ Bukan soal bank bg krn proses bank ribet soal uang digital. Makanya ada perusahaan baru fintech yg menangani soal ini di bawah Telkomsel sendiri sehingga memudahkan alur proses seperti pemain ovo dan gopay jd pihak bank bumn yg memiliki emoney gabung kesana","1092438062443819009","","ircboy","in","Aceh, Indonesia ","0","1","0","https://x.com/hack87/status/1092438062443819009","18240123","hack87"
"1091002830473682945","Thu Jan 31 15:58:39 +0000 2019","0","Pas nih setelah gajian. Setelah Thread Ojol berikutnya berarti Thread Pembayaran Digital atau Uang Elektronik. Pesertanya ada Gopay OVO Dana TCash Sakuku. Akan dikomparasi dari keunggulan masing2 pembayaran. Soon ya","1091002830473682945","","","in","Jakarta - Depok- Shanghai","0","0","0","https://x.com/yonpurba/status/1091002830473682945","59677425","yonpurba"
"1088627766457622528","Fri Jan 25 05:07:30 +0000 2019","0","@Sam_okoY Lek kataku halal mas. Selagi dapetin uangnya dengan cara halal tanpa mencuri merampok. Kan gopay ovo dll itu dalam bentuk uang digital. Sama ae lek kita debit uang e kita kan diatm. Klau ovo gopay ya sama ae kyk debit di atm.","1088664636751175681","","Sam_okoY","in","Malang, Jawa Timur","0","1","0","https://x.com/araaatriara/status/1088664636751175681","886587626","araaatriara"
"1083765404831379456","Sun Jan 13 07:19:30 +0000 2019","0","@luthfiew Bisa tolong Bantu jelaskan gak kiiii? Intinya sih uang digital dalam gopay/emoney gak haram. Tapiiii dasar penjelasannya gw gak ngerti ","1084349202245644288","","luthfiew","in","Jakarta Capital Region","0","1","0","https://x.com/annisabalqis/status/1084349202245644288","105095549","annisabalqis"
"1082872185511800833","Wed Jan 09 05:30:22 +0000 2019","0","Kondangan dengan Uang Digital Mungkinkah? Tamu ga perlu repot ngamplop tinggal scan gopay ovo","1082872185511800833","","","in","bekasi","0","2","0","https://x.com/0b3tt/status/1082872185511800833","313160023","0b3tt"
"1081935066987548672","Sun Jan 06 15:59:09 +0000 2019","0","Untuk pembayaran kalau kamu lupa membawa uang cash tidak perlu khawatir. Bisa membayar dengan menggunakan kartu debit/kredit ataupun uang digital seperti ovo/gopay. Terkadang ada promo juga loh! @pesonaid_travel #PesonaCeritaAkhir2018Awal2019 https://t.co/9staRqPH4q","1081943258698141696","https://pbs.twimg.com/media/DwPVpiWVAAAmTZp.jpg","aiiumm","in","Indonesia","0","1","0","https://x.com/aiiumm/status/1081943258698141696","49033884","aiiumm"
"1080354446071062528","Wed Jan 02 11:28:35 +0000 2019","0","@narpatisuta @jokowi Hehehehe Cara cetak uang sekarang pake istilah poin. Pake nama 1 poin ovo telkomsel grabpay gopay fastpay alfa dll Tukarkan uang anda utk belanja menggunakan poin. Mahasiswa milenial kok payah gak ikut bapak2 tua yg bikin uang digital. Hahahahaha","1080425620587180032","","","in","Apelo,Apelo town square","0","0","0","https://x.com/partaisompret/status/1080425620587180032","2591952690","partaisompret"
"1079663318367797248","Mon Dec 31 08:59:28 +0000 2018","0","2018 itu perubahan yang buat gue berasa sih semuanya sekarang serba digital dan streaming. Dipermudah banget dengan adanya netflix dan spotify udah gitu digitalisasi uang dengan gopay. Patut ditunggu 2019 bakal ada gebrakan apa lagi.","1079663318367797248","","","in","He/Him, 25↑","0","1","0","https://x.com/kirynld/status/1079663318367797248","1292647273","kirynld"
"1079062628167602176","Sat Dec 29 17:12:33 +0000 2018","1","Seandainya aku pintar IT aku mau bikin app yang menjadi wadah bagi uang-uang digital dilengkapi intelligent suggestion untuk tiap-tiap pembelian. The command would be like [ Yakin mau beli Chapayom pake Gopay? Kalo pake Ovo cashbacknya lebih gede! ] [Pilih YES/NO ] ","1079062628167602176","","","in","Jakarta Selatan, DKI Jakarta","1","2","0","https://x.com/fransiskamelati/status/1079062628167602176","86526758","fransiskamelati"
"1074642534486368257","Mon Dec 17 12:28:40 +0000 2018","0","Bener sih. Ngalamin bgt pas mau launch project Gopay. Banyak UKM yg merasa menggunakan digital tu ribet. They have no time to use gadget or smth. Mereka hanya masak melayani nerima uang ngasih kembalian repeat. Yg menolak ada smpe 80% dr setiap wilayah UKM di Jakarta.","1074642534486368257","","","in","Bangkok - Jakarta","0","0","0","https://x.com/tiwoy95/status/1074642534486368257","77410985","tiwoy95"
"1074194217352589313","Sun Dec 16 06:47:13 +0000 2018","0","Uang cash gak ada di dompet males keluar ke atm buka apps gojek pesen gofood liat saldo gopay Rp 0 isi lewat M-banking gak bisa karna gaada pulsa chat temen dikamar kos bawah minta isiin pulsa dari M-bankingnya lanjut isi gopay problem solved. (Adaptasi digital)","1074194217352589313","","","in","","0","0","0","https://x.com/IndraHatmoko/status/1074194217352589313","1459229832","IndraHatmoko"
"1072707265361207296","Wed Dec 12 04:24:51 +0000 2018","0","@SobatHAPE Uang elektroniknya Shopee sob. Semacam Blipay-nya BliBli. Yang bikin dan kembangin Shopee sendiri. Padahal kalo bisa join ama dompet digital yang lain bisa jadi lebih simpel (DANA GOPAY OVO). Udah terlalu banyak pemainnya ","1072708835909885952","","SobatHAPE","in","Indonesia","0","0","0","https://x.com/rayytama/status/1072708835909885952","126915526","rayytama"
"1072201305332961280","Mon Dec 10 18:48:06 +0000 2018","0","Akankah besok pabrik pencetak uang kertas/koin mengalami nasib sama dengan 'media cetak' manakala pembayaran secara digital eMoney (gopay ovo dsb) makin populer? #SuruhGoogleAja yang jawab!","1072201305332961280","","","in","Gayo, Aceh - Indonesia","0","1","0","https://x.com/OrangGayo/status/1072201305332961280","710987065","OrangGayo"
"1070959073862930432","Fri Dec 07 08:31:55 +0000 2018","0","Lo tuh mau minta ditransfer gopay? Gopay bentuknya uang digital bukan duku.","1070959073862930432","","","in","CLOSED DOWN. ","0","1","0","https://x.com/FEL2CITY/status/1070959073862930432","957966652842303488","FEL2CITY"
"1068247195768373248","Thu Nov 29 20:55:53 +0000 2018","0","Well ini kedepannya uang digital bakal keras banget nih persaingannya. Jenius OVO Sakuku dan Gopay bakal nguasain pasar banget nih kedepannya wkwkwk emang rezekinya gua kerja di financial kali yaa karena basic gua yang kerja di bank. Apalagi pas liat saham wah tertarik parah","1068247195768373248","","","in","","0","0","0","https://x.com/fadddlyyy/status/1068247195768373248","334617978","fadddlyyy"
"1067716893413273600","Wed Nov 28 09:48:39 +0000 2018","0","Btw flazz brizzi e-money Indomaret card tapcash ovo gopay dll itu disebutnya apa ya? E-wallet? E-money? Uang digital?","1067716893413273600","","","in","","0","2","0","https://x.com/mbakanggun/status/1067716893413273600","81063489","mbakanggun"
"1067583945544540161","Wed Nov 28 03:28:00 +0000 2018","0","@ichwansaktia @dzulfikar_izzat @KATADATAcoid Keknya ada 3 suku ya Suku Bank digital Jenius Digibank permata me dsb Suku digital payment (e wallet) Gopay ovo tcash dana dsb Suku uang elektronik Emoney brizi flaz tapcash dsb.","1067621102724112384","","wanwayoo","in","Indonesia","0","1","0","https://x.com/traderrebahan/status/1067621102724112384","824775996","traderrebahan"
"1067620572467650560","Wed Nov 28 03:25:54 +0000 2018","0","Cukup banyak keluhan tentang customer yg mndptkan perlakuan kurang baik jika melakukan order dgn ovo @GrabID ataupun gopay @gojekindonesia ini bukti bahwa indonesia masih belum siap untuk implementasi uang digital.","1067620572467650560","","","in","Indonesia","0","2","0","https://x.com/rio_rv/status/1067620572467650560","405426206","rio_rv"
"1064180386429788160","Sun Nov 18 15:35:50 +0000 2018","1","Naik gojek bayar cash. Driver nawarin Gopay eik nolak. Driver: Mas gaptek ya? Nggak ngerti uang digital? ⭐⭐⭐","1064180386429788160","","","in","Absurdistan","4","1","6","https://x.com/BNGPY/status/1064180386429788160","99705510","BNGPY"
"1059676480173555712","Tue Nov 06 05:18:55 +0000 2018","0","Jaman sekarang bayar ojek atau taxi online bisa pakai uang digital. Gopay ovo dll. Ada satu persamaan dari dulu sampai sekarang kalo pergi sama teman ngga bawa cash pake uang Lo deh ntar gue ganti Sesekali sih ngpp tapi kalo keseringan bikin kzl","1059676480173555712","","","in","Jakarta ","0","0","0","https://x.com/okipba/status/1059676480173555712","51686669","okipba"
"1059067191943811072","Sun Nov 04 14:07:25 +0000 2018","0","@barcelonabryan Menurut saya kalo belom bisa transfer antar layanan masih tetep repot mas. Setiap layanan punya uang digital sendiri masa 1 hp banyak layanannya : tcash gopay. Ovo..","1059084706673700864","","barcelonabryan","in","stay at home","0","1","0","https://x.com/itugorengan/status/1059084706673700864","1010168929237340161","itugorengan"
"1053410444390490112","Fri Oct 19 22:19:56 +0000 2018","0","hello @GOPAY_ID buruan lah ngasi fitur tambahan isi ulang uang digital.. d tunggu gebrakan nya..kali aja bisa dipake naek @CommuterLine gitu","1053410444390490112","","","in","masih di sini","0","0","0","https://x.com/temeninvest/status/1053410444390490112","73060067","temeninvest"
"1053216791806148608","Fri Oct 19 09:30:25 +0000 2018","0","Bukan cuma akulaku. Sekarang semua transaksi berbasis uang digital juga harus pakai foto ktp dan wajah jelas. Coba aja pakai gopay ovo shopee dll semua syaratnya kayak gitu. Flip pun dulu gitu bahkan sampai ketemuan langsung.","1053216791806148608","","","in","","0","0","0","https://x.com/calonmantuibumu/status/1053216791806148608","867191624094195714","calonmantuibumu"
"1044617916304379905","Wed Sep 26 00:27:22 +0000 2018","0","@budakgojek percayalah ovo udh ga ad suara lagi kok... udh mulai masuk lagi uang digital... Dana.. bluepay dan lain2'a sejenis gopay... klo emng grab konsisten dya akan trus sama ovo tp kalo hanya inginkan promo dya akan pindah2 kerja dngan uang digital lain'a","1044745207030341632","","","in","#JagakarsaCity","0","1","2","https://x.com/tianfillio/status/1044745207030341632","462200465","tianfillio"
"1038307394508414976","Mon Sep 10 07:34:54 +0000 2018","0","@Wakapoldur @vikihardian @InfoTwitwor (uang digital) (uang semu) jadi selama ini gopay dan ovo gue duit digital yang bisa didownload?!","1039054595253649408","","Wakapoldur","in","-","0","0","0","https://x.com/oktadiora/status/1039054595253649408","149804353","oktadiora"
"1036574669954924544","Mon Sep 03 11:20:34 +0000 2018","0","baru pertama kali bayar race pakai GoPay dan senangnya minta ampun. tidak berasa keluar uang sih tapi ya tetap saja saldo yang ada di GoPay tadinya juga uang tunai yang dikonversi jadi uang digital saja. tapi ya biarin saja senang lagi norak.","1036574669954924544","","","in","Jakarta Capital Region","0","0","0","https://x.com/alheimur/status/1036574669954924544","21984943","alheimur"
"1036106170870579200","Sun Sep 02 04:18:55 +0000 2018","0","Ini Indonesia kebanyakan bikin produk mata uang digital nya. Gopay Ovo Yap Tcash lah dll. Ga mau apa bikin 1 produk aja trus bisa di pake dimana2 jd ga nyusahin.","1036106170870579200","","","in","indonesia","0","0","0","https://x.com/Funkflow22/status/1036106170870579200","193154199","Funkflow22"
"1027557691604983815","Thu Aug 09 14:10:19 +0000 2018","0","Uang tercecer di ovo gopay tokoped tcash. Misqueen d dompet tp kaya secara digital","1027557691604983815","","","in","","0","0","0","https://x.com/valdoLR/status/1027557691604983815","278979893","valdoLR"
"1016540760169111552","Tue Jul 10 04:32:58 +0000 2018","0","Ni digital wallet macem GoPay udah sukses membuat gw idup selama hampir 3 hari tanpa uang tunai. Waw.","1016540760169111552","","","in","KL, Malaysia","0","1","0","https://x.com/yvansup/status/1016540760169111552","81563035","yvansup"
"1012854630894600192","Sat Jun 30 01:04:16 +0000 2018","53","Tanda digital payment sukses di tanah air gampang. Yakni saat pengemis jalanan nolak uang receh tapi maunya dibayar pakai Gopay. Pengemis sudah siapkan QR Code dibalik baju gembelnya. Mantappp. https://t.co/TP5vEW3f1F","1012864361549856768","https://pbs.twimg.com/media/Dg5qxJJVMAE9uBk.jpg","Strategi_Bisnis","in","","14","2","78","https://x.com/Strategi_Bisnis/status/1012864361549856768","190535830","Strategi_Bisnis"
"1008890187622084609","Tue Jun 19 01:52:19 +0000 2018","1","Digital Payment atau pembayaran secara digital menggunakan HP untuk membayar. Seperti sistem transfer uang dari rekening ke rekening hanya saja tidak menggunakan bank melainkan menggunakan sistem yang dibuat oleh GoPay. Video: CNN Indonesia https://t.co/Qw5Lher8w5","1008890187622084609","","","in","Jember, Jawa Timur","0","0","0","https://x.com/warstek_com/status/1008890187622084609","3306601171","warstek_com"
"1004367584446197761","Wed Jun 06 14:21:07 +0000 2018","0","Apa guna punya gopay ratusan ribu kalo driver minta cancel dan minta dibayar cash.. Apalah arti uang digital -_- digital bukan kenyataan. *efek ditolak gocar berkali kali. Di Bali dan di tangerang sama saja..","1004367584446197761","","","in","Indonesia","0","1","2","https://x.com/Kanimonster_/status/1004367584446197761","882139609940992000","Kanimonster_"
"1001303493464932353","Tue May 29 03:25:30 +0000 2018","0","GoPay vs Tcash Pertarungan Lokal Uang Digital https://t.co/741QvRf7W2","1001303493464932353","","","in","Indonesia","0","0","0","https://x.com/kompasiana/status/1001303493464932353","23786106","kompasiana"
"994202814749409280","Wed May 09 16:32:29 +0000 2018","0","@silmihanifah__ Tapi KYC di gopay rada susah juga. Jadi ga bisa nimbun uang disana. Gua ditolak mulu . Iya mi betul soalnya uang ini bentuknya digital. Sekalinya mereka bisa dibreach gawat udah mungkin BI mikirnya sampe kesitu","994253786435567616","","silmihanifah_","in","Bogor, Jawa Barat","0","0","0","https://x.com/luthfirahmads/status/994253786435567616","123454210","luthfirahmads"
"957241032151785473","Sun Jan 28 01:23:26 +0000 2018","12","Itulah knp penelitinya bilang : hati2 dg digital payment pake hape. Uang anda akan cepat habis buat beli macam2 dan tak ada lagi yg tersisa buat tabungan/investasi. Tapi ada solusi brilian : gopay bisa bikin fitur automatic investment......","957423840098795521","","Strategi_Bisnis","in","","0","1","27","https://x.com/Strategi_Bisnis/status/957423840098795521","190535830","Strategi_Bisnis"
"949174789062631424","Sun Jan 07 01:53:50 +0000 2018","0","@Strategi_Bisnis Meburut ane uang digital/pembayaran digital yg bener itu ya kaya model gopay ato tcash ato sejenisnya.. Bkn cryptocurrency #bitcoin yg serba ga jelas apa n gimananya..","949821345738584064","","Strategi_Bisnis","in","Jakarta","1","0","0","https://x.com/bessoYNWA/status/949821345738584064","501840588","bessoYNWA"
"942680645829980160","Mon Dec 18 11:34:18 +0000 2017","0","@Strategi_Bisnis Pak perusahaan fintech ini seperti pembayaran gopay or tcash ini mencari keuntungannya darimana ya kira2? Kalo dipikir itu kan kaya mindahin nominal uang fisik ke uang digital saja. Ga lebih","942719667725930497","","Strategi_Bisnis","in","","1","1","0","https://x.com/bayusto/status/942719667725930497","452186076","bayusto"
"942679541025091584","Mon Dec 18 08:54:51 +0000 2017","7","Fenomena cashless nation sdh terjadi di China. Disana uang fisik dan kartu debet pelan2 masuk museum. Tak lagi relevan. Penguasa digital money disana adalah Alipay (pangsa 54%) dan dikejar WechatPay (pangsa 46%). Disini siapa yg akan menang? Antara gopay grabpay dan Tcash.","942679541025091584","","","in","","0","2","21","https://x.com/Strategi_Bisnis/status/942679541025091584","190535830","Strategi_Bisnis"
"934331439927005184","Sat Nov 25 08:09:41 +0000 2017","1","Servis digital pakai uang digital pun sdh banyak. Kl mau top-up pake apa? Sekarang udah bisa jg pake digital banking. Isi GoPay sampai pulsa HP tinggal klik di aplikasi aja. #digibank #digitalbankmu","934333255830069248","","mrshananto","in","Jakarta, Indonesia","0","1","1","https://x.com/mrshananto/status/934333255830069248","32456794","mrshananto"
