full_text,clean_text,label
@askmenfess Apknya lemot atmnya masih jarang ga kena charge kalo saldo +- 1 jutaan kalo dibawah itu ttp kena charge 6500 ngisi ovo gopay dan uang digital lainnya kena charge 3 rb. Apa ya itu sih yang ku rasain.,apknya lemot atmnya masih jarang ga kena charge kalo saldo jutaan kalo dibawah itu ttp kena charge ngisi ovo gopay dan uang digital lainnya kena charge rb apa ya itu sih yang ku rasain,netral
Saya selalu pakai uang digital jajan mall punya cashback banyak promo.,Saya selalu pakai uang digital jajan mall punya cashback banyak promo.,positif
Katanya mergernya dana dan ovo untuk mengurangi aksi bakar uang sekaligus menyaingi gopay yg berada diatas untuk dompet digital di Indonesia. Apakah mereka mampu untuk menyaingi kalau mereka mengurangi aksi bakar uang. Padahal konsumen suka dengan mereka karena bakar uang,katanya mergernya dana dan ovo untuk mengurangi aksi bakar uang sekaligus menyaingi gopay yg berada diatas untuk dompet digital di indonesia apakah mereka mampu untuk menyaingi kalau mereka mengurangi aksi bakar uang padahal konsumen suka dengan mereka karena bakar uang,netral
Penggunaan uang elektronik dan dompet digital seperti Gopay OVO DANA LinkAja diperkirakan akan semakin mengalami multifungsi dua hingga empat tahun ke depan. https://t.co/8MhylGBbY8,penggunaan uang elektronik dan dompet digital seperti gopay ovo dana linkaja diperkirakan akan semakin mengalami multifungsi dua hingga empat tahun ke depan,netral
GoPay dinilai mampu menjadi pemimpin pasar dimpet digital (e-wallet) di Indonesia meski tidak 'bakar uang'. #GoPay https://t.co/x3nh6qwcN1,gopay dinilai mampu menjadi pemimpin pasar dimpet digital e wallet di indonesia meski tidak bakar uang gopay,netral
Aduh guys gue panik bgt sumpah. Kemarin kan abis jual laptop ya terus duitnya tuh mau dipindahin dari ATM ke digital. Tapi ke DANA ga bisa terus OVO juga trouble akhirnya kirim ke Gopay. Terus w ga tau itu melebihi limit. Uang dari ATMnya berkurang Gopay gua ga keisi ,aduh guys gue panik bgt sumpah kemarin kan abis jual laptop ya terus duitnya tuh mau dipindahin dari atm ke digital tapi ke dana ga bisa terus ovo juga trouble akhirnya kirim ke gopay terus w ga tau itu melebihi limit uang dari atmnya berkurang gopay gua ga keisi,negatif
@milliyya @psi_id @PSI_Jakarta Kan SEKARANGJSC lagi kolaborasi sama beberapa platform digital Pertanyaannya Untuk kedepan Bisa ga untuk TJ Jaklingko mrt lrt cl yg pembayarannya hanya pakai uang elektronik nantinya bisa terintegerasi dengan pembayaran dengan menggunakan dompet elektronik seperti gopay ovo dll,kan sekarangjsc lagi kolaborasi sama beberapa platform digital pertanyaannya untuk kedepan bisa ga untuk tj jaklingko mrt lrt cl yg pembayarannya hanya pakai uang elektronik nantinya bisa terintegerasi dengan pembayaran dengan menggunakan dompet elektronik seperti gopay ovo dll,netral
Gojek akuisisi link aja. Sementara kalo liat data top 3 uang digital itu gopay ovo link aja. Ini aja udah duopoli Kalo ditambah merger dengan tokopedia gojekxtokped secara tdk resmi menguasai top 3 uang digital. Bau2 monopoli It must be stopped sih kalo ikut aturan main,gojek akuisisi link aja sementara kalo liat data top uang digital itu gopay ovo link aja ini aja udah duopoli kalo ditambah merger dengan tokopedia gojekxtokped secara tdk resmi menguasai top uang digital bau monopoli it must be stopped sih kalo ikut aturan main,negatif
@chikenmekd @FOODFESS2 Ya itu gopay ovo. Kl pake ovo instal lg apps nya aktifin dl isi dl Saldonya br bisa buat transaksi. Uang virtual tuh uang digital tak biasa yang dikeluarkan dan dikendalikan oleh para pengembangnya dan dipakai dan diterima oleh para anggota komunitas virtual spesifik,ya itu gopay ovo kl pake ovo instal lg apps nya aktifin dl isi dl saldonya br bisa buat transaksi uang virtual tuh uang digital tak biasa yang dikeluarkan dan dikendalikan oleh para pengembangnya dan dipakai dan diterima oleh para anggota komunitas virtual spesifik,netral
#giveaway Reposted from @sinarmassakti KITZ VALVE Authorized Distributor Dapatkan hadiah uang digital ovo_id atau @GOPAY_ID senilai @ Rp.100.000 - untuk 2 orang pemenang #graduation giveaway Cara mengikuti https://t.co/BhUx669op9,giveaway reposted from kitz valve authorized distributor dapatkan hadiah uang digital ovo_id atau senilai rp untuk orang pemenang graduation giveaway cara mengikuti,netral
@tempodotco Pake gopay ada keuntungan nya? Diskon ato cash back? Klo sebatas pertukaran uang kertas ke digital itu unfaedah diem.,pake gopay ada keuntungan nya diskon ato cash back klo sebatas pertukaran uang kertas ke digital itu unfaedah diem,netral
@arifnovianto_id Tujuannya semua adalah ke Uang Digital kalau udah banyak yg pakai Gopay OVO ShopeePay yg lain bisa dilupakan/diturunkan prioritasnya.,tujuannya semua adalah ke uang digital kalau udah banyak yg pakai gopay ovo shopeepay yg lain bisa dilupakan diturunkan prioritasnya,netral
@Strategi_Bisnis Pak perusahaan fintech ini seperti pembayaran gopay or tcash ini mencari keuntungannya darimana ya kira2? Kalo dipikir itu kan kaya mindahin nominal uang fisik ke uang digital saja. Ga lebih,pak perusahaan fintech ini seperti pembayaran gopay or tcash ini mencari keuntungannya darimana ya kira kalo dipikir itu kan kaya mindahin nominal uang fisik ke uang digital saja ga lebih,netral
@RianaRimosa @aswinsuharsono @PartaiSocmed @Ardiansriego @Microbacted sama dengan kesepakatan jaman dulu orang mulai transaksi dgn barter kemudian pindah ke logam mulia selanjutnya ke Fiat sekarang mungkin expense kita 70% udah digital liat aja gopay coin ovo point itu kan bukan fiat tapi mata uang transisi dari fiat ke crypto,sama dengan kesepakatan jaman dulu orang mulai transaksi dgn barter kemudian pindah ke logam mulia selanjutnya ke fiat sekarang mungkin expense kita udah digital liat aja gopay coin ovo point itu kan bukan fiat tapi mata uang transisi dari fiat ke crypto,netral
"- Belum punya premium Gopay, jangan khawatir. Cukup link ShopeePay atau Dana aja, selesai!","- Belum punya premium Gopay, jangan khawatir. Cukup link ShopeePay atau Dana aja, selesai!",negatif
Ngaku Yeoster sejati tapi belum tau Challenge ini ? Wah Buruan deh Kamu cek ke Fanpage Facebbok Yeo s Indonesia karena di setiap minggunya ada pemilihan Yeoster Of The Week ! Pssst.. Ada hadiah uang digital ( OVO/Gopay ) hingga ratusan ribu rupiah di setiap minggunya lho. https://t.co/dJXVcNqhAU,ngaku yeoster sejati tapi belum tau challenge ini wah buruan deh kamu cek ke fanpage facebbok yeo s indonesia karena di setiap minggunya ada pemilihan yeoster of the week pssst ada hadiah uang digital ovo gopay hingga ratusan ribu rupiah di setiap minggunya lho,netral
"Aktivasi uang digital harus pakai, ga bisa pake yang lebih populer kayak Gopay nih. Saya sendiri sejak Desember gak bisa ngeaktivasi LinkAja ini benar-benar ribet.","Aktivasi uang digital harus pakai, ga bisa pake yang lebih populer kayak Gopay nih. Saya sendiri sejak Desember gak bisa ngeaktivasi LinkAja ini benar-benar ribet.",negatif
"Variasi 1: tambahin kerjaan online aja gini, penghasilan masukin reksadana sisanya taruh di go pay, spaya bisa tidur lelap aja","Variasi 1: tambahin kerjaan online aja gini, penghasilan masukin reksadana sisanya taruh di go pay, spaya bisa tidur lelap aja",positif
"Dunia digital ini benar-benar luar biasa, gue bisa pakai uang dari ATM lain dan jajan terus, pas mau bayar gue pilih Gopay, bener-bener nyesel banget!","Dunia digital ini benar-benar luar biasa, gue bisa pakai uang dari ATM lain dan jajan terus, pas mau bayar gue pilih Gopay, bener-bener nyesel banget!",positif
"Uang digital itu menyenangkan, gausah buka atm lagi bisa langsung jajan.","Uang digital itu menyenangkan, gausah buka atm lagi bisa langsung jajan.",positif
Bayar SPP bisa pakai sistem e-money macam link gopay dll jadi siswa gak bisa nilep uang SPP untuk jajan. Semua modul LKS pakai sistem digital. Asesmen juga online lewat hape jadi siswa bakal lebih sibuk ngerjain tugas di hp daripada pake hapenya sosmed-an pas guru lagi ngajar.,bayar spp bisa pakai sistem e money macam link gopay dll jadi siswa gak bisa nilep uang spp untuk jajan semua modul lks pakai sistem digital asesmen juga online lewat hape jadi siswa bakal lebih sibuk ngerjain tugas di hp daripada pake hapenya sosmed an pas guru lagi ngajar,netral
@gojekindonesia @naztaaa @ge_gojek_an @KangGojek Menurutnya pihaknya masih menggelar sosialiasi kepada masyarakat terkait pembayaran secara digital atau tak lagi menggunakan uang tunai. Sekarang penumpang BRT bisa bayar pakai GoPay Ovo Dana dan pembayaran digital lainnya ucapnya.,menurutnya pihaknya masih menggelar sosialiasi kepada masyarakat terkait pembayaran secara digital atau tak lagi menggunakan uang tunai sekarang penumpang brt bisa bayar pakai gopay ovo dana dan pembayaran digital lainnya ucapnya,netral
Deposit Dari Semua Bank Local Dan Uang Digital (Ovo Gopay pulsa XL dan Telkomsel) * Hubungi Kami : Line : ItuBola WeChat : Itubola Whatsapp : +85517696120 Promo Cashback 5% #agentjudionline #agenterpecaya #bolaonline Link Alternatif ituBola: https://t.co/GqaWuqHpfX https://t.co/M9UpbaPpnD,deposit dari semua bank local dan uang digital ovo gopay pulsa xl dan telkomsel hubungi kami line itubola wechat itubola whatsapp promo cashback agentjudionline agenterpecaya bolaonline link alternatif itubola,netral
Padahal dulu kuingatkan untuk selalu sedia uang tunai untuk kebaikanmu sendiri sih karena tentu saja ada gerai/outlet/penjual tertentu yang nggak bisa nerima pembayaran digital. Nambal ban mau bayar pake OVO Dana Gopay Boost? Yakin bisa?,padahal dulu kuingatkan untuk selalu sedia uang tunai untuk kebaikanmu sendiri sih karena tentu saja ada gerai outlet penjual tertentu yang nggak bisa nerima pembayaran digital nambal ban mau bayar pake ovo dana gopay boost yakin bisa,negatif
@yonpurba @CNNIndonesia Yupp rasanya satu2nya yg keliatannya saat ini sanggup bersaing sih ya linkaja tapi ya kita liat aja perusahaan pembayaran digital plat merah semacam linkaja bisa bertahan sampai sejauh apa karena dasarnya mereka ini BUMN sy ngga yakin mereka bisa bakar uang semudah gopay &amp; ovo,yupp rasanya satunya yg keliatannya saat ini sanggup bersaing sih ya linkaja tapi ya kita liat aja perusahaan pembayaran digital plat merah semacam linkaja bisa bertahan sampai sejauh apa karena dasarnya mereka ini bumn sy ngga yakin mereka bisa bakar uang semudah gopay amp ovo,netral
Secara umum untuk isi saldo OVO GOPAY I.Saku dan lainnya via aplikasi DANA prinsipnya yakni mengirim uang ke bank tempat saldo digital wallet itu bermuara. No Rekeningnya menggunakan nomor hp yang terdaftar di digital wallet itu.,secara umum untuk isi saldo ovo gopay i saku dan lainnya via aplikasi dana prinsipnya yakni mengirim uang ke bank tempat saldo digital wallet itu bermuara no rekeningnya menggunakan nomor hp yang terdaftar di digital wallet itu,netral
@linkaja Ini maksudnya gimana? Jadi sebagai pengguna linkaja kita bisa menerima uang dari dompet digital lain seperti gopay atau ovo?,ini maksudnya gimana jadi sebagai pengguna linkaja kita bisa menerima uang dari dompet digital lain seperti gopay atau ovo,netral
@chelthemochi Yes. Kalo dari penyataan2 mereka dr kmaren ya kynya sebodo amat sih. Paypal diblokir blgnya kan pembayaran digital di indo udah banyak berarti kan goblok ya mgkn paypal disamain sama gopay dana gitu2. Game2 jg ya bnyk gamer udah ngabisin uang disitu lalu tiba2 diblok hadeh,yes kalo dari penyataan mereka dr kmaren ya kynya sebodo amat sih paypal diblokir blgnya kan pembayaran digital di indo udah banyak berarti kan goblok ya mgkn paypal disamain sama gopay dana gitu game jg ya bnyk gamer udah ngabisin uang disitu lalu tiba diblok hadeh,negatif
@barcelonabryan Menurut saya kalo belom bisa transfer antar layanan masih tetep repot mas. Setiap layanan punya uang digital sendiri masa 1 hp banyak layanannya : tcash gopay. Ovo..,menurut saya kalo belom bisa transfer antar layanan masih tetep repot mas setiap layanan punya uang digital sendiri masa hp banyak layanannya tcash gopay ovo,negatif
bisa jadi anak2 generasi milenial gak perlu uang cash. semuanya pake uang digital. beli cireng bayar pake ovo/gopay,bisa jadi anak generasi milenial gak perlu uang cash semuanya pake uang digital beli cireng bayar pake ovo gopay,netral
Pengumuman Pemenang #KuisSKKMigas Hai Sobat Migas Selamat ya kepada para pemenang! Kuis Temukan Mereka Dengan Jodohnya berikut list nama pemenangnya ya (Segera DM kami info data diri berupa nama no hp serta pengiriman uang digital akan kemana (Ovo/Gopay/ Dana) https://t.co/K5Qsx024Fx,pengumuman pemenang kuisskkmigas hai sobat migas selamat ya kepada para pemenang kuis temukan mereka dengan jodohnya berikut list nama pemenangnya ya segera dm kami info data diri berupa nama no hp serta pengiriman uang digital akan kemana ovo gopay dana,netral
"- Jangan mau foto selfie sama KTP, bisa dipakai buat pinjaman online atau uang digital, seperti OVO, jangan pernah!","- Jangan mau foto selfie sama KTP, bisa dipakai buat pinjaman online atau uang digital, seperti OVO, jangan pernah!",negatif
@aliralira Kdg kan ada tuh yg digital bank pas gangguan sinyal tau2 kepotong pdhl transaksi gagal nah kalo line bank ini smooth sih. Daftarnya jg cepet bgt prosesnya dan gak terlalu ditanyain banyak. Bisa kirim uang lewat gopay klo cari KEB hana bank ,kdg kan ada tuh yg digital bank pas gangguan sinyal tau kepotong pdhl transaksi gagal nah kalo line bank ini smooth sih daftarnya jg cepet bgt prosesnya dan gak terlalu ditanyain banyak bisa kirim uang lewat gopay klo cari keb hana bank,netral
Pengertian uang digital itu mungkin ada dua : - uang yg kita bayarkan melalui digital payment spt via gopay atau via aneka transfer mobile banking. Gak ada fisiknya. - uang dlm format digital spt e-certificate vaksin itu. Jadi bisa didownload dan disimpan dlm folder laptop.,pengertian uang digital itu mungkin ada dua uang yg kita bayarkan melalui digital payment spt via gopay atau via aneka transfer mobile banking gak ada fisiknya uang dlm format digital spt e certificate vaksin itu jadi bisa didownload dan disimpan dlm folder laptop,netral
apalagi akun uang digital macam ovo/gopay dsb jangan isi lebih dari sejuta kecuali untuk langsung dihabiskan karena mobile apps lebih mudah hacked. sedangkan untuk mobile banking mending lewat browser aja jangan pake mobile appnya dan gunakan tokennya bukan pembayaran instant,apalagi akun uang digital macam ovo gopay dsb jangan isi lebih dari sejuta kecuali untuk langsung dihabiskan karena mobile apps lebih mudah hacked sedangkan untuk mobile banking mending lewat browser aja jangan pake mobile appnya dan gunakan tokennya bukan pembayaran instant,netral
@ravenadita This is true kalo dapet uang pasti ada alokasi ke bentuk digital. Btw gamau ngisiin aku gopay ven?,this is true kalo dapet uang pasti ada alokasi ke bentuk digital btw gamau ngisiin aku gopay ven,netral
Sebelumnya TransferWise telah terlebih dulu jalin kerja sama dengan beberapa platform digital wallet lokal tepatnya sejak November 2019 lalu. Pengguna bisa mengirim uang dari luar negeri ke akun Dana Gopay dan Ovo. Dengan isu yang sama beberapa startup Indonesia juga hadir https://t.co/PPzcezyZLd,sebelumnya transferwise telah terlebih dulu jalin kerja sama dengan beberapa platform digital wallet lokal tepatnya sejak november lalu pengguna bisa mengirim uang dari luar negeri ke akun dana gopay dan ovo dengan isu yang sama beberapa startup indonesia juga hadir,netral
BI tuh kalo bikin pameran (CSR bina ukm) selalu kecil tapi kece. Malah kecenya tergolong boros tapi beneran kece. Pameran di JCC sd besok (14 Juli). Masuk gratis bayar bisa dengan uang digital (gopay ovo dana link dll). Cash jg masi bisa sih tp sebaiknya wang pas. https://t.co/JSxamyOtiS,bi tuh kalo bikin pameran csr bina ukm selalu kecil tapi kece malah kecenya tergolong boros tapi beneran kece pameran di jcc sd besok juli masuk gratis bayar bisa dengan uang digital gopay ovo dana link dll cash jg masi bisa sih tp sebaiknya wang pas,netral
Bagi sebuah bisnis yang ingin terus beradaptasi menjadi fleksibel dengan pembayaran online itu sangat penting. Gimana jadinya coba kalau kita belum bisa menerima pembayaran digital seperti GoPay OVO dan Dompet Digital lainnya saat pelanggan tidak membawa uang tunai?,bagi sebuah bisnis yang ingin terus beradaptasi menjadi fleksibel dengan pembayaran online itu sangat penting gimana jadinya coba kalau kita belum bisa menerima pembayaran digital seperti gopay ovo dan dompet digital lainnya saat pelanggan tidak membawa uang tunai,netral
#MGTPLAY Airing! BTW sharing uang digital yg biasa kamu pake donk... 1. Ovo 2. Gopay 3. LinkAja 4.ShopeePay 5. Lainnya sebutkan... Sambil #REQUEST donk biar semangat sharingnya Lgsg reply aja atau WA di 08122041011 atau bisa juga klik Banner REQUEST di www.mgtradiocom Yuk ah! https://t.co/RSuCVVdjRf,mgtplay airing btw sharing uang digital yg biasa kamu pake donk ovo gopay linkaja shopeepay lainnya sebutkan sambil request donk biar semangat sharingnya lgsg reply aja atau wa di atau bisa juga klik banner request di yuk ah,netral
Selamat untuk @ET_Febrian kamu pemenang Teka Teki Penyiaran Kominfo di twitter ya. Untuk lebih lengkapnya DM minfo no. handphone dan layanan uang digital yang kalian inginkan (gopay/ovo/linkaja). Buat yang belum menang jangan bersedih hati. Masih ada kuis selanjutnya kok! https://t.co/5cuxD3jytZ,selamat untuk kamu pemenang teka teki penyiaran kominfo di twitter ya untuk lebih lengkapnya dm minfo no handphone dan layanan uang digital yang kalian inginkan gopay ovo linkaja buat yang belum menang jangan bersedih hati masih ada kuis selanjutnya kok,netral
aku kan niat beli dogllars yang 100 itu kan soalenya emang ngepas uang di gopay cuman pas buat itu terus ga sengaja kepencet beli yg 750 dogllars tapi kok payment nya berhasil padahal udah gaada duit loh di gopayku / di dompet digital lainku https://t.co/6t5aKHmn3M,aku kan niat beli dogllars yang itu kan soalenya emang ngepas uang di gopay cuman pas buat itu terus ga sengaja kepencet beli yg dogllars tapi kok payment nya berhasil padahal udah gaada duit loh di gopayku di dompet digital lainku,negatif
Group Salim bakal luncurkan uang digital ini kata GoPay https://t.co/tiFVjATxaz #Fintech,group salim bakal luncurkan uang digital ini kata gopay fintech,netral
"W paling males kalau masalah uang harus pake digital, cuma ovo gopay aja yang perlu diisi, bener-bener bisa digunakan","W paling males kalau masalah uang harus pake digital, cuma ovo gopay aja yang perlu diisi, bener-bener bisa digunakan",negatif
"- Bisa ngasih uang lewat Gopay, lalu suruh beli buku lewat Gramedia Digital, uangnya sih balik, dan dia juga sadar.","- Bisa ngasih uang lewat Gopay, lalu suruh beli buku lewat Gramedia Digital, uangnya sih balik, dan dia juga sadar.",positif
"4. Bank digital lagi ngasih promo uang reward klo kamu mendaftar ke mereka, kayak seabank, k neo, k bank jago, dan banyak lagi! Worth to try, jangan sampe kelewatan promo ini!","4. Bank digital lagi ngasih promo uang reward klo kamu mendaftar ke mereka, kayak seabank, k neo, k bank jago, dan banyak lagi! Worth to try, jangan sampe kelewatan promo ini!",positif
"- uang tunai untuk nikah, cashless aja yaa","- uang tunai untuk nikah, cashless aja yaa",positif
masalah gopay ovo itu jelas banget udah uang digital mata uang rupiah aja bikin rupiah jadi masalah bi kantor gopay ovo ada bitcoin kantornya tapi kagak jelas,masalah gopay ovo itu jelas banget udah uang digital mata uang rupiah aja bikin rupiah jadi masalah bi kantor gopay ovo ada bitcoin kantornya tapi kagak jelas,negatif
@lilis044 Gopay bank neo uang digital banyk.,gopay bank neo uang digital banyk,netral
Servis digital pakai uang digital pun sdh banyak. Kl mau top-up pake apa? Sekarang udah bisa jg pake digital banking. Isi GoPay sampai pulsa HP tinggal klik di aplikasi aja. #digibank #digitalbankmu,servis digital pakai uang digital pun sdh banyak kl mau top up pake apa sekarang udah bisa jg pake digital banking isi gopay sampai pulsa hp tinggal klik di aplikasi aja digibank digitalbankmu,netral
Yang mau convert pulsa jadi uang ke cv roleplayer yuk atau langsung kepoin ig nya @convert_rp. Info rate; Telkomsel 0.80 Axis/XL 30k-100k 0.80 Axis/XL 101 ke atas 0.82 Support to bank BRI/BNI/BCA/Mandiri Support dompet digital ovo/dana/gopay/Shopee pay #convertpulsa #zonauang https://t.co/wD3eEq8AuV,yang mau convert pulsa jadi uang ke cv roleplayer yuk atau langsung kepoin ig nya info rate telkomsel axis xl k k axis xl ke atas support to bank bri bni bca mandiri support dompet digital ovo dana gopay shopee pay convertpulsa zonauang,netral
Semenjak ada gopay ovo dana dan uang digital lainnya jadi jarang nemu duit di jalan.,semenjak ada gopay ovo dana dan uang digital lainnya jadi jarang nemu duit di jalan,netral
"- Aku ingin beli dolar tapi harus ada uang di Gopay, tapi akhirnya aku gak sengaja beli dolar aja dan pembayaran sukses meskipun aku udah habis duit di Gopayku.","- Aku ingin beli dolar tapi harus ada uang di Gopay, tapi akhirnya aku gak sengaja beli dolar aja dan pembayaran sukses meskipun aku udah habis duit di Gopayku.",negatif
Dia blg dia ud gk ada saldo buat transfer. Hello bu first thing first dalam belanja online pastikan saldo entah mbca ovo gopay apapun lahh uang digital ada. Trs msh ngeyel blg adanya cash.,dia blg dia ud gk ada saldo buat transfer hello bu first thing first dalam belanja online pastikan saldo entah mbca ovo gopay apapun lahh uang digital ada trs msh ngeyel blg adanya cash,netral
Bank digital yang bener2 ke pake (ga cuma buat nabung / taro uang aja) beneran cuma si Jago. Fitur apps nya lumayan lengkap (pls tambahin list bank payment CC). Direct connect ke Bibit Gopay bayar ini itu ga ada biaya tambahan on top of that tiap bulan dapet vocer belanja https://t.co/osH4oPXiep,bank digital yang bener ke pake ga cuma buat nabung taro uang aja beneran cuma si jago fitur apps nya lumayan lengkap pls tambahin list bank payment cc direct connect ke bibit gopay bayar ini itu ga ada biaya tambahan on top of that tiap bulan dapet vocer belanja,positif
Gopay sudah bisa digunakan untuk membayar spp dan sumbangan pendidikan dengan mudah dan cepat.,Gopay sudah bisa digunakan untuk membayar spp dan sumbangan pendidikan dengan mudah dan cepat.,positif
"Variasi 4: di bandung, rupiah diganti jadi koin timezone, aman pakai tapi malah bikin masyarakat masuk ke pinjol","Variasi 4: di bandung, rupiah diganti jadi koin timezone, aman pakai tapi malah bikin masyarakat masuk ke pinjol",negatif
#Kom11 Misbakhun @Golkar5 #Jatim2 : apa langkah antisipasi bapak-bapak dalam menangani masalah uang digital seperti ovo gopay dll.,kom misbakhun jatim apa langkah antisipasi bapak bapak dalam menangani masalah uang digital seperti ovo gopay dll,netral
"3. Simpan uang dalam bentuk digital? Jangan, ada PayPal, Gopay, Shopeepay, dll, kita ga tahu kapan mereka ditutup atau diblokir, kita harus hati-hati.","3. Simpan uang dalam bentuk digital? Jangan, ada PayPal, Gopay, Shopeepay, dll, kita ga tahu kapan mereka ditutup atau diblokir, kita harus hati-hati.",negatif
"Variasi 3: teknologi makin maju, uang digital makin gampang, tapi pas uang di rekening udah abis, masih ada saldo di gopay, jadi langsung nyetok lagi ke rekening, udah kayak desperate banget.","Variasi 3: teknologi makin maju, uang digital makin gampang, tapi pas uang di rekening udah abis, masih ada saldo di gopay, jadi langsung nyetok lagi ke rekening, udah kayak desperate banget.",positif
@wawanAMORVINE @WatcherGuru E banking Gopay Ovo dsb yg ada sekarang hanya meng-digitalkan transaksi artinya BI tetep cetak uang fisiknya. Kalau digital currency BI tdk cetak uang scr fisik. Agak panjang kalau dijelasin krn sekilas memang mirip tp sebenarnya secara sistem berbeda.,e banking gopay ovo dsb yg ada sekarang hanya meng digitalkan transaksi artinya bi tetep cetak uang fisiknya kalau digital currency bi tdk cetak uang scr fisik agak panjang kalau dijelasin krn sekilas memang mirip tp sebenarnya secara sistem berbeda,netral
@rlthingy Uang digital tuh berarti kayak gopay dan ovo kah? Mending di indonesia bikin biar bisa non tunai. Masalahnya kadang kalau mau bayar pake debit ribet. Banyak biaya admin kalo mesin debitnya gak sesama bank.,uang digital tuh berarti kayak gopay dan ovo kah mending di indonesia bikin biar bisa non tunai masalahnya kadang kalau mau bayar pake debit ribet banyak biaya admin kalo mesin debitnya gak sesama bank,netral
"Variasi 1: kayaknya paypal diblokir kejadian kemarin aja, kynya sebodo sih, kayaknya paypal samain sama gopay dana, itu udah banyak digunakan di indo.","Variasi 1: kayaknya paypal diblokir kejadian kemarin aja, kynya sebodo sih, kayaknya paypal samain sama gopay dana, itu udah banyak digunakan di indo.",negatif
pengen gitu uang digital (ovo gopay dana dan juga mbanking) pake face recognition atau pake fingerprint. tapi... fitur itu aktif kalo hpnya dilock menggunakan salah satu metode diatas. sementata gue paling ogah hp di password² gitu,pengen gitu uang digital ovo gopay dana dan juga mbanking pake face recognition atau pake fingerprint tapi fitur itu aktif kalo hpnya dilock menggunakan salah satu metode diatas sementata gue paling ogah hp di password² gitu,netral
Well ini kedepannya uang digital bakal keras banget nih persaingannya. Jenius OVO Sakuku dan Gopay bakal nguasain pasar banget nih kedepannya wkwkwk emang rezekinya gua kerja di financial kali yaa karena basic gua yang kerja di bank. Apalagi pas liat saham wah tertarik parah,well ini kedepannya uang digital bakal keras banget nih persaingannya jenius ovo sakuku dan gopay bakal nguasain pasar banget nih kedepannya wkwkwk emang rezekinya gua kerja di financial kali yaa karena basic gua yang kerja di bank apalagi pas liat saham wah tertarik parah,netral
"Paling males kalau harus digital, tapi paling mudah aja pake ovo gopay, nggak perlu ribet","Paling males kalau harus digital, tapi paling mudah aja pake ovo gopay, nggak perlu ribet",negatif
Give Away 100k untuk 2 orang masing² dapet 50k dalam bentuk gopay ovo dana shopeepay atau uang digital lainnya. Syarat: 1. Rt twit ini 2. Folo salah satu jualanku https://t.co/tNufKk683F atau https://t.co/TPBhOuwZRx atau @Ayo_njajan 3. Ss kalo udah folo End isya nanti.,give away k untuk orang masing² dapet k dalam bentuk gopay ovo dana shopeepay atau uang digital lainnya syarat rt twit ini folo salah satu jualanku atau atau ss kalo udah folo end isya nanti,netral
Kominfo RI memberikan jatah waktu 5 hari bagi para pengguna layanan Paypal di Indonesia untuk secepatnya melakukan penarikan uang mereka yang masih berada di Paypal ke aplikasi pembayaran digital lainnya yang terdaftar di kementerian Kominfo RI macam Ovo shopee pay atau gopay,kominfo ri memberikan jatah waktu hari bagi para pengguna layanan paypal di indonesia untuk secepatnya melakukan penarikan uang mereka yang masih berada di paypal ke aplikasi pembayaran digital lainnya yang terdaftar di kementerian kominfo ri macam ovo shopee pay atau gopay,netral
Plus nya gopay always stand by dont worry klo laper apa butuh ojek bermanfaat bgt klo ada uang digital tuh tpi berdoanya montor gag kenapa kenap biar itu cuma buat dana cadangan aja ,plus nya gopay always stand by dont worry klo laper apa butuh ojek bermanfaat bgt klo ada uang digital tuh tpi berdoanya montor gag kenapa kenap biar itu cuma buat dana cadangan aja,netral
GoPay sistem pembayaran digital milik Gojek sudah bisa melakukan pembayaran uang SPP (Sumbangan Pembinaan Pendidikan) dengan mudah dan cepat. Sebelumnya guyonan bayar SPP pakai Gopay hanyalah candaan ketika mantan https://t.co/4SaDNrk33h,gopay sistem pembayaran digital milik gojek sudah bisa melakukan pembayaran uang spp sumbangan pembinaan pendidikan dengan mudah dan cepat sebelumnya guyonan bayar spp pakai gopay hanyalah candaan ketika mantan,positif
Para pembeli biasanya membayar belanja tersebut dengan teknologi uang elektronik dan dompet digital seperti transfer bank Dana OVO Gopay ShopeePay maupun Link Aja.,para pembeli biasanya membayar belanja tersebut dengan teknologi uang elektronik dan dompet digital seperti transfer bank dana ovo gopay shopeepay maupun link aja,netral
@hehe_ajadulu @poerbaa_ @tanyarlfes Ovo ama Gopay uang digital? Uang juga gak sih?,ovo ama gopay uang digital uang juga gak sih,netral
"E tuyul bisa mencuri uang di atm maupun aplikasi seperti gopay, ovo, dan dana.","E tuyul bisa mencuri uang di atm maupun aplikasi seperti gopay, ovo, dan dana.",negatif
@ridwanhr Buat UMKM kayaknya bisa memulai untuk mencoba menerima pembayaran dompet digital seperti GoPay OVO dsb. Kalau mau yg BUMN juga ada LinkAja. Hal ini bisa meminimalisir peredaran upal karena kalau toko kecil aja udah cashless peredaran uang fisik jg semakin berkurang.,buat umkm kayaknya bisa memulai untuk mencoba menerima pembayaran dompet digital seperti gopay ovo dsb kalau mau yg bumn juga ada linkaja hal ini bisa meminimalisir peredaran upal karena kalau toko kecil aja udah cashless peredaran uang fisik jg semakin berkurang,netral
"- hasil survei populix menunjukkan, gopay adalah pilihan utama konsumen sebagai uang elektronik yang paling sering digunakan","- hasil survei populix menunjukkan, gopay adalah pilihan utama konsumen sebagai uang elektronik yang paling sering digunakan",positif
"Variasi 1: yaa bisa uang spp pakai gopay sih, makin digital mendikbud","Variasi 1: yaa bisa uang spp pakai gopay sih, makin digital mendikbud",positif
Gopay menjadi pilihan utama di pasar dompet digital dengan cara non tunai.,Gopay menjadi pilihan utama di pasar dompet digital dengan cara non tunai.,positif
"1. Pembayaran digital itu memang baik, bisa mengurangi inflasi karena bank tidak perlu mencetak uang dan ekonomi tetap berjalan, terima kasih Shopee Pay, Gopay, Dana, OVO, dan digital banking!","1. Pembayaran digital itu memang baik, bisa mengurangi inflasi karena bank tidak perlu mencetak uang dan ekonomi tetap berjalan, terima kasih Shopee Pay, Gopay, Dana, OVO, dan digital banking!",positif
Daripada ngeluh jaringan Indihome kayak kopet. Yuk ambil Bonus Louncing Bank Digital. Ini uang asalnya uang iklan daripada bayar Media yg efeknya ndak jelas mending kasih ke nasabah baru. Aku yg baru daftar aja langsung dapat saldo segini. Bisa dicairkan ke Gopay dana dll. https://t.co/dOL5FlnWNo,daripada ngeluh jaringan indihome kayak kopet yuk ambil bonus louncing bank digital ini uang asalnya uang iklan daripada bayar media yg efeknya ndak jelas mending kasih ke nasabah baru aku yg baru daftar aja langsung dapat saldo segini bisa dicairkan ke gopay dana dll,positif
Dompet dan seluruh isinya ketinggalan. Udah terlanjur iyain isi Gopay ke driver. Pinjam uang teman dan bayar lewat Bank transfer. Maka nikmat era digital mana lagi yang kamu dustakan??????,dompet dan seluruh isinya ketinggalan udah terlanjur iyain isi gopay ke driver pinjam uang teman dan bayar lewat bank transfer maka nikmat era digital mana lagi yang kamu dustakan,negatif
@Akwkmw Convert pulsa jdi nantinya kamu tf plsa terus plsanya diganti jdi uang digital bisa gopay ovo dana atau atm,convert pulsa jdi nantinya kamu tf plsa terus plsanya diganti jdi uang digital bisa gopay ovo dana atau atm,netral
"- Daripada mengeluh jaringan IndiHome kayak koper, lebih baik ambil bonus launching bank digital ini, uang asalnya uang iklan, mending kasih ke nasabah baru aja, aku yang baru daftar langsung dapat saldo segini bisa dicairkan ke Gopay, Dana dll.","- Daripada mengeluh jaringan IndiHome kayak koper, lebih baik ambil bonus launching bank digital ini, uang asalnya uang iklan, mending kasih ke nasabah baru aja, aku yang baru daftar langsung dapat saldo segini bisa dicairkan ke Gopay, Dana dll.",positif
"- Sistem pembayaran digital di GoFood Festival Surabaya makin mudah dengan Gopay, kamu bisa bayar langsung via kode QR.","- Sistem pembayaran digital di GoFood Festival Surabaya makin mudah dengan Gopay, kamu bisa bayar langsung via kode QR.",positif
"- Sekarang bayar ke olshop jadi gampang, cukup tap tap klik aja, virtual account siap dipakai.","- Sekarang bayar ke olshop jadi gampang, cukup tap tap klik aja, virtual account siap dipakai.",positif
Sudah saatnya beralih ke kartu digital aja sebagai orang yg sangat menyukai shopee pay linkaja ovo dan gopay teknologi sekarang dah makin ok sih. Di koperasi sekolah udah bisa pakai LinkAja enak banget tanpa ribet bawa dan narik uang tunai ,sudah saatnya beralih ke kartu digital aja sebagai orang yg sangat menyukai shopee pay linkaja ovo dan gopay teknologi sekarang dah makin ok sih di koperasi sekolah udah bisa pakai linkaja enak banget tanpa ribet bawa dan narik uang tunai,positif
@arifgiki @romiyooo Kan bisa uang digital juga kyk OVO GOPAY DANA dll..,kan bisa uang digital juga kyk ovo gopay dana dll,netral
GoPay menduduki peringkat teratas sebagai uang elektronik yang paling sering digunakan konsumen menurut hasil survei terbaru oleh perusahaan riset berbasis digital Populix. #gopay #uangelektronik https://t.co/af5JRlb0FN,gopay menduduki peringkat teratas sebagai uang elektronik yang paling sering digunakan konsumen menurut hasil survei terbaru oleh perusahaan riset berbasis digital populix gopay uangelektronik,positif
Saya baru saja selesai membuat akun gojek eheheheh baru dibolehin bapak buat megang uang digital TvT....okee nanti top up Gopay ehehe,saya baru saja selesai membuat akun gojek eheheheh baru dibolehin bapak buat megang uang digital tvt okee nanti top up gopay ehehe,netral
@coinvestasi beda gopay e-money dan Rupiah Digital simplenya : gopay di jamin sama gojek e_money di jamin sama Mandiri dan Rupiah Digital di jamin sama BI. lebih simpel lagi jaminan uang kita ada di induknya. gopay dan e-money gk perlu blokchain kenapa RpDigital butuh?,beda gopay e money dan rupiah digital simplenya gopay di jamin sama gojek e_money di jamin sama mandiri dan rupiah digital di jamin sama bi lebih simpel lagi jaminan uang kita ada di induknya gopay dan e money gk perlu blokchain kenapa rpdigital butuh,netral
Oiya tambahan satu lagi. Kerjanya online aja. Terima uang digital 15% penghasilan taruh reksadana. Sisanya masukin GoPay SPay dimasukinnya pake M-Banking. Banyak waktu rebahan &amp; tidur. LIKE IN HEAVEN..️️️,oiya tambahan satu lagi kerjanya online aja terima uang digital penghasilan taruh reksadana sisanya masukin gopay spay dimasukinnya pake m banking banyak waktu rebahan amp tidur like in heaven,positif
"Gue baru sadar, uang digital sekarang sangat ngerepotkan, kalau mau kasih sedikit kepada pengamen dan peminta di jalan pakai apa aja, Qris, Transfer, Ovo, atau Dana?","Gue baru sadar, uang digital sekarang sangat ngerepotkan, kalau mau kasih sedikit kepada pengamen dan peminta di jalan pakai apa aja, Qris, Transfer, Ovo, atau Dana?",negatif
Minta bantuan temen2 semua untuk ngisi survei penelitian S1 yang lagi dikerjakan sm aku linknya ada dibawah: https://t.co/DpUUSnKhH4 Ada hadiahnya juga loh untuk orang tepilih bisa dapat pulsa atau uang digital semisal OVO atau Gopay Makasih banyak buat yang sudah ngisi ,minta bantuan temen semua untuk ngisi survei penelitian s yang lagi dikerjakan sm aku linknya ada dibawah ada hadiahnya juga loh untuk orang tepilih bisa dapat pulsa atau uang digital semisal ovo atau gopay makasih banyak buat yang sudah ngisi,netral
@FinkPanta @Argoen78 Bisa bayar pakai uang digital kan ? Atau yg bagian ketik laporan terima via gopay kalo saldonya gak ada boleh ajukan gopaylater ,bisa bayar pakai uang digital kan atau yg bagian ketik laporan terima via gopay kalo saldonya gak ada boleh ajukan gopaylater,netral
"1. Ayo, yang terutang bilang lagi gak punya uang apa gunanya punya ShopeePay, GoPay, OVO, Dana, dan M Banking?","1. Ayo, yang terutang bilang lagi gak punya uang apa gunanya punya ShopeePay, GoPay, OVO, Dana, dan M Banking?",negatif
@minimumlatte @uwakkaw @aset_kripto Uang digital haram dong? Padhaal banyak pembayaran dari gopay shopee pay mbangking? Karena juga tidak tersentuh,uang digital haram dong padhaal banyak pembayaran dari gopay shopee pay mbangking karena juga tidak tersentuh,netral
Ovo gopay? Flatform BI berada dimana nebeng or punya sendiri? Anjim.... Gak jelas RT @SINDOnews: Bank Sentral Mau Terbitkan Uang Digital Ekonom: Tujuannya Masih Samar https://t.co/KPYAtOpOgn,ovo gopay flatform bi berada dimana nebeng or punya sendiri anjim gak jelas bank sentral mau terbitkan uang digital ekonom tujuannya masih samar,netral
@sygfess Uang digital Kayak gopay dana ovo. Shopay juga termasuk nderr,uang digital kayak gopay dana ovo shopay juga termasuk nderr,netral
"3. Uang digital kayaknya gila sih, ada promo cashback gue buka, tapi uang gue ke mana-mana, sisa recehan aja yang masih ada, kayaknya GoPay, OVO, dan Dana yang paling pintar di sini!","3. Uang digital kayaknya gila sih, ada promo cashback gue buka, tapi uang gue ke mana-mana, sisa recehan aja yang masih ada, kayaknya GoPay, OVO, dan Dana yang paling pintar di sini!",negatif
"Variasi 4: Sekarang ini sedang marak penipuan dengan cara menyetor tunai ke rekening teman yang kemudian mentransfer ke rekening lain milik pelaku, atau cara mereka mengisi saldo uang digital dari indomaret dan kemudian transfer ke rekening lain.","Variasi 4: Sekarang ini sedang marak penipuan dengan cara menyetor tunai ke rekening teman yang kemudian mentransfer ke rekening lain milik pelaku, atau cara mereka mengisi saldo uang digital dari indomaret dan kemudian transfer ke rekening lain.",negatif
- Uang digital ini membuat kamu selalu inget mau jajan dan belanja di tempat online.,- Uang digital ini membuat kamu selalu inget mau jajan dan belanja di tempat online.,positif
Gue pen bet beli ketoprak depan komplek tapi gapunya uang cash cuman 5rb. Di gopay ovo atm ada banget isinya. Tapi ya gue pen nya ketoprak yg kudu bayar cash Sengsara juga ya punya duit digital semua. Ketukang sayur juga gabisa lah aing ksl ,gue pen bet beli ketoprak depan komplek tapi gapunya uang cash cuman rb di gopay ovo atm ada banget isinya tapi ya gue pen nya ketoprak yg kudu bayar cash sengsara juga ya punya duit digital semua ketukang sayur juga gabisa lah aing ksl,negatif
Penggunaan uang elektronik di era digital semakin populer. Transaksi yang mudah dan berbagai penawaran potongan hingga cashback membuat uang elektronik semakin digandrungi. Bagaimana persebaran sentimen terhadap layanan penyedia jasa uang elektronik ini #gopay #DANA #ovo #Linkaja https://t.co/XTPxmXy62j,penggunaan uang elektronik di era digital semakin populer transaksi yang mudah dan berbagai penawaran potongan hingga cashback membuat uang elektronik semakin digandrungi bagaimana persebaran sentimen terhadap layanan penyedia jasa uang elektronik ini gopay dana ovo linkaja,netral
@jodohaechan_ minta uang jajannya dalam bentuk digital aja kek gopay/ovo/dana gitu ,minta uang jajannya dalam bentuk digital aja kek gopay ovo dana gitu,netral
Kiat GoPay Pimpin Pasar Dompet Digital Tanpa Bakar Uang https://t.co/CMswHVpsjH Via @Info_Pariwara https://t.co/AC1H9BjY4q,kiat gopay pimpin pasar dompet digital tanpa bakar uang via,positif
@sisiduls @senjatanuklir Cash is king itu maksudnya duit yg bisa dipakai setiap saat bukan kekayaan berupa investasi kayak reksadana/saham/emas/dll. Istilah ini tdk mengarah ke bentuk uang fisik/digital. Ovo/gopay itu ya cash cuma dlm bentuk digital. Ngono lho mas e.,cash is king itu maksudnya duit yg bisa dipakai setiap saat bukan kekayaan berupa investasi kayak reksadana saham emas dll istilah ini tdk mengarah ke bentuk uang fisik digital ovo gopay itu ya cash cuma dlm bentuk digital ngono lho mas e,netral
"Sudah saatnya beralih ke cara bayar digital, aku suka menggunakan shopee pay linkaja ovo, kayaknya teknologi sudah cukup baik, di sekolah udah ada koperasi yang bisa menggunakan linkaja, enak banget.","Sudah saatnya beralih ke cara bayar digital, aku suka menggunakan shopee pay linkaja ovo, kayaknya teknologi sudah cukup baik, di sekolah udah ada koperasi yang bisa menggunakan linkaja, enak banget.",positif
@pencilpatron True. Just wanna say pembayaran digital sangat baik untuk mencegah inflasi karena bank tidak perlu mencetak uang tapi ekonomi tetap berjalan. Thanks to shopee pay gopay dana OVO Digital banking ,true just wanna say pembayaran digital sangat baik untuk mencegah inflasi karena bank tidak perlu mencetak uang tapi ekonomi tetap berjalan thanks to shopee pay gopay dana ovo digital banking,positif
@Haellios1 @txtdrberseragam Bukan orang susah mas. orang yang terlalu lama tinggal di goa.. Kan sekarang udh ada ATM dan platform dompet digital kayak dana ovo gopay dll .. kok masih nyimpan uang banyak di dompet yaaa? hehe,bukan orang susah mas orang yang terlalu lama tinggal di goa kan sekarang udh ada atm dan platform dompet digital kayak dana ovo gopay dll kok masih nyimpan uang banyak di dompet yaaa hehe,netral
W paling males kl masalah uang uangan pake digital tuh sbnernya... Ovo gopay aja diisi kl emg bener mo dipake aja. Jenius gapunya. Blm pake internet banking jd kl mo transfer ina inu ya kudu k atm Sungguh kolot diri ini,w paling males kl masalah uang uangan pake digital tuh sbnernya ovo gopay aja diisi kl emg bener mo dipake aja jenius gapunya blm pake internet banking jd kl mo transfer ina inu ya kudu k atm sungguh kolot diri ini,negatif
Di Indonesia itu ada GoPay Flazz Ovo Shopee Pay banyak lagi masihan yang bisa berfungsi sebagai uang digital. Eksistensinya tuh bikin masyarakat jadi suka pakai uang digital ringkes dan gampang aja gitu yakan? (7/15),di indonesia itu ada gopay flazz ovo shopee pay banyak lagi masihan yang bisa berfungsi sebagai uang digital eksistensinya tuh bikin masyarakat jadi suka pakai uang digital ringkes dan gampang aja gitu yakan,netral
- Transaksi keuangan bisa lebih cepat dan mudah dengan mobile banking dan Gopay.,- Transaksi keuangan bisa lebih cepat dan mudah dengan mobile banking dan Gopay.,positif
@nanta_dharma @NOTASLIMBOY Ke depan arahnya begini bank digital. Bahkan uang kertas juga uda dikurangi jadi uang digital ala ovo gopay.,ke depan arahnya begini bank digital bahkan uang kertas juga uda dikurangi jadi uang digital ala ovo gopay,netral
@MartinusTito Ditunggu oleh-oleh nya bang. Dijadikan dalam bentuk uang digital juga boleh. Ada Dana Gopay dan Shopay. ,ditunggu oleh oleh nya bang dijadikan dalam bentuk uang digital juga boleh ada dana gopay dan shopay,netral
Layanan pengiriman uang Moolahgo memanfaatkan lima dompet digital yang beroperasi di Indonesia yaitu Ovo Dana Gopay Linkaja dan Shopeepay. https://t.co/cxiqNhyBq0,layanan pengiriman uang moolahgo memanfaatkan lima dompet digital yang beroperasi di indonesia yaitu ovo dana gopay linkaja dan shopeepay,netral
@Icangtip_ menerima thr dalam bentuk uang tunai uang digital(ovo gopay dana) transfer ke bank BRI Mandiri juga bisa ahahahahh,menerima thr dalam bentuk uang tunai uang digital ovo gopay dana transfer ke bank bri mandiri juga bisa ahahahahh,netral
Bukan cuma akulaku. Sekarang semua transaksi berbasis uang digital juga harus pakai foto ktp dan wajah jelas. Coba aja pakai gopay ovo shopee dll semua syaratnya kayak gitu. Flip pun dulu gitu bahkan sampai ketemuan langsung.,bukan cuma akulaku sekarang semua transaksi berbasis uang digital juga harus pakai foto ktp dan wajah jelas coba aja pakai gopay ovo shopee dll semua syaratnya kayak gitu flip pun dulu gitu bahkan sampai ketemuan langsung,netral
@Dukung_PPATK Skrg ini mdh sekali..setor tunai via ATM ke rekening teman2nya...kmdn teman2nya tsb mentransfer ke rek2 lain yg dikendalikan oleh si pelaku pidana tsb. Atau modus nambah saldo uang digital (Gopay OVO Dana dsb) mlalui Indomaret dsb..dr rek2 uang digital tsb dikrm ke rek lain.,skrg ini mdh sekali setor tunai via atm ke rekening temannya kmdn temannya tsb mentransfer ke rek lain yg dikendalikan oleh si pelaku pidana tsb atau modus nambah saldo uang digital gopay ovo dana dsb mlalui indomaret dsb dr rek uang digital tsb dikrm ke rek lain,negatif
@_moonlightfelix soalnya kl dr pulsa kyknya emg rada gede? wkwkw yg biasa cuma kena 1k itu sesama uang digital gt kyk antar dana shopee ovo gopay,soalnya kl dr pulsa kyknya emg rada gede wkwkw yg biasa cuma kena k itu sesama uang digital gt kyk antar dana shopee ovo gopay,netral
"Anaknya kurang teknis tapi Gopay bisa menjadi pilihan. Kamu bisa isi saldo dari ATM BCA meskipun tidak punya kartu ATM. Jika ingin transfer, masukkan nomor telepon dan uang akan ditarik. Tapi perlu ada admin yang menangani.","Anaknya kurang teknis tapi Gopay bisa menjadi pilihan. Kamu bisa isi saldo dari ATM BCA meskipun tidak punya kartu ATM. Jika ingin transfer, masukkan nomor telepon dan uang akan ditarik. Tapi perlu ada admin yang menangani.",positif
@irxsviel @collegemenfess buka rekeningnya cuman via aplikasi kartu ATMnya gratis sampe dianterin gak ada ongkirnya gak ada minimal pembukaan kalo transfer sama top up dompet digital kaya gopay dana shopeepay gak ada biaya admin bisa pisahin antara uang buat nabung sama jajan ATMnya VISA,buka rekeningnya cuman via aplikasi kartu atmnya gratis sampe dianterin gak ada ongkirnya gak ada minimal pembukaan kalo transfer sama top up dompet digital kaya gopay dana shopeepay gak ada biaya admin bisa pisahin antara uang buat nabung sama jajan atmnya visa,positif
Keunggulan yang disediakan GoFood Festival Surabaya lainnya adalah sistem pembayaran yang sudah digital: GoPay. Melalui GoPay yang memanfaatkan QR Code pengunjung dimudahkan dalam melakukan transaksi tanpa harus menarik uang cash terlebih dahulu.,keunggulan yang disediakan gofood festival surabaya lainnya adalah sistem pembayaran yang sudah digital gopay melalui gopay yang memanfaatkan qr code pengunjung dimudahkan dalam melakukan transaksi tanpa harus menarik uang cash terlebih dahulu,positif
@ahmad_habbie gua baru tau dah sekedar lu convert uang 50k aja jadi gopay ato ovo valuenya nambah banget apakah saatnya beralih ke uang digital,gua baru tau dah sekedar lu convert uang k aja jadi gopay ato ovo valuenya nambah banget apakah saatnya beralih ke uang digital,netral
@msaid_didu Mgkin mau gabungkan link aj dg gopay ya.. mau jadi market leader nya uang digital..,mgkin mau gabungkan link aj dg gopay ya mau jadi market leader nya uang digital,netral
"Variasi 2: gopay kayaknya sudah bisa digunakan untuk pembayaran spp ini, lebih modern mendikbud","Variasi 2: gopay kayaknya sudah bisa digunakan untuk pembayaran spp ini, lebih modern mendikbud",positif
Berikut 4 variasi parafrase dari tweet asli:,Berikut 4 variasi parafrase dari tweet asli:,negatif
@nadinesaadha Owning a digital painting with this specific code that can only be valuable in this specific market. . . So yeah.. is like what if udah ada gopay tapi blm bisa dipake untuk apa krna ga ada gosend/gojek/gomart/dll jdi uang nganggur yg valuenya bkn rupiah tapi demand pasar ,owning a digital painting with this specific code that can only be valuable in this specific market so yeah is like what if udah ada gopay tapi blm bisa dipake untuk apa krna ga ada gosend gojek gomart dll jdi uang nganggur yg valuenya bkn rupiah tapi demand pasar,netral
@Okithxsmch @kadaljantann Plis bgt gunain uang digital... kaya ovo gopay link aja dana dan harus sediain m banking (kalo bca) sudah bisa ambil uang tanpa kartu... makanya klo dompet ketinggalan tinggal ambil uang pake m banking ,plis bgt gunain uang digital kaya ovo gopay link aja dana dan harus sediain m banking kalo bca sudah bisa ambil uang tanpa kartu makanya klo dompet ketinggalan tinggal ambil uang pake m banking,netral
@literarybase klo sy ngasi uang ke orangnya via gopay senilai harga buku itu nder sy suru beli di gramed digital (untungnya uangnya slalu balik dn orgnya sadar),klo sy ngasi uang ke orangnya via gopay senilai harga buku itu nder sy suru beli di gramed digital untungnya uangnya slalu balik dn orgnya sadar,positif
@pertamina Halo min permisi mau nanya. Apa sekarang di SPBU pertamina dapat membeli bensin dengan menggunakan uang digital semisal ovo / gopay / dana? Mohon penjelasannya dan sistem pembayarannya seperti apa. Terima kasih min,halo min permisi mau nanya apa sekarang di spbu pertamina dapat membeli bensin dengan menggunakan uang digital semisal ovo gopay dana mohon penjelasannya dan sistem pembayarannya seperti apa terima kasih min,netral
Kaum rebahan dan yang suka main game dapat cuan main game di bayar uang digital bisa di tarik di Dana Ovo dan Gopay https://t.co/NrI80VGYy3 #gamecuan,kaum rebahan dan yang suka main game dapat cuan main game di bayar uang digital bisa di tarik di dana ovo dan gopay gamecuan,netral
Jenis uang digital pertama udah sering banget kita pakai. Bayar ini itu cukup pakai e-money atau gopay atau debit mobile banking. Udah lama saya gak pakai uang fisik lagi. Hanya sesekali kalau bayar parkir. Udah lama banget gak ke ATM lagi.,jenis uang digital pertama udah sering banget kita pakai bayar ini itu cukup pakai e money atau gopay atau debit mobile banking udah lama saya gak pakai uang fisik lagi hanya sesekali kalau bayar parkir udah lama banget gak ke atm lagi,netral
"Mau ke bank yang gampang, Permata bisa jadi pilihan, top up OVO mudah, Jumat ngopi dapat cashback, fitur reksa dan obligasi juga oke!","Mau ke bank yang gampang, Permata bisa jadi pilihan, top up OVO mudah, Jumat ngopi dapat cashback, fitur reksa dan obligasi juga oke!",positif
Bayangkan kamu orangnya sangat modern apa2 serba digital termasuk uang. Suatu malam kamu pergi kendaraanmu bannya bocor pas mau bayar kang tambal ban kamu bilang saya bayar pake gopay nah pak trus beliau jawab apanjo nak? ,bayangkan kamu orangnya sangat modern apa serba digital termasuk uang suatu malam kamu pergi kendaraanmu bannya bocor pas mau bayar kang tambal ban kamu bilang saya bayar pake gopay nah pak trus beliau jawab apanjo nak,netral
Tidak hanya itu gojek juga mempunyai fitur GoPay yaitu fitur dompet digital yang dapat digunakan untuk membayar berbagai layanan Gojek. Bisa sangat praktis. Cashless juga bisa memudahkan transaksi ketika tidak membawa uang cash https://t.co/HfYoHw4VUC,tidak hanya itu gojek juga mempunyai fitur gopay yaitu fitur dompet digital yang dapat digunakan untuk membayar berbagai layanan gojek bisa sangat praktis cashless juga bisa memudahkan transaksi ketika tidak membawa uang cash,netral
masalah gopay ovo sekarang udah terbuka mata uangnya rupiah tapi siapa sih yang bikin rupiah jadi masalah? bi kantor gopay ovo ada bitcoin kantornya tapi ada yang bikin kagak jelas,masalah gopay ovo sekarang udah terbuka mata uangnya rupiah tapi siapa sih yang bikin rupiah jadi masalah? bi kantor gopay ovo ada bitcoin kantornya tapi ada yang bikin kagak jelas,negatif
@convomfs jago! no fee buat tf ke bank lain / top up e-wallet nnti dpt kartu debit fisik + digital. trs kalo km sering pake gojek / gopay itu nnti bsa di connect aja. selain itu menurutku di jago ngatur uang nya bsa lbh enak karena bisa pisahin duit di kantong² tertentu. jadi lebih ,jago no fee buat tf ke bank lain top up e wallet nnti dpt kartu debit fisik digital trs kalo km sering pake gojek gopay itu nnti bsa di connect aja selain itu menurutku di jago ngatur uang nya bsa lbh enak karena bisa pisahin duit di kantong² tertentu jadi lebih,positif
@archa_bella Kalo BI ada mata uang digital apa ada pengaruhnya gak ya ke gopay ovo dll ... ? Penasaran.,kalo bi ada mata uang digital apa ada pengaruhnya gak ya ke gopay ovo dll penasaran,netral
"suatu saat kantor bank cuma kenangan, satpam BCA masih ada, tapi digital currency sudah datang, jadi rupiah pun berganti dengan coin lainnya Nanti kacau deh!","suatu saat kantor bank cuma kenangan, satpam BCA masih ada, tapi digital currency sudah datang, jadi rupiah pun berganti dengan coin lainnya Nanti kacau deh!",negatif
"- Aku kasih uang via Gopay buat beli buku, tapi aku minta beli di Gramedia Digital Online, uangnya sih kembali dan orangnya juga sadar.","- Aku kasih uang via Gopay buat beli buku, tapi aku minta beli di Gramedia Digital Online, uangnya sih kembali dan orangnya juga sadar.",positif
@stdsiliwangi Uang digital (gopay shopiee pay ovo etc) ti kami 25 rbu untuk followers setia @stdsiliwangi,uang digital gopay shopiee pay ovo etc ti kami rbu untuk followers setia,netral
moots kalian pernah trade uang digital gitu gk? kaya gopay ke dana atau spay gitu?,moots kalian pernah trade uang digital gitu gk kaya gopay ke dana atau spay gitu,netral
@txtfromholy Wallahu alam aku tinggal di wilayah 3T yang ga laku uang digital Bahkan di kabupaten juga baru ga sampe 5 kopi shop yg bisa gopay. dan kalau ke provinsi ada keperluan kesetanan belanja pake uang digital. hahahahahahaha,wallahu alam aku tinggal di wilayah t yang ga laku uang digital bahkan di kabupaten juga baru ga sampe kopi shop yg bisa gopay dan kalau ke provinsi ada keperluan kesetanan belanja pake uang digital hahahahahahaha,netral
@bank_indonesia Gak tertarik nukar sekarang era digital jadi untuk pembayaran sy pilih kartu debit kredit atau uang digital seperti gopay ovo linkaja ...,gak tertarik nukar sekarang era digital jadi untuk pembayaran sy pilih kartu debit kredit atau uang digital seperti gopay ovo linkaja,netral
"Variasi 4: Tapi gopaynya nggak ada, dan uang digital belum masuk ke rekening. Mending beli cilok cash aja deh, gak pake ribet pake gopay.","Variasi 4: Tapi gopaynya nggak ada, dan uang digital belum masuk ke rekening. Mending beli cilok cash aja deh, gak pake ribet pake gopay.",negatif
@narpatisuta @jokowi Hehehehe Cara cetak uang sekarang pake istilah poin. Pake nama 1 poin ovo telkomsel grabpay gopay fastpay alfa dll Tukarkan uang anda utk belanja menggunakan poin. Mahasiswa milenial kok payah gak ikut bapak2 tua yg bikin uang digital. Hahahahaha,hehehehe cara cetak uang sekarang pake istilah poin pake nama poin ovo telkomsel grabpay gopay fastpay alfa dll tukarkan uang anda utk belanja menggunakan poin mahasiswa milenial kok payah gak ikut bapak tua yg bikin uang digital hahahahaha,netral
"2. Simpan uang digital? Tidak, ada PayPal, Gopay, Shopeepay, dan lain-lain, kita ga tahu kapan mereka ditutup atau diblokir, jadi simpan dengan hati-hati.","2. Simpan uang digital? Tidak, ada PayPal, Gopay, Shopeepay, dan lain-lain, kita ga tahu kapan mereka ditutup atau diblokir, jadi simpan dengan hati-hati.",negatif
@SobatHAPE Percayalah uang-uang digital ini membuatmu selalu ingin jajan. Dana: belanja di bukalapak tix id jajan jajan jajan. Ovo: Taxol Ojol jajan jajan jajan Gopay: taxol ojol jajan jajan jajan Shopeepay: bayar listrik bayar telpon tiket pesawat tiket kereta belanja.,percayalah uang uang digital ini membuatmu selalu ingin jajan dana belanja di bukalapak tix id jajan jajan jajan ovo taxol ojol jajan jajan jajan gopay taxol ojol jajan jajan jajan shopeepay bayar listrik bayar telpon tiket pesawat tiket kereta belanja,positif
"- Tidak semua orang paham uang digital, jadi Ovo Gopay bisa jadi tidak adil.","- Tidak semua orang paham uang digital, jadi Ovo Gopay bisa jadi tidak adil.",negatif
@keluhantatas @inramiana @Bisniscom @tanyarlfes bank tsb ada promo ngasih kamu reward berupa uang kalo daftar ke bank digital mereka. seabank 10k neo 25k bank jago 25k tmrw juga banyak ngasihnya 200k via gopay. ini perpanjang terus masa promo nya jd buruan cobain deh worth to try bgt.,bank tsb ada promo ngasih kamu reward berupa uang kalo daftar ke bank digital mereka seabank k neo k bank jago k tmrw juga banyak ngasihnya k via gopay ini perpanjang terus masa promo nya jd buruan cobain deh worth to try bgt,positif
Deposit Dari Semua Bank Local Dan Uang Digital (Ovo Gopay pulsa XL dan Telkomsel) * Hubungi Kami : Line : ItuBola WeChat : Itubola Whatsapp : +85517696120 Promo Cashback 5% #agent judionline #agent terpecaya #bolaonline Link Alternatif ituBola: https://t.co/GqaWuqHpfX https://t.co/2e90eEpUzi,deposit dari semua bank local dan uang digital ovo gopay pulsa xl dan telkomsel hubungi kami line itubola wechat itubola whatsapp promo cashback agent judionline agent terpecaya bolaonline link alternatif itubola,netral
Variasi 2: jago nggak bayar biaya buat trf ke bank lain bisa top up e wallet nti kamu bisa dapat kartu debit fisik digital kalau sering pakai gojek bisa dihubungkan,Variasi 2: jago nggak bayar biaya buat trf ke bank lain bisa top up e wallet nti kamu bisa dapat kartu debit fisik digital kalau sering pakai gojek bisa dihubungkan,positif
@pathingy Ini sama aja kyk nanya bisa gak sih top up gopay via ovo linkaja itu kan uang digital juga kan yah menurut saya gak bisa.,ini sama aja kyk nanya bisa gak sih top up gopay via ovo linkaja itu kan uang digital juga kan yah menurut saya gak bisa,netral
"- Ga cuma buat tampil menarik, si bank digital ini pake juga lumayan komplit kok","- Ga cuma buat tampil menarik, si bank digital ini pake juga lumayan komplit kok",positif
Seharian keliling naik @Transsemarang ke Mangkang ️ Ungaran ️ Terboyo (pic Trans Jateng pemanis). Bisa bayar w/ GoPay OVO dsb uang digital Btw beda kultur naik BRT: di Jkt wanita depan laki2 belakang di Smg laki2 duduk depan wanita belakang @BisKota_ @ayonaikbiscom https://t.co/p1nsnOWsGB,seharian keliling naik ke mangkang ungaran terboyo pic trans jateng pemanis bisa bayar w gopay ovo dsb uang digital btw beda kultur naik brt di jkt wanita depan laki belakang di smg laki duduk depan wanita belakang,netral
"- bayar mahar cashless aja, gopay, ovo, ato semacamnya","- bayar mahar cashless aja, gopay, ovo, ato semacamnya",positif
"- Munculnya kesenjangan di kalangan warga karena Ovo Gopay, bukan semuanya paham uang digital.","- Munculnya kesenjangan di kalangan warga karena Ovo Gopay, bukan semuanya paham uang digital.",negatif
Baru sadar pergerakan uang digital cukup ngeri ternyata. Apalagi kalau lembar 500 1-5rb udah gak ada lagi kalau mau kasih pengamen dan peminta-minta di jalan pakai apa? QRIS? Transfer? GoPay Ovo Dana? Kalau sampai itu terjadi gue rasa bakal jadi chaos di kalangan mereka.,baru sadar pergerakan uang digital cukup ngeri ternyata apalagi kalau lembar rb udah gak ada lagi kalau mau kasih pengamen dan peminta minta di jalan pakai apa qris transfer gopay ovo dana kalau sampai itu terjadi gue rasa bakal jadi chaos di kalangan mereka,negatif
@samsat_sragen @samsatsmg2 Dgn pembayaran nontunai (selain dgn sakpole) wajib pajak tidak perlu membawa banyak uang tunai. Bisa saja membayar langsung dgn kartu debit kartu kredit bahkan dompet digital semacam ovo gopay linkaja dll,dgn pembayaran nontunai selain dgn sakpole wajib pajak tidak perlu membawa banyak uang tunai bisa saja membayar langsung dgn kartu debit kartu kredit bahkan dompet digital semacam ovo gopay linkaja dll,netral
@budakgojek percayalah ovo udh ga ad suara lagi kok... udh mulai masuk lagi uang digital... Dana.. bluepay dan lain2'a sejenis gopay... klo emng grab konsisten dya akan trus sama ovo tp kalo hanya inginkan promo dya akan pindah2 kerja dngan uang digital lain'a,percayalah ovo udh ga ad suara lagi kok udh mulai masuk lagi uang digital dana bluepay dan lain a sejenis gopay klo emng grab konsisten dya akan trus sama ovo tp kalo hanya inginkan promo dya akan pindah kerja dngan uang digital lain a,netral
- Dana saya topup uang digital tapi Gopaynya blm masuk,- Dana saya topup uang digital tapi Gopaynya blm masuk,negatif
@SobatHAPE ngga punya uang digital selain Gopay tapi keliatannya fitur Dana paling oke ya?,ngga punya uang digital selain gopay tapi keliatannya fitur dana paling oke ya,netral
baru pertama kali bayar race pakai GoPay dan senangnya minta ampun. tidak berasa keluar uang sih tapi ya tetap saja saldo yang ada di GoPay tadinya juga uang tunai yang dikonversi jadi uang digital saja. tapi ya biarin saja senang lagi norak.,baru pertama kali bayar race pakai gopay dan senangnya minta ampun tidak berasa keluar uang sih tapi ya tetap saja saldo yang ada di gopay tadinya juga uang tunai yang dikonversi jadi uang digital saja tapi ya biarin saja senang lagi norak,positif
Semakin banyak merchant yang menerima pembayaran uang digita maka para konsumen semakin banyak konsumen bergantung dengan uang digital kondisi ini akan membentuk suatu budaya baru konsumen secara konsisten menggunakan uang digital Semangat berperang gopay dan ovo burn money ,semakin banyak merchant yang menerima pembayaran uang digita maka para konsumen semakin banyak konsumen bergantung dengan uang digital kondisi ini akan membentuk suatu budaya baru konsumen secara konsisten menggunakan uang digital semangat berperang gopay dan ovo burn money,positif
Beda Libra &amp; Calibra. Calibra itu sejenis Gopay. Dompet digital untuk transaksi. Ia dimiliki Facebook. Libra adalah mata uang didirikan oleh komunitas non-profit. Pendiri komunitasnya adalah organisasi2 bisnis &amp; non bisnis gede dunia. Dari Indonesia gak ada https://t.co/POwhqwaIFj,beda libra amp calibra calibra itu sejenis gopay dompet digital untuk transaksi ia dimiliki facebook libra adalah mata uang didirikan oleh komunitas non profit pendiri komunitasnya adalah organisasi bisnis amp non bisnis gede dunia dari indonesia gak ada,netral
@ohmybeautybank cash back aja mungkin uang digital gitu.. nanti aku sediain barcode ovo gopay sama dana tarohlah 40-50% gitu dah mayan lah hehehe,cash back aja mungkin uang digital gitu nanti aku sediain barcode ovo gopay sama dana tarohlah gitu dah mayan lah hehehe,netral
Keniscayaan pasti iya nmun dlm pnentuan hrs transparan &amp; akuntabel krn dipemerintahan semua adlh uang rakyat yg digunakan bukan pribadi. Kapan ya ada digital money yg bisa akses semua pembayaran. Saat ini gojek-gopay grab-ovo shoppeepay dll byk bgt yg hrs diisi ulang...,keniscayaan pasti iya nmun dlm pnentuan hrs transparan amp akuntabel krn dipemerintahan semua adlh uang rakyat yg digunakan bukan pribadi kapan ya ada digital money yg bisa akses semua pembayaran saat ini gojek gopay grab ovo shoppeepay dll byk bgt yg hrs diisi ulang,netral
"Anaknya tidak terbiasa dengan teknologi tapi Gopay bisa membantu sekali. Bahkan orang tanpa kartu ATM bisa isi saldo melalui ATM BCA. Jika ingin transfer, cukup masukkan nomor telepon dan uang bisa ditarik. Tapi perlu admin ya.","Anaknya tidak terbiasa dengan teknologi tapi Gopay bisa membantu sekali. Bahkan orang tanpa kartu ATM bisa isi saldo melalui ATM BCA. Jika ingin transfer, cukup masukkan nomor telepon dan uang bisa ditarik. Tapi perlu admin ya.",positif
"- Era digital memang sudah sangat maju, bahkan sampai spp sekolah bisa bayar via gopay, kawula muda gak perlu repot betak uang lagi","- Era digital memang sudah sangat maju, bahkan sampai spp sekolah bisa bayar via gopay, kawula muda gak perlu repot betak uang lagi",positif
"- Tidak semua warga paham konsep uang digital, jadi bisa bikin kesenjangan.","- Tidak semua warga paham konsep uang digital, jadi bisa bikin kesenjangan.",negatif
@PermataBank https://t.co/hXTQDDgoW9 tf ke lain bank via permata me 2.fitur top up ovo.gopay. simple. mudah .cepat.casback tiap jumat 3.ngopi bisa dpat cashback. waooow 4.fitur reksadana dan obligasi juga oke &amp; bisa jual beli mata uang asing juga 5.kode otp via digital token .,tf ke lain bank via permata me fitur top up ovo gopay simple mudah cepat casback tiap jumat ngopi bisa dpat cashback waooow fitur reksadana dan obligasi juga oke amp bisa jual beli mata uang asing juga kode otp via digital token,positif
"Semua hal sekarang udah digital, bahkan uang dompet juga, tapi apa lagi yang bisa diganti ya?","Semua hal sekarang udah digital, bahkan uang dompet juga, tapi apa lagi yang bisa diganti ya?",positif
"Digital kayaknya udah tidak bisa dihindari lagi, tapi untuk sederhana aja, gopay ovo sudah cukup","Digital kayaknya udah tidak bisa dihindari lagi, tapi untuk sederhana aja, gopay ovo sudah cukup",negatif
Bank Mandiri menggelar promo berupa cashback 50 persen bagi para nasabah yg melakukan top up uang elektronik dg menggunakan aplikasi mobile banking Mandiri Online Livin Promo Cashback unk aplikasi dompet digital DANA ShopeePay LinkAja GoPay i.saku dan OVO. https://t.co/TO95fEs27E,bank mandiri menggelar promo berupa cashback persen bagi para nasabah yg melakukan top up uang elektronik dg menggunakan aplikasi mobile banking mandiri online livin promo cashback unk aplikasi dompet digital dana shopeepay linkaja gopay i saku dan ovo,netral
"Gitu deh, dunia digital kayaknya sangat canggih, gue bisa pakai uang di ATM lain dan gajeng-gajengan, pas mau bayar gue cari Gopay, bener-bener nyesel!","Gitu deh, dunia digital kayaknya sangat canggih, gue bisa pakai uang di ATM lain dan gajeng-gajengan, pas mau bayar gue cari Gopay, bener-bener nyesel!",positif
Sahabat Katadata Terima kasih atas partisipasimu dalam Survei Penggunaan Layanan Digital di Indonesia. ⁣ Selamat kepada responden yang beruntung mendapatkan uang tunai Rp 500 ribu rupiah dan saldo Gopay/OVO/Pulsa sebesar Rp100 ribu rupiah. ⁣ #KatadataInsightCenter #KIC https://t.co/QrNX6QFkqN,sahabat katadata terima kasih atas partisipasimu dalam survei penggunaan layanan digital di indonesia selamat kepada responden yang beruntung mendapatkan uang tunai rp ribu rupiah dan saldo gopay ovo pulsa sebesar rp ribu rupiah katadatainsightcenter kic,netral
membeli semuanya dalam bentuk angka digital bayar parkir pakai ovo atau gopay. mendaftarkan asuransi jiwa dengan bitcoin. sungguh tidak masuk akal kemajuan ini bre. semakin sedikit orang memegang uang semakin bernilai uang tersebut. tapi bukanya semakin banyak akses yak? hmm,membeli semuanya dalam bentuk angka digital bayar parkir pakai ovo atau gopay mendaftarkan asuransi jiwa dengan bitcoin sungguh tidak masuk akal kemajuan ini bre semakin sedikit orang memegang uang semakin bernilai uang tersebut tapi bukanya semakin banyak akses yak hmm,netral
"- popux adalah digital perusahaan riset yang paling dipercaya, hasil surveinya bilang gopay paling sering digunakan konsumen","- popux adalah digital perusahaan riset yang paling dipercaya, hasil surveinya bilang gopay paling sering digunakan konsumen",positif
@Kang_eNeS @lubis_mariska Uang saja skr sudah berbentuk Digital ya bayar2 skr cukup pake HP. Seperti GoPay Dana OVO dll. Lha kubu sebelah malah mau banyakin Kartu. Padahal isunya pakai Tol Langit Palapa Ring tapi masih ngandelin Kartu2 gmana coba??? Bukannya Kontra Produktif ya???,uang saja skr sudah berbentuk digital ya bayar skr cukup pake hp seperti gopay dana ovo dll lha kubu sebelah malah mau banyakin kartu padahal isunya pakai tol langit palapa ring tapi masih ngandelin kartu gmana coba bukannya kontra produktif ya,netral
@kompascom Provider ojolnya harusnya sdh gunakan kebijakan utk order hanya dg uang digital (gopay atau ovo) saat notif order masuk resto otomatis order gak bisa dicancel.,provider ojolnya harusnya sdh gunakan kebijakan utk order hanya dg uang digital gopay atau ovo saat notif order masuk resto otomatis order gak bisa dicancel,negatif
@helmaaaaaaaaaa shopeepay itu uang digital kak kaya gopay gitu lho tinggal di top up dulu ,shopeepay itu uang digital kak kaya gopay gitu lho tinggal di top up dulu,netral
GoPay sendiri adalah uang elektronik pertama yang dapat dijadikan alternatif untuk melakukan pembayaran JNE secara digital. #JNEmudahbayar #AmanNyaman @gopayindonesia @JNE_ID,gopay sendiri adalah uang elektronik pertama yang dapat dijadikan alternatif untuk melakukan pembayaran jne secara digital jnemudahbayar amannyaman,positif
@mericaaasp @gtwkaka @collegemenfess Mjb bisa lewat uang digital juga kok kak kaya gopay dana sama link aja. Pilihnya nanti dibagian pulsa sama di coupon name nya kak,mjb bisa lewat uang digital juga kok kak kaya gopay dana sama link aja pilihnya nanti dibagian pulsa sama di coupon name nya kak,netral
@SpiderDagger yg gmn tuh? dah lama gapernah pakai debit sih. kan skrg serba digital jg uang ada gopay ovo dana dan lainnya jarang kepake aku debit. dan klo beli beli pun tokopedia.,yg gmn tuh dah lama gapernah pakai debit sih kan skrg serba digital jg uang ada gopay ovo dana dan lainnya jarang kepake aku debit dan klo beli beli pun tokopedia,netral
"- Dengan mobile banking dan Gopay, bayar ke olshop jadi lebih simpel, tinggal tap tap klik aja.","- Dengan mobile banking dan Gopay, bayar ke olshop jadi lebih simpel, tinggal tap tap klik aja.",positif
Gopay bekerja sama dengan Kopernik merilis hasil riset terkait donasi digital. Gen Z ditemukan paling sering donasi dan Gen X menyumbangkan uang paling tinggi. #Gopay https://t.co/dVC9sWxTFA,gopay bekerja sama dengan kopernik merilis hasil riset terkait donasi digital gen z ditemukan paling sering donasi dan gen x menyumbangkan uang paling tinggi gopay,netral
Info dari @sinarmassakti KITZ VALVE Authorized Distributor Dapatkan hadiah uang digital ovo_id atau @GOPAY_ID senilai @ Rp.100.000 - untuk 2 orang pemenang #graduation giveaway Cara mengikuti sangat gampang; 1. https://t.co/tmo5RBA4iF,info dari kitz valve authorized distributor dapatkan hadiah uang digital ovo_id atau senilai rp untuk orang pemenang graduation giveaway cara mengikuti sangat gampang,netral
maaf oot tapi nyimpen uang digital yg paling aman dimana yaa? gopay dana spay ovo? #zonaba #zonajajan,maaf oot tapi nyimpen uang digital yg paling aman dimana yaa gopay dana spay ovo zonaba zonajajan,netral
@abaymg @SeaBankID Jika tidak butuh uang cash tapi butuh pembayaran menggunakan dompet digital contoh dana ovo gopay spay dll itu bisa langsung ditransfer melalui seabank dan biayanya gratiss ,jika tidak butuh uang cash tapi butuh pembayaran menggunakan dompet digital contoh dana ovo gopay spay dll itu bisa langsung ditransfer melalui seabank dan biayanya gratiss,netral
Jasa E-tuyul bisa mencuri uang dalam bentuk fisik maupun digital (Gopay ovo dana dll),jasa e tuyul bisa mencuri uang dalam bentuk fisik maupun digital gopay ovo dana dll,negatif
"- Semua sudah beralih ke teknologi digital, dari e-money sampai mobil, ini memang memudahkan hidup kita","- Semua sudah beralih ke teknologi digital, dari e-money sampai mobil, ini memang memudahkan hidup kita",negatif
"- Monopoli uang digital, tidak boleh, Gojek & Tokopedia harus main dengan aturan.","- Monopoli uang digital, tidak boleh, Gojek & Tokopedia harus main dengan aturan.",negatif
"- Aku ingin beli dolar tapi aku ga bisa karena harus ada uang di Gopay, tapi aku gak sengaja ngeklik beli dolar aja dan pembayaran sukses padahal aku udah habis duit di dompet digital lainku.","- Aku ingin beli dolar tapi aku ga bisa karena harus ada uang di Gopay, tapi aku gak sengaja ngeklik beli dolar aja dan pembayaran sukses padahal aku udah habis duit di dompet digital lainku.",negatif
Warbiyasak &gt; Platform transfer uang digital Amerika Serikat PayPal Holdings Inc (PYPL.O) telah memperoleh persetujuan untuk mengakuisisi GoPay. https://t.co/zOI5zj0JSl,warbiyasak gt platform transfer uang digital amerika serikat paypal holdings inc pypl o telah memperoleh persetujuan untuk mengakuisisi gopay,netral
Gopay jadi mata uang digital nanti ;))),gopay jadi mata uang digital nanti,netral
Tenang sekarang kamu bisa kirim digital kado disertai kartu ucapan dengan desain menarik untuk orang tersayang cukup lewat smartphone. Kamu bisa kirim kado berupa transfer uang antar BNI atau antar bank isi saldo LinkAja atau GoPay isi pulsa atau Mobile Tunai. (2/3) https://t.co/H0C2qto4CP,tenang sekarang kamu bisa kirim digital kado disertai kartu ucapan dengan desain menarik untuk orang tersayang cukup lewat smartphone kamu bisa kirim kado berupa transfer uang antar bni atau antar bank isi saldo linkaja atau gopay isi pulsa atau mobile tunai,netral
T: Cara bayar pakai syopi bagaimana? Harus check out sesuatu dulu kah? J: Tidak perlu. Langsung transfer nominal seperti teman2 transfer uang digital via GoPay/OVO/Dana pada umumnya saja. https://t.co/J4ltfI9RBI,t cara bayar pakai syopi bagaimana harus check out sesuatu dulu kah j tidak perlu langsung transfer nominal seperti teman transfer uang digital via gopay ovo dana pada umumnya saja,netral
Selama ini sebenarnya kita jg makin jarang pakai uang fisik kecuali bayar parkir. Kini kita lbh sering pakai mobile banking dan gopay atau digital wallet untuk bayar ini itu. Namun kan kita tetap bisa tarik uang fisik via ATM. Buat jaga2.,selama ini sebenarnya kita jg makin jarang pakai uang fisik kecuali bayar parkir kini kita lbh sering pakai mobile banking dan gopay atau digital wallet untuk bayar ini itu namun kan kita tetap bisa tarik uang fisik via atm buat jaga,netral
 Di poster kan disebutkan pembayarannya gak menerima uang tunai itu bisa pakai apa aja min? Pembayaran bisa dilakukan dengan menggunakan kartu debit atau bank digital seperti QRIS OVO GoPay ShopeePay Dana dan LinkAja.,di poster kan disebutkan pembayarannya gak menerima uang tunai itu bisa pakai apa aja min pembayaran bisa dilakukan dengan menggunakan kartu debit atau bank digital seperti qris ovo gopay shopeepay dana dan linkaja,netral
Hadiah koin dari Apk Play Play penghasil uang ini dapat kamu tukarkan menjadi saldo melalui dompet digital GoPay atau DANA. Berikut Ini Beberapa Cara Menghasilkan Uang Melalui Apk Play Play : https://t.co/wPGBnvr8X4,hadiah koin dari apk play play penghasil uang ini dapat kamu tukarkan menjadi saldo melalui dompet digital gopay atau dana berikut ini beberapa cara menghasilkan uang melalui apk play play,netral
@frdzeffendy Terima kasih sudah menunggu Kak. Grace infokan GoPay Coins tidak bisa digunakan sebagai metode bayar untuk produk berikut ini: Tokopedia Emas. Tokopedia Reksadana. Pembelian Giftcard Transaksi Digital (Angsuran Kredit. Kartu Kredit dan Uang Elektronik).,terima kasih sudah menunggu kak grace infokan gopay coins tidak bisa digunakan sebagai metode bayar untuk produk berikut ini tokopedia emas tokopedia reksadana pembelian giftcard transaksi digital angsuran kredit kartu kredit dan uang elektronik,netral
@wonyouisluv @jkt48appcoustic @officialJKT48 Ngerti sih pengen nyari untung bikin mata uang digital sendiri. Tapi kalo malah bikin susah. Ga mending numpang di gopay atau ovo. Daripada si JOT ribet konsumen jg males beli. Mungkin ada faktor lain jg.,ngerti sih pengen nyari untung bikin mata uang digital sendiri tapi kalo malah bikin susah ga mending numpang di gopay atau ovo daripada si jot ribet konsumen jg males beli mungkin ada faktor lain jg,netral
Gopay bekerja sama dengan Kopernik merilis hasil riset terkait donasi digital. Gen Z ditemukan paling sering donasi dan Gen X menyumbangkan uang paling tinggi. #Gopay via @detikinet https://t.co/5kcbtcGiaP,gopay bekerja sama dengan kopernik merilis hasil riset terkait donasi digital gen z ditemukan paling sering donasi dan gen x menyumbangkan uang paling tinggi gopay via,netral
"- Gopay masuk peringkat teratas sebagai uang elektronik yang dipilih konsumen, menurut hasil survei terbaru.","- Gopay masuk peringkat teratas sebagai uang elektronik yang dipilih konsumen, menurut hasil survei terbaru.",positif
@_mauwin @WillGittens alamat ewallet mba atau dompet digital tp mata uang luar / kalo kita sejenis dana ovo gopay gtu,alamat ewallet mba atau dompet digital tp mata uang luar kalo kita sejenis dana ovo gopay gtu,netral
@lovujpg @discountfess wahhh btul si skrg gojek ku baukkk ga perna dpt promo lagi pen move ke grab btw kak klo grab payment nya ada pake uang digital gt gasi? kek gojek ada gopay dll nah klo grab bs pake apa ya kak? atau cash only?,wahhh btul si skrg gojek ku baukkk ga perna dpt promo lagi pen move ke grab btw kak klo grab payment nya ada pake uang digital gt gasi kek gojek ada gopay dll nah klo grab bs pake apa ya kak atau cash only,netral
"Kartu prakerja tidak memberikan uang tunai seperti yang saya harapkan, hanya saldo non-tunai di platform digital yang tidak bisa diubah.","Kartu prakerja tidak memberikan uang tunai seperti yang saya harapkan, hanya saldo non-tunai di platform digital yang tidak bisa diubah.",negatif
- mahar uang tunai? coba cashless aja hahaha,- mahar uang tunai? coba cashless aja hahaha,positif
@hermansaksono Tuyul versi uang digital sudah rilis belum? Biar saldo gopay nambah banyak,tuyul versi uang digital sudah rilis belum biar saldo gopay nambah banyak,netral
@akiraalzena Kartu pembelian pulsa atau paket digital via aplikasi bayar via mbanking atau uang digital macam ovo atau gopay paling mentok bisa di Indomaret.,kartu pembelian pulsa atau paket digital via aplikasi bayar via mbanking atau uang digital macam ovo atau gopay paling mentok bisa di indomaret,netral
Group Salim bakal luncurkan uang digital ini kata GoPay https://t.co/5T58KhRHjo,group salim bakal luncurkan uang digital ini kata gopay,netral
"Variasi 4: puji teknologi, uang digital bikin kehidupan lebih mudah, tapi pas uang di rekening udah habis, masih ada saldo di spay dan gopay, jadi iseng aja nyetok lagi ke rekening.","Variasi 4: puji teknologi, uang digital bikin kehidupan lebih mudah, tapi pas uang di rekening udah habis, masih ada saldo di spay dan gopay, jadi iseng aja nyetok lagi ke rekening.",positif
Deposit Dari Semua Bank Local Dan Uang Digital (Ovo Gopay pulsa XL dan Telkomsel) * Hubungi Kami : Line : ItuBola WeChat : Itubola Whatsapp : +85517696120 Promo Cashback 5% #agentjudionline #agenterpecaya #bolaonline Link Alternatif ituBola: https://t.co/GqaWuqHpfX https://t.co/Riplwsb8fb,deposit dari semua bank local dan uang digital ovo gopay pulsa xl dan telkomsel hubungi kami line itubola wechat itubola whatsapp promo cashback agentjudionline agenterpecaya bolaonline link alternatif itubola,netral
"- Daripada ngeluh jaringan IndiHome kayak koper, ambil bonus launch bank digital ini aja, uang asalnya uang iklan, mending kasih ke aku yang baru daftar, langsung dapat saldo segini bisa dicairkan ke Gopay, Dana dll.","- Daripada ngeluh jaringan IndiHome kayak koper, ambil bonus launch bank digital ini aja, uang asalnya uang iklan, mending kasih ke aku yang baru daftar, langsung dapat saldo segini bisa dicairkan ke Gopay, Dana dll.",positif
@ardhiandharma Abis skrg uda joinan ovo - gopay jd gmn Yan? Kemenkeu jadi ngluarin uang digital?,abis skrg uda joinan ovo gopay jd gmn yan kemenkeu jadi ngluarin uang digital,netral
Bener sih. Ngalamin bgt pas mau launch project Gopay. Banyak UKM yg merasa menggunakan digital tu ribet. They have no time to use gadget or smth. Mereka hanya masak melayani nerima uang ngasih kembalian repeat. Yg menolak ada smpe 80% dr setiap wilayah UKM di Jakarta.,bener sih ngalamin bgt pas mau launch project gopay banyak ukm yg merasa menggunakan digital tu ribet they have no time to use gadget or smth mereka hanya masak melayani nerima uang ngasih kembalian repeat yg menolak ada smpe dr setiap wilayah ukm di jakarta,negatif
Ini Indonesia kebanyakan bikin produk mata uang digital nya. Gopay Ovo Yap Tcash lah dll. Ga mau apa bikin 1 produk aja trus bisa di pake dimana2 jd ga nyusahin.,ini indonesia kebanyakan bikin produk mata uang digital nya gopay ovo yap tcash lah dll ga mau apa bikin produk aja trus bisa di pake dimana jd ga nyusahin,netral
@renalda_krslm @BigAlphaID @bank_indonesia Kalo transfer via uang digital (gopay ovo) gitu switching nya sama ngga sih kayak bank konfensional? Setau gua uang digital itu punya based bank nya sendiri misal Jenius - BTPN Gojek - Jago Blu - BCA dll. Maksudnya transfer dari apps semacam itu udah dari dulu 2500 kan.,kalo transfer via uang digital gopay ovo gitu switching nya sama ngga sih kayak bank konfensional setau gua uang digital itu punya based bank nya sendiri misal jenius btpn gojek jago blu bca dll maksudnya transfer dari apps semacam itu udah dari dulu kan,netral
2018 itu perubahan yang buat gue berasa sih semuanya sekarang serba digital dan streaming. Dipermudah banget dengan adanya netflix dan spotify udah gitu digitalisasi uang dengan gopay. Patut ditunggu 2019 bakal ada gebrakan apa lagi.,itu perubahan yang buat gue berasa sih semuanya sekarang serba digital dan streaming dipermudah banget dengan adanya netflix dan spotify udah gitu digitalisasi uang dengan gopay patut ditunggu bakal ada gebrakan apa lagi,netral
Fenomena cashless nation sdh terjadi di China. Disana uang fisik dan kartu debet pelan2 masuk museum. Tak lagi relevan. Penguasa digital money disana adalah Alipay (pangsa 54%) dan dikejar WechatPay (pangsa 46%). Disini siapa yg akan menang? Antara gopay grabpay dan Tcash.,fenomena cashless nation sdh terjadi di china disana uang fisik dan kartu debet pelan masuk museum tak lagi relevan penguasa digital money disana adalah alipay pangsa dan dikejar wechatpay pangsa disini siapa yg akan menang antara gopay grabpay dan tcash,netral
"- Belum punya fitur premium? Cukup link ShopeePay atau Dana aja, gampang banget!","- Belum punya fitur premium? Cukup link ShopeePay atau Dana aja, gampang banget!",negatif
@sufrizal88 @tembangjiwa lihat skrg semua dibuat berbasis listrik/digital. Mulai e-money sampai mobil. Yg memang memudahkan umat manusia untuk bertekuk lutut ta' berdaya ketika dukhon tiba. Uang tdk bisa ditarik mobil tak jalan saldo gopay tak fungsi.,lihat skrg semua dibuat berbasis listrik digital mulai e money sampai mobil yg memang memudahkan umat manusia untuk bertekuk lutut ta berdaya ketika dukhon tiba uang tdk bisa ditarik mobil tak jalan saldo gopay tak fungsi,negatif
@UNSfess_ Bank konvensional pakai bca dan mandiri. BCA ATM setor tunainya banyak jadi gampang kalo sewaktu2 mau setor uang. Bank digital pakai Blu jago dan seabank. Seabank buat topup Shopee. Blu buat jembatan tf uang dari bca ke bank2 digital. Jago buat top up gopay dan bibit,bank konvensional pakai bca dan mandiri bca atm setor tunainya banyak jadi gampang kalo sewaktu mau setor uang bank digital pakai blu jago dan seabank seabank buat topup shopee blu buat jembatan tf uang dari bca ke bank digital jago buat top up gopay dan bibit,netral
Sebagai gambaran untuk memberikan uang kepada orang tua bisa ditransfer atau memberikan THR kepada ponakan bisa menggunakan uang digital seperti Ovo gopay LinkAja dan sebagainya. Termasuk juga untuk membeli makanan ataupun kebutuhan token dapat menggunakan e-money tanpa perlu,sebagai gambaran untuk memberikan uang kepada orang tua bisa ditransfer atau memberikan thr kepada ponakan bisa menggunakan uang digital seperti ovo gopay linkaja dan sebagainya termasuk juga untuk membeli makanan ataupun kebutuhan token dapat menggunakan e money tanpa perlu,netral
@null PayPal Mau Beli GoPay Platform transfer uang digital Amerika Serikat PayPal Hol https://t.co/wqWvBoXL9Y,paypal mau beli gopay platform transfer uang digital amerika serikat paypal hol,netral
@ppeonha @jeleoldin Gopay gitu kan sama aja uang juga. Cuma bentuknya digital aja. Segala yang cair dan bisa langsung dipakai untuk transaksi,gopay gitu kan sama aja uang juga cuma bentuknya digital aja segala yang cair dan bisa langsung dipakai untuk transaksi,netral
Berikut 4 variasi parafrase dari tweet asli:,Berikut 4 variasi parafrase dari tweet asli:,positif
Dengan adanya perbedaan sistem ekonomi dan perbankan antara dunia jin dan dunia manusia maka sudah jelas bahwa jin tidak bisa mengirimkan uang ke uang digital kita seperti ovo dana dan gopay. #Kemanatuyul,dengan adanya perbedaan sistem ekonomi dan perbankan antara dunia jin dan dunia manusia maka sudah jelas bahwa jin tidak bisa mengirimkan uang ke uang digital kita seperti ovo dana dan gopay kemanatuyul,netral
"- survei populix mengungkap, konsumen memilih gopay sebagai uang elektronik favorit mereka","- survei populix mengungkap, konsumen memilih gopay sebagai uang elektronik favorit mereka",positif
@jeonimx yaampun skrg tuh banyak uang digital kek dana ovo gopay ..... gaperlu cash tau gaa xp,yaampun skrg tuh banyak uang digital kek dana ovo gopay gaperlu cash tau gaa xp,netral
@herrysw Menurut pak HSW diantara layanan uang digital (Gopay Link aja OVO Shopee pay dll) mana yg lebih bagus dr segi pelayanan dan fiturnya?,menurut pak hsw diantara layanan uang digital gopay link aja ovo shopee pay dll mana yg lebih bagus dr segi pelayanan dan fiturnya,netral
@amirk Seandainya semua dompet digital menghentikan promonya saya pasti pakai Dana karena dia bisa narik uang langsung dari rekening ga gitu suka dengan top up top upan ala gopay atau ovo.,seandainya semua dompet digital menghentikan promonya saya pasti pakai dana karena dia bisa narik uang langsung dari rekening ga gitu suka dengan top up top upan ala gopay atau ovo,negatif
Ada banyak uang digital sekarang ada DANA GOPAY OVO LINKAJA SHOPEE PAY. Itu aja yg saya tau :). Munurut saya sistem keuangan di DANA dan LINKAJA paling menguntungkan. Alasannya mungkin di lain waktu.,ada banyak uang digital sekarang ada dana gopay ovo linkaja shopee pay itu aja yg saya tau munurut saya sistem keuangan di dana dan linkaja paling menguntungkan alasannya mungkin di lain waktu,netral
@chiveenn dana shopeepay gopay ovo dll. kyk dompet digital gitu bentuk nya saldo. jadi bukan uang tunai tapi masih bisa dipakai transaksi,dana shopeepay gopay ovo dll kyk dompet digital gitu bentuk nya saldo jadi bukan uang tunai tapi masih bisa dipakai transaksi,netral
Dengan segala kenyataan yang ada hidupku penuh dengan uang digital . Naik ojek bayarnya pake gopay/ovo Naik Tj Udh pake tapcash Naik kereta pake tapcash Makan siang beli martabak atau jajan-jajan lainnya pake gopay/ovo/dana/ Grgr gini jd seringnya gak megang cash deh ,dengan segala kenyataan yang ada hidupku penuh dengan uang digital naik ojek bayarnya pake gopay ovo naik tj udh pake tapcash naik kereta pake tapcash makan siang beli martabak atau jajan jajan lainnya pake gopay ovo dana grgr gini jd seringnya gak megang cash deh,netral
Group Salim bakal luncurkan uang digital ini kata GoPay Keuangan Kontan https://t.co/7JywHB7aaj https://t.co/yP5ZssDGaD,group salim bakal luncurkan uang digital ini kata gopay keuangan kontan,netral
@tanyakanrl Rp.0 kalo ad yg berbaik hati saya nerima uang digital berupa gopay dana spay ovo dan lain yah kak ,rp kalo ad yg berbaik hati saya nerima uang digital berupa gopay dana spay ovo dan lain yah kak,netral
@MyPertaminaID apakah aktifasi uang digital harus pakai @linkaja ? Gak bisa pake gopay gitu yg lebih umum. Sy sejak desember 28 gak bisa aktivasi linkaja ini. Payah.,apakah aktifasi uang digital harus pakai gak bisa pake gopay gitu yg lebih umum sy sejak desember gak bisa aktivasi linkaja ini payah,negatif
Barusan ambil loundry.. Ternyata udah ada fitur bayar pake Gopay dong ada diskon 30% lagi.. Kayaknya emang dimasa depan kita udah ga perlu bawa cash lagi semua pake uang digital.. Jangan heran kalau kelak ada tambal ban bayarnya pake DANA atau Link Aja.. ,barusan ambil loundry ternyata udah ada fitur bayar pake gopay dong ada diskon lagi kayaknya emang dimasa depan kita udah ga perlu bawa cash lagi semua pake uang digital jangan heran kalau kelak ada tambal ban bayarnya pake dana atau link aja,netral
Coba tanya ke temen sebelah mu Punya Dompet Uang Elektronik #GoPay #OVO #Dana #LinkAja? Itu mah udah KETINGGALAN ZAMAN Bro. Sekarang mah udah waktunya punya Dompet Uang Digital Kripto. Nih 5 Dompet Kripto yang Mudah dan Memudahkan 1. LUNO https://t.co/YVNS6qUJyU https://t.co/u2qyT0isDW,coba tanya ke temen sebelah mu punya dompet uang elektronik gopay ovo dana linkaja itu mah udah ketinggalan zaman bro sekarang mah udah waktunya punya dompet uang digital kripto nih dompet kripto yang mudah dan memudahkan luno,netral
"Sudah waktunya beralih ke cara bayar digital aja, kayaknya teknologi sudah cukup baik, aku sendiri suka menggunakan paylinkajaovo, di sekolah udah ada koperasi yang bisa menggunakan linkaja, sangat menyenangkan dan tidak ribet.","Sudah waktunya beralih ke cara bayar digital aja, kayaknya teknologi sudah cukup baik, aku sendiri suka menggunakan paylinkajaovo, di sekolah udah ada koperasi yang bisa menggunakan linkaja, sangat menyenangkan dan tidak ribet.",positif
"Bawa uang ke mall itu ribet, kalo punya m banking cashless aja baik.","Bawa uang ke mall itu ribet, kalo punya m banking cashless aja baik.",positif
@BrtTransJateng min kerjasama dengan GOPAY @gojekindonesia OVO @ovo_id atau dompet digital lain dong biar enak kalau bayar misal pas gak bawa uang kecil. @ganjarpranowo @perhubunganjtg,min kerjasama dengan gopay ovo atau dompet digital lain dong biar enak kalau bayar misal pas gak bawa uang kecil,netral
@ursummersadness Dengan senang hati kami informasikan Bapak/Ibu pelanggan. Untuk transaksi top up Gopay/uang elektronik terdapat limit transaksi Rp10.000.000 - per hari per rekening adalah limit gabungan BCA Virtual Account untuk top up dompet digital/uang (1/2) ^Erwan,dengan senang hati kami informasikan bapak ibu pelanggan untuk transaksi top up gopay uang elektronik terdapat limit transaksi rp per hari per rekening adalah limit gabungan bca virtual account untuk top up dompet digital uang erwan,netral
meh cara pembayaran produk uang digital lewat uang digital tuh goblog jg sih mau beli porto bayar pake gopay dan ga ada pilihan VA bank kan dobel ya jadinya ngisi gopay kan pake VA bank paling cepet,meh cara pembayaran produk uang digital lewat uang digital tuh goblog jg sih mau beli porto bayar pake gopay dan ga ada pilihan va bank kan dobel ya jadinya ngisi gopay kan pake va bank paling cepet,netral
@batarangga Berarti yg gw tangkep mcard itu kayak tabungan pada umumnya klo ecard iti uang digital kayak OVO gopay gitu2 ya? Berarti yg bisa dipake kayak pengganti kartu kredit / paypal sama yg bisa diisi macem2 curency itu yg mcard aja?,berarti yg gw tangkep mcard itu kayak tabungan pada umumnya klo ecard iti uang digital kayak ovo gopay gitu ya berarti yg bisa dipake kayak pengganti kartu kredit paypal sama yg bisa diisi macem curency itu yg mcard aja,netral
Kubur mimpi saya untuk mendapatkan uang tunai dari kartu prakerja karena yang saya dapatkan adalah saldo non-tunai di platform digital.,Kubur mimpi saya untuk mendapatkan uang tunai dari kartu prakerja karena yang saya dapatkan adalah saldo non-tunai di platform digital.,negatif
@gesti_07 Udah lama itu ges mereka mau ngalahin dominasi gopay diperingkat 1 dompet digital beberapa taun ini. Yg menarik itu justru inves fb dgojek. Dengan libra sebagai mata uang digital fb dan gopay sbg dompet digital,udah lama itu ges mereka mau ngalahin dominasi gopay diperingkat dompet digital beberapa taun ini yg menarik itu justru inves fb dgojek dengan libra sebagai mata uang digital fb dan gopay sbg dompet digital,netral
@collegemenfess anaknya ga digital digital bgt tapi gopay ngebantu bgt suh buat yg gapunya kartu atm bisa masukin uang dari atm bca kalo mau trf masukin nomer tlp bisa transport jajan narik uang juga bisa tapi kena admin ehehehhehehehhe,anaknya ga digital digital bgt tapi gopay ngebantu bgt suh buat yg gapunya kartu atm bisa masukin uang dari atm bca kalo mau trf masukin nomer tlp bisa transport jajan narik uang juga bisa tapi kena admin ehehehhehehehhe,positif
@SandiMuldani @wakilgubernurKW Mereka bukan mata uang di dalem gopay sama shopeepay tetep rupiah mereka cuma dompet digital,mereka bukan mata uang di dalem gopay sama shopeepay tetep rupiah mereka cuma dompet digital,netral
"- Sekarang sudah sangat mudah membayar spp sekolah melalui gopay, kawula muda tidak perlu lagi repot-repot betak uang, apa lagi kalo itu saat kamu lagi istirahat","- Sekarang sudah sangat mudah membayar spp sekolah melalui gopay, kawula muda tidak perlu lagi repot-repot betak uang, apa lagi kalo itu saat kamu lagi istirahat",positif
@VIVAcoid BUMN sudah ada uang digital LinkAja. seharusnya kementerian kerjasama kesitu bukan perusahaan swasta seperti Gopay. https://t.co/HaGeCmbLr9,bumn sudah ada uang digital linkaja seharusnya kementerian kerjasama kesitu bukan perusahaan swasta seperti gopay,netral
@jntexpressid Kak mau usul donk kalau bayar COD bisa kali pakai uang digital(DANA OVO Gopay/ LinkAja) pengalaman saya sering belanja ecommerce lupa tracking tiba2 abang kurirnya sudah didepan rumah/kantor mau bayar cash ternyata lupa ambil uang.,kak mau usul donk kalau bayar cod bisa kali pakai uang digital dana ovo gopay linkaja pengalaman saya sering belanja ecommerce lupa tracking tiba abang kurirnya sudah didepan rumah kantor mau bayar cash ternyata lupa ambil uang,netral
@ZoneVenomWar Anak muda skrg duitnya ada di dompet Digital semua mas. Ovo Gopay Dana dsbnya. Jadi sementara begini dulu. Makanya skrg jarang nemu uang di jalan mas semua udh digital. ,anak muda skrg duitnya ada di dompet digital semua mas ovo gopay dana dsbnya jadi sementara begini dulu makanya skrg jarang nemu uang di jalan mas semua udh digital,netral
Berikut 4 variasi parafrase dari tweet asli:,Berikut 4 variasi parafrase dari tweet asli:,positif
Deposit Dari Semua Bank Local Dan Uang Digital (Ovo Gopay pulsa XL dan Telkomsel) * Hubungi Kami : Line : ItuBola WeChat : Itubola Whatsapp : +85517696120 Promo Cashback 5% #agentjudionline #agenterpecaya #bolaonline Link Alternatif ituBola: https://t.co/GqaWuqHpfX https://t.co/NcnHWzjFSC,deposit dari semua bank local dan uang digital ovo gopay pulsa xl dan telkomsel hubungi kami line itubola wechat itubola whatsapp promo cashback agentjudionline agenterpecaya bolaonline link alternatif itubola,netral
Setelah fitur RSVP online sekarang lagi kepikiran buat bikin hi-tech wedding celebration. Menerima uang digital (ovo gopay dana) udah gitu ada orang yang pake PayLater. Apa lagi?,setelah fitur rsvp online sekarang lagi kepikiran buat bikin hi tech wedding celebration menerima uang digital ovo gopay dana udah gitu ada orang yang pake paylater apa lagi,netral
"Variasi 3: paypal kayaknya diblokir gini-gini aja, kemarin aja pas kemarin, kayaknya paypal bakal disamain sama gopay dana, banyak gamer yang udah ngabisin uang di paypal.","Variasi 3: paypal kayaknya diblokir gini-gini aja, kemarin aja pas kemarin, kayaknya paypal bakal disamain sama gopay dana, banyak gamer yang udah ngabisin uang di paypal.",negatif
@Suara_Bawah Uang digital gk ada gambarnya. Gimana nih. Ovo gopay dana k-link alipay dll inilah trend uang digital ntnya. IoT drone 5G sebentar lagi akan masuk ke dalam masyarakat kita. Urusan gambar jadi tak relevan lagi. @Kemenparekraf @kemkominfo Siapkah antisipasi hal2 ini?,uang digital gk ada gambarnya gimana nih ovo gopay dana k link alipay dll inilah trend uang digital ntnya iot drone g sebentar lagi akan masuk ke dalam masyarakat kita urusan gambar jadi tak relevan lagi siapkah antisipasi hal ini,netral
"- uang gue dari jual laptop kemarin ga bisa masuk ke dana dan ovo trouble, akhirnya dikirim ke gopay tapi melebihi limit atm, gua panik banget deh","- uang gue dari jual laptop kemarin ga bisa masuk ke dana dan ovo trouble, akhirnya dikirim ke gopay tapi melebihi limit atm, gua panik banget deh",negatif
Deposit Dari Semua Bank Local Dan Uang Digital (Ovo Gopay pulsa XL dan Telkomsel) * Hubungi Kami : Line : ItuBola WeChat : Itubola Whatsapp : +85517696120 Promo Cashback 5% #agentjudionline #agenterpecaya #bolaonline Link Alternatif ituBola: https://t.co/GqaWuqHpfX https://t.co/6gg59OadpN,deposit dari semua bank local dan uang digital ovo gopay pulsa xl dan telkomsel hubungi kami line itubola wechat itubola whatsapp promo cashback agentjudionline agenterpecaya bolaonline link alternatif itubola,netral
Siap menerima THR bentuk uang digital. Shoopepay ovo gopay dana linkAja rekening.,siap menerima thr bentuk uang digital shoopepay ovo gopay dana linkaja rekening,netral
Suatu saat tidak ada lagi kantor bank. apalagi mendapat senyum manis dari satpam BCA. Digital Currency is coming. bahkan jgn2 Rupiah Digital pun hilang diganti Reminbi Digital. atau mata uang gopay atau NFTcoin. kacau deh...,suatu saat tidak ada lagi kantor bank apalagi mendapat senyum manis dari satpam bca digital currency is coming bahkan jgn rupiah digital pun hilang diganti reminbi digital atau mata uang gopay atau nftcoin kacau deh,negatif
"4. Motor bisa seharga ribuan juta, tapi kalau ada uang digital di nomor HP kamu, kayak OVO, Linkaja, Gopay, atau kartu kredit, motor kayak gini, apa apanya Bos?","4. Motor bisa seharga ribuan juta, tapi kalau ada uang digital di nomor HP kamu, kayak OVO, Linkaja, Gopay, atau kartu kredit, motor kayak gini, apa apanya Bos?",negatif
@ChrisMi33601483 klo msh terima honor pkai uang rupiah gak usah ngoceh. mo belanja pkai Dinar dmn wong makan jg bini belanja msh pkai uang kertas. apalagi ud jaman uang digital ada ovo gopay dana e-money dlsbg.,klo msh terima honor pkai uang rupiah gak usah ngoceh mo belanja pkai dinar dmn wong makan jg bini belanja msh pkai uang kertas apalagi ud jaman uang digital ada ovo gopay dana e money dlsbg,netral
@null PayPal Mau Beli GoPay Platform transfer uang digital Amerika Serikat PayPal Hol https://t.co/cUCbqgh6BJ,paypal mau beli gopay platform transfer uang digital amerika serikat paypal hol,netral
@Thitaps2 @adulputrasuhu @KiputKingg @SerencengKopi @SusyTan15 @ustadtengkuzul @bank_indonesia Cryptocurrency tu uang digital dengan teknologi Blockchain (bukan kek gopay/ovo). Jadi Cryptocurrency bisa sedikit jadi solusi pengganti agresifnya mata uang sekarang. Bahkan di Cryptocurrency pun ada kemungkinan tetap inflasi (walaupun gak agresif). Jadi risiko inflasi ttap ada,cryptocurrency tu uang digital dengan teknologi blockchain bukan kek gopay ovo jadi cryptocurrency bisa sedikit jadi solusi pengganti agresifnya mata uang sekarang bahkan di cryptocurrency pun ada kemungkinan tetap inflasi walaupun gak agresif jadi risiko inflasi ttap ada,netral
KITZ VALVE Authorized Distributor SELAMAT kepada https://t.co/e8HdzEBLhF &amp; emiharahap yang telah memenangkan #qurban Giveaway @sinarmassakti. Setiap pemenang akan mendapatkan uang digital ovo_id atau @GOPAY_ID senilai https://t.co/ZbkF9Xpt0X,kitz valve authorized distributor selamat kepada amp emiharahap yang telah memenangkan qurban giveaway setiap pemenang akan mendapatkan uang digital ovo_id atau senilai,netral
Dompet digital: OVO GOPAY Dana Uang digital: Bitcoin Ethereum Dogecoin,dompet digital ovo gopay dana uang digital bitcoin ethereum dogecoin,netral
"- biar aku bisa menang titik, kudu nambah uang di atm, lalu gopay dan shopepay kirim donasi digital ke aku","- biar aku bisa menang titik, kudu nambah uang di atm, lalu gopay dan shopepay kirim donasi digital ke aku",positif
Untuk kemudahan pengguna LRT Jabotabek nantinya akan menggunakan Kartu Uang Elektronik atau dompet digital seperti Gopay Dana Ovo Link Aja dll. https://t.co/a6q6P707hL,untuk kemudahan pengguna lrt jabotabek nantinya akan menggunakan kartu uang elektronik atau dompet digital seperti gopay dana ovo link aja dll,netral
Selamat untuk pemenang (Segera DM kami info data diri berupa nama no hp serta pengiriman uang digital akan kemana (Ovo/Gopay/ Dana) 1. @ceritaibuk 2. @brendamarii19 3. @tharita_hadi,selamat untuk pemenang segera dm kami info data diri berupa nama no hp serta pengiriman uang digital akan kemana ovo gopay dana,netral
"Bank lain bisa kayak permata, gampang top up ovo cepat casback, ngopi jumat bisa dapat cashback, fitur reksa dan obligasi juga oke!","Bank lain bisa kayak permata, gampang top up ovo cepat casback, ngopi jumat bisa dapat cashback, fitur reksa dan obligasi juga oke!",positif
@kangenbilang @PenjahatGunung @metahillry Emang pake gopay susah ya? . Gw masa covid gini ga mau pegang cash. Semua udah cashless. Kalau tukang sayur bisa pake uang digital gw pake uang digital juga . Seriusan nanya ?.,emang pake gopay susah ya gw masa covid gini ga mau pegang cash semua udah cashless kalau tukang sayur bisa pake uang digital gw pake uang digital juga seriusan nanya,netral
@tanyarlfes lah itu udah dksh ovo ma gopay... uang digital ini. brp sih dptnya? klo masing2 cuman 100k ya wajar pean boleh protes ke suami nderr...,lah itu udah dksh ovo ma gopay uang digital ini brp sih dptnya klo masing cuman k ya wajar pean boleh protes ke suami nderr,netral
"Bisa bayar digital dengan mudah di GoFood Festival Surabaya, tanpa perlu uang cash.","Bisa bayar digital dengan mudah di GoFood Festival Surabaya, tanpa perlu uang cash.",positif
@detikcom @detikfinance jelas China terdepan dalam Mata uang digital khususnya dalam teknologi blockchain namun mereka masih menerapkan sistem Centralisasi bukan decentralisasi sementara FB masih ngotot meluncurkan Libra sementara indonesia masih jmn kuno dgn Gopay DANAku OVO,jelas china terdepan dalam mata uang digital khususnya dalam teknologi blockchain namun mereka masih menerapkan sistem centralisasi bukan decentralisasi sementara fb masih ngotot meluncurkan libra sementara indonesia masih jmn kuno dgn gopay danaku ovo,netral
Ni digital wallet macem GoPay udah sukses membuat gw idup selama hampir 3 hari tanpa uang tunai. Waw.,ni digital wallet macem gopay udah sukses membuat gw idup selama hampir hari tanpa uang tunai waw,positif
@MurniAsih__ @bumiitudatar @GNarend58038019 @KulitAri9_42_9 @JackVardan Untuk Ovo Gopay Ecash Emoney selama menggunakan mata uang rupiah berarti msh kategori uang giral rupiah tadi. Uang elektronik yg brlaku di seluruh dunia ada lagi = Paypal Beda halnya dgn Bitcoin yg merupkan Cryptocurrency. Wkwk pdhl topik awal Sejarah,untuk ovo gopay ecash emoney selama menggunakan mata uang rupiah berarti msh kategori uang giral rupiah tadi uang elektronik yg brlaku di seluruh dunia ada lagi paypal beda halnya dgn bitcoin yg merupkan cryptocurrency wkwk pdhl topik awal sejarah,netral
Blockchain Pada masa yang serba digital persepsi tentang uang mulai mengalami perubahan. Transaksi dilakukan secara digital mulai dari pemesanan hingga pembayaran. Uang elektronik seperti samsungpay gopay ovo dan semacamnya bermunculan.,blockchain pada masa yang serba digital persepsi tentang uang mulai mengalami perubahan transaksi dilakukan secara digital mulai dari pemesanan hingga pembayaran uang elektronik seperti samsungpay gopay ovo dan semacamnya bermunculan,netral
@recehanjir Owalaa. Menurutku sek beda soale misal e wallet iku gopay sedangkan bank e Jago. Kunci transaksi fleksibel memang ada di gopay tapi Jago menguasai uang fisik. Pintu masuk uang ttp dari Jago baru ke gopay. Nek karena no admin blas semua bank digital skrg gitu. Mbo sampe kapan,owalaa menurutku sek beda soale misal e wallet iku gopay sedangkan bank e jago kunci transaksi fleksibel memang ada di gopay tapi jago menguasai uang fisik pintu masuk uang ttp dari jago baru ke gopay nek karena no admin blas semua bank digital skrg gitu mbo sampe kapan,netral
diantara semua uang digital yang pernah tak cobain gopay ovo dana linkaja ternyata menurutku yang paling enak LinkAja. karena dia ada fitur nambah saldo sendiri gak pernah topup tiba-tiba ada saja saldo masuk wkwk,diantara semua uang digital yang pernah tak cobain gopay ovo dana linkaja ternyata menurutku yang paling enak linkaja karena dia ada fitur nambah saldo sendiri gak pernah topup tiba tiba ada saja saldo masuk wkwk,netral
@Strategi_Bisnis Meburut ane uang digital/pembayaran digital yg bener itu ya kaya model gopay ato tcash ato sejenisnya.. Bkn cryptocurrency #bitcoin yg serba ga jelas apa n gimananya..,meburut ane uang digital pembayaran digital yg bener itu ya kaya model gopay ato tcash ato sejenisnya bkn cryptocurrency bitcoin yg serba ga jelas apa n gimananya,netral
"- Tunggu apa lagi, belum punya premium? Selesai aja, link ShopeePay atau Dana aja!","- Tunggu apa lagi, belum punya premium? Selesai aja, link ShopeePay atau Dana aja!",negatif
Bagaimana dengan Indonesia? Dengan semakin banyaknya penyedia layanan dompet digital seperti GoPay Ovo Dana dan lainnya tentu bisa menjadi salah satu pertahanan diri terhadap penularan COVID-19. Jadi jika bisa contactless kenapa harus bayar dengan uang kertas?,bagaimana dengan indonesia dengan semakin banyaknya penyedia layanan dompet digital seperti gopay ovo dana dan lainnya tentu bisa menjadi salah satu pertahanan diri terhadap penularan covid jadi jika bisa contactless kenapa harus bayar dengan uang kertas,netral
"4. Uang digital sekarang kayaknya ke mana-mana aja, gue buka karena ada promo cashback, tapi hasilnya cuma sisa recehan aja yang masih ada, kayaknya GoPay, OVO, dan Dana yang paling pintar di sini!","4. Uang digital sekarang kayaknya ke mana-mana aja, gue buka karena ada promo cashback, tapi hasilnya cuma sisa recehan aja yang masih ada, kayaknya GoPay, OVO, dan Dana yang paling pintar di sini!",negatif
MotionPay adalah uang digital milik MNC Group yang baru diluncurkan Hary Tanoesoedibjo. Ini strateginya kalahkan OVO hingga Gopay. https://t.co/9gsEwWnbwQ,motionpay adalah uang digital milik mnc group yang baru diluncurkan hary tanoesoedibjo ini strateginya kalahkan ovo hingga gopay,netral
Variasi 3: jago ngatur trf ke bank lain tanpa biaya bisa top up e wallet nti kamu bisa dapat kartu debit fisik digital trus kalau sering pakai gojek bisa connect aja,Variasi 3: jago ngatur trf ke bank lain tanpa biaya bisa top up e wallet nti kamu bisa dapat kartu debit fisik digital trus kalau sering pakai gojek bisa connect aja,positif
@AriefRptm @TirtoID Pointnya yg saya bold. Bukan masalah sudah diputer atau engga. Uang digital itu hanya alternatif metode pembayaran.Sama aja dengan uang tunaimu tp dlm bentuk digital. U topup Gopay 5rb BUKAN brarti 5rb itu punya si Gojek dan bs dia pake. Itu tetap uangmu tp wujudnya digital. https://t.co/xwUvgqHKUz,pointnya yg saya bold bukan masalah sudah diputer atau engga uang digital itu hanya alternatif metode pembayaran sama aja dengan uang tunaimu tp dlm bentuk digital u topup gopay rb bukan brarti rb itu punya si gojek dan bs dia pake itu tetap uangmu tp wujudnya digital,netral
"- Yuk, ambil bonus bank digital ini, daripada ngeluh jaringan IndiHome kayak koper, uang asalnya uang iklan, lebih baik kasih ke nasabah baru aku yang baru daftar, langsung dapat saldo segini bisa dicairkan ke Dana dll.","- Yuk, ambil bonus bank digital ini, daripada ngeluh jaringan IndiHome kayak koper, uang asalnya uang iklan, lebih baik kasih ke nasabah baru aku yang baru daftar, langsung dapat saldo segini bisa dicairkan ke Dana dll.",positif
"Sadar banget pergerakan uang digital sekarang ngeri, apalagi kalau lembaran Rp udah gak ada lagi, mau berbagi dengan pengamen dan peminta di jalan pakai apa, Qris, Transfer, Ovo, atau Dana?","Sadar banget pergerakan uang digital sekarang ngeri, apalagi kalau lembaran Rp udah gak ada lagi, mau berbagi dengan pengamen dan peminta di jalan pakai apa, Qris, Transfer, Ovo, atau Dana?",negatif
maaf ya gaada uang cash jdi ga ngasih thr HEYHEY diriku bakal list dompet digital yg saya punya kek ovo gopay dana jenius. bruh sudah canggih jmn skrng,maaf ya gaada uang cash jdi ga ngasih thr heyhey diriku bakal list dompet digital yg saya punya kek ovo gopay dana jenius bruh sudah canggih jmn skrng,netral
"Variasi 3: Mang cilok aku mikir bingung, bayar apa sih? Gopay kayaknya nggak ada, uang digital udah habis dibelikan gopay lainnya.","Variasi 3: Mang cilok aku mikir bingung, bayar apa sih? Gopay kayaknya nggak ada, uang digital udah habis dibelikan gopay lainnya.",negatif
@blubybcadigital Blu BCA itu kaya uang Digital. Seperti. Gopay. Ovo. Link ajja. Shope pay dll. Dan selama ini uang digital memang tidak ada biyaya bulalan. Yang ada itu promo dan promo. Dan selamanya juga promo. Karena uang Customer atau member. Ada di dalam bankker yang gede. Dan Di olah lagi,blu bca itu kaya uang digital seperti gopay ovo link ajja shope pay dll dan selama ini uang digital memang tidak ada biyaya bulalan yang ada itu promo dan promo dan selamanya juga promo karena uang customer atau member ada di dalam bankker yang gede dan di olah lagi,netral
@detikcom @CNNIndonesia 1. Masker wajah 2. Hand Sanitizer 3. Uang digital (Ovo / Gopay ) agar tidak kontak langsung dengan orang lain #NewNormalNewSpirit,masker wajah hand sanitizer uang digital ovo gopay agar tidak kontak langsung dengan orang lain newnormalnewspirit,netral
@Lonewolfha Jaman sekarang semuanya udah serba digital bro sampe uang/dompet aja juga digital. Tapi selagi uang/dompet digital itu membantu kita yaa mau gimana lagi. Apa lagi GoPay wkwk #UntungGoPayPlus,jaman sekarang semuanya udah serba digital bro sampe uang dompet aja juga digital tapi selagi uang dompet digital itu membantu kita yaa mau gimana lagi apa lagi gopay wkwk untunggopayplus,positif
"Gopay aja yang paling stabil dalam urusan uang online di zaman sekarang karena reputasinya sudah sangat besar dan jelas, beda dengan bank dan pinjaman online yang konsepnya masih tidak jelas dan bisa bikin kerugian.","Gopay aja yang paling stabil dalam urusan uang online di zaman sekarang karena reputasinya sudah sangat besar dan jelas, beda dengan bank dan pinjaman online yang konsepnya masih tidak jelas dan bisa bikin kerugian.",positif
Saya kecewa karena mimpi saya untuk mendapatkan uang tunai dari kartu prakerja harus dikubur karena saldo non-tunai di platform digital tidak bisa diubah.,Saya kecewa karena mimpi saya untuk mendapatkan uang tunai dari kartu prakerja harus dikubur karena saldo non-tunai di platform digital tidak bisa diubah.,negatif
Mobile banking dan gopay amat memudahkan proses transaksi keuangan. Bayar ke aneka olshop tinggal tap tap klik. Virtual account bikin proses bayar jadi simpel. Itu jenis uang digital pertama.,mobile banking dan gopay amat memudahkan proses transaksi keuangan bayar ke aneka olshop tinggal tap tap klik virtual account bikin proses bayar jadi simpel itu jenis uang digital pertama,positif
Btw flazz brizzi e-money Indomaret card tapcash ovo gopay dll itu disebutnya apa ya? E-wallet? E-money? Uang digital?,btw flazz brizzi e money indomaret card tapcash ovo gopay dll itu disebutnya apa ya e wallet e money uang digital,netral
"- Aku mau beli dolar tapi aku harus punya uang di Gopay, tapi aku gak sengaja ngeklik beli dolar dan pembayaran berhasil padahal aku udah ga ada duit di Gopay.","- Aku mau beli dolar tapi aku harus punya uang di Gopay, tapi aku gak sengaja ngeklik beli dolar dan pembayaran berhasil padahal aku udah ga ada duit di Gopay.",negatif
GoPay pimpin pasar dompet digital meski tidak bakar uang https://t.co/CiZuO5SGkw,gopay pimpin pasar dompet digital meski tidak bakar uang,netral
@imglowups @RacunBelanja Pembiayaan sama uang digital beda ya bund Tokped gandeng gopay tuh emang karna mereka colab marger. Dan aturan pemerintah tuh marketplace gaboleh doble uang digital begituuh Cmiiw,pembiayaan sama uang digital beda ya bund tokped gandeng gopay tuh emang karna mereka colab marger dan aturan pemerintah tuh marketplace gaboleh doble uang digital begituuh cmiiw,netral
"2. Motor bisa mahal, tapi kalau ada nomor HP yang terkait dengan uang digital seperti OVO, Dana, Gopay, Linkaja, atau kartu kredit, motor kayak gini, apa apanya Bos?","2. Motor bisa mahal, tapi kalau ada nomor HP yang terkait dengan uang digital seperti OVO, Dana, Gopay, Linkaja, atau kartu kredit, motor kayak gini, apa apanya Bos?",negatif
"- Mobile banking dan Gopay buat transaksi keuangan makin mudah, nggak perlu capek-capek ke toko.","- Mobile banking dan Gopay buat transaksi keuangan makin mudah, nggak perlu capek-capek ke toko.",positif
Bus bakal berhenti di setiap halte utk menaikturunkan penumpang. Pembayarannya tunai belum melayani dompet digital macam Ovo GoPay &amp; Dana. Juga belum bisa pakai uang elektronik yg dikeluarkan beberapa bank. Yuk kurangi polusi dg naik transportasi umum @BrtTransJateng https://t.co/MirRXkv5E0,bus bakal berhenti di setiap halte utk menaikturunkan penumpang pembayarannya tunai belum melayani dompet digital macam ovo gopay amp dana juga belum bisa pakai uang elektronik yg dikeluarkan beberapa bank yuk kurangi polusi dg naik transportasi umum,netral
Pelayanan SKCK Polres Karanganyar bekerjasama dengan Link Aja berkomitmen memberikan kemudahan pemohon SKCK denganbpembayaran digital tanpa uang cash melalui OVO Internet Banking Shopeepay Gopay Isaku dll. #SKCKPerizinanPolresKaranganyar https://t.co/oocEN8Pi70,pelayanan skck polres karanganyar bekerjasama dengan link aja berkomitmen memberikan kemudahan pemohon skck denganbpembayaran digital tanpa uang cash melalui ovo internet banking shopeepay gopay isaku dll skckperizinanpolreskaranganyar,netral
#Giveawayalert Menuju launching aplikasi messenger #Linkup Aplikasi yg memberi reward pengguna aktif dengan uang digital/#Crypto. 25K (pulsa/gopay/dana/ovo) u/ 4 orang pemenang. Follow @Linkup_ID RT &amp; Tag Teman Rep Domisili + hastag #BudayaNusantara Diundi 25 Februari. https://t.co/yNTbUHBwfj,giveawayalert menuju launching aplikasi messenger linkup aplikasi yg memberi reward pengguna aktif dengan uang digital crypto k pulsa gopay dana ovo u orang pemenang follow amp tag teman rep domisili hastag budayanusantara diundi februari,netral
Setelah ada aplikasi dana gopay dan dompet digital lainnya saya jadi jarang nemu uang di jalan bangsat!!,setelah ada aplikasi dana gopay dan dompet digital lainnya saya jadi jarang nemu uang di jalan bangsat,netral
@GTMezzomik Msh satu Bos Om yg sama sahamnya Tokped Grab Gojek Lah bentar lagi ovo dan gopay mau diakuisisi sama Bank Jago..buat kuasai Uang digital di Indonesia ,msh satu bos om yg sama sahamnya tokped grab gojek lah bentar lagi ovo dan gopay mau diakuisisi sama bank jago buat kuasai uang digital di indonesia,netral
Convert pulsa ke dana ovo link aja gopay dan uang saat ini lagi booming. Sebenarnya sudah dari dulu @AxisBank cara convert pulsa ini digunakan. Namun sering digunakan untuk penukaran voucher atau topup mobile legend lainnya. Dengan populernya dompet digital convert pulsa pun,convert pulsa ke dana ovo link aja gopay dan uang saat ini lagi booming sebenarnya sudah dari dulu cara convert pulsa ini digunakan namun sering digunakan untuk penukaran voucher atau topup mobile legend lainnya dengan populernya dompet digital convert pulsa pun,netral
"- Awas nih modus penipuan baru, kalau ada yang minta foto selfie kamu sama KTP jangan mau, bisa buat pinjaman online atau uang digital!","- Awas nih modus penipuan baru, kalau ada yang minta foto selfie kamu sama KTP jangan mau, bisa buat pinjaman online atau uang digital!",negatif
"2. Pembayaran digital memang sangat baik, bisa mencegah inflasi karena bank nggak perlu cetak uang, dan ekonomi masih lancar, thanks!","2. Pembayaran digital memang sangat baik, bisa mencegah inflasi karena bank nggak perlu cetak uang, dan ekonomi masih lancar, thanks!",positif
@rustyredbrown Di 1 dompet kecil kak kebetulan dompetku dompet kartu gitu yg ada resletingnya buat naro uang cash kebetulan jg anaknya ga suka bawa cash banyak krn prefer bayar pake debit atau dompet digital gitu kayak dana/ovo/gopay dll,di dompet kecil kak kebetulan dompetku dompet kartu gitu yg ada resletingnya buat naro uang cash kebetulan jg anaknya ga suka bawa cash banyak krn prefer bayar pake debit atau dompet digital gitu kayak dana ovo gopay dll,netral
temen skrng klo ngopi makan jajan rokok atau yg lainnya tpi lupa g bawa uang tunai ngomongnya suka pake duitmu dulu nanti aku ganti transfer pakai GOPAY OVO atau DANA cukup membantu juga ini aplikasi digital payment,temen skrng klo ngopi makan jajan rokok atau yg lainnya tpi lupa g bawa uang tunai ngomongnya suka pake duitmu dulu nanti aku ganti transfer pakai gopay ovo atau dana cukup membantu juga ini aplikasi digital payment,positif
Tips hemat (akhirnya saya menemukan cara ampuh): 1. Ambil uang di atm sesuai perhitungan 2. 25% pindahkan ke rekening tabungan 3. segera transfer ke uang digital sesuai kebutuhan contoh gopay flazz 4. Sisakan seminim dan semepet mungkin jumlah saldo di rekening utama,tips hemat akhirnya saya menemukan cara ampuh ambil uang di atm sesuai perhitungan pindahkan ke rekening tabungan segera transfer ke uang digital sesuai kebutuhan contoh gopay flazz sisakan seminim dan semepet mungkin jumlah saldo di rekening utama,netral
- GoFood Festival Surabaya makin nyaman karena bisa bayar dengan Gopay tanpa perlu uang cash.,- GoFood Festival Surabaya makin nyaman karena bisa bayar dengan Gopay tanpa perlu uang cash.,positif
@miihunch Bener banget nid. Aku juga gitu tapi alhamdulillah skrg udah bisa ngurangin pemakaian digital payment. Dulu sebelum pakai digital payment tabungan lancar jaya. Pas habis pake boros banget. Uang untuk nabung aku top up in ke gopay atau ovo. Skrg gk pake ovo lagi,bener banget nid aku juga gitu tapi alhamdulillah skrg udah bisa ngurangin pemakaian digital payment dulu sebelum pakai digital payment tabungan lancar jaya pas habis pake boros banget uang untuk nabung aku top up in ke gopay atau ovo skrg gk pake ovo lagi,netral
"Anaknya kurang terampil dengan teknologi tapi Gopay bisa membantu sekali. Kamu bisa isikan saldo dari ATM BCA tanpa kartu ATM. Jika ingin transfer, masukkan nomor telepon dan uang bisa ditarik. Tapi perlu ada admin yang mengurus.","Anaknya kurang terampil dengan teknologi tapi Gopay bisa membantu sekali. Kamu bisa isikan saldo dari ATM BCA tanpa kartu ATM. Jika ingin transfer, masukkan nomor telepon dan uang bisa ditarik. Tapi perlu ada admin yang mengurus.",positif
Jasa convert uang digital yang belum premium Gopay / Dana / Link Aja / Shopeepay,jasa convert uang digital yang belum premium gopay dana link aja shopeepay,negatif
2️⃣ Cryptocurrency merupakan mata uang digital yang terdesentralisasi Perkembangan dari Uang kertas &gt; Uang elektronik (saldo bank/GoPay/OVO) &gt; Cryptocurrency,cryptocurrency merupakan mata uang digital yang terdesentralisasi perkembangan dari uang kertas gt uang elektronik saldo bank gopay ovo gt cryptocurrency,netral
"Kartu uang elektronik sudah waktunya, aku sendiri sangat menyukai menggunakan shopee pay linkaja ovo, di sekolah ada koperasi yang sudah bisa menggunakan linkaja, sangat mudah dan tidak repot.","Kartu uang elektronik sudah waktunya, aku sendiri sangat menyukai menggunakan shopee pay linkaja ovo, di sekolah ada koperasi yang sudah bisa menggunakan linkaja, sangat mudah dan tidak repot.",positif
Survei: GoPay pimpin pasar dompet digital meski tidak bakar uang - ANTARA News Jawa Barat https://t.co/6sebIiWkgv,survei gopay pimpin pasar dompet digital meski tidak bakar uang antara news jawa barat,netral
APK RECEHAN penghasil Dana Ovo Gopay NO KTP NO depo Tugas main Game 2023!!!! aplikasi1:https://t.co/pyn9wqGpB4 https://t.co/AECIg1GCoM,apk recehan penghasil dana ovo gopay no ktp no depo tugas main game aplikasi,netral
@A_FionyJKT48 ufo bukannya aplikasi uang digital semacam gopay gt ya?,ufo bukannya aplikasi uang digital semacam gopay gt ya,netral
"Variasi 3: Banyak orang menyetor tunai ke rekening teman yang kemudian mentransfer ke rekening lain milik pelaku penipuan, atau cara mereka adalah mengisi saldo uang digital melalui indomaret untuk kemudian ditransfer ke rekening lain.","Variasi 3: Banyak orang menyetor tunai ke rekening teman yang kemudian mentransfer ke rekening lain milik pelaku penipuan, atau cara mereka adalah mengisi saldo uang digital melalui indomaret untuk kemudian ditransfer ke rekening lain.",negatif
Secara umum untuk isi saldo OVO GOPAY I.Saku dan lainnya via aplikasi DANA prinsipnya yakni mengirim uang ke bank tempat saldo digital wallet itu bermuara. No Rekeningnya menggunakan nomor hp yang terdaftar di digital wallet itu.,secara umum untuk isi saldo ovo gopay i saku dan lainnya via aplikasi dana prinsipnya yakni mengirim uang ke bank tempat saldo digital wallet itu bermuara no rekeningnya menggunakan nomor hp yang terdaftar di digital wallet itu,netral
"- Saya bilang ngasih uang Gopay buat beli buku, tapi saya minta beli di Gramedia Digital, uangnya kembali dan dia juga tahu.","- Saya bilang ngasih uang Gopay buat beli buku, tapi saya minta beli di Gramedia Digital, uangnya kembali dan dia juga tahu.",positif
@collegemenfess Kalo kuesioner online bisa gopay shopeepay dana uang digital gitu nder,kalo kuesioner online bisa gopay shopeepay dana uang digital gitu nder,netral
@rizkkkian @MasMenteri @Itjen_Kemdikbud @IndonesiaBaikId @DPR_RI @PBPGRI_OFFICIAL @pp_igi @edu_perspektif @pojokpendidikan @dedeyusuf_1 @_NadiemMakarim @nadiemfans Skrg semua pembayaran arah nya memang menggunakan dompet digital. Lo makan warteg aja bayar pake ovo/gopay. Apalg bayar uang sekolah. Mo mentrinya nadiem ato bukan pembayaran SPP lewat dompet digital itu hal yg sangat mungkin.,skrg semua pembayaran arah nya memang menggunakan dompet digital lo makan warteg aja bayar pake ovo gopay apalg bayar uang sekolah mo mentrinya nadiem ato bukan pembayaran spp lewat dompet digital itu hal yg sangat mungkin,netral
2. APA BEDANYA DIGITAL RUPIAH DENGAN UANG ELEKTRONIK &amp; CRYPTO? ️ Digital Rupiah VS Uang Elektronik Digital Rupiah itu diterbitkan resmi oleh BI uang Elektronik (e-pay) itu diterbitkan oleh bank atau non bank Q: contohnya? A: Gopay Sakuku Linkaja Dana Ovo dll 3 https://t.co/isqxSI0U4f,apa bedanya digital rupiah dengan uang elektronik amp crypto digital rupiah vs uang elektronik digital rupiah itu diterbitkan resmi oleh bi uang elektronik e pay itu diterbitkan oleh bank atau non bank q contohnya a gopay sakuku linkaja dana ovo dll,netral
"- Aku mau beli dolar tapi ternyata soalnya ngepas uang di Gopay, tapi aku gak sengaja ngeklik beli dolar aja, dan ternyata pembayaran sukses padahal aku udah ga ada duit di Gopayku.","- Aku mau beli dolar tapi ternyata soalnya ngepas uang di Gopay, tapi aku gak sengaja ngeklik beli dolar aja, dan ternyata pembayaran sukses padahal aku udah ga ada duit di Gopayku.",negatif
@RatuWuri @are_inismyname itu aset digital kak.. Semacam uang dalam bentuk token digital seperti gopay/ovo yg nilainya fluktuatif. Bitcoin BNB TRX HYDRA dsb dsb itu jenis²nya.,itu aset digital kak semacam uang dalam bentuk token digital seperti gopay ovo yg nilainya fluktuatif bitcoin bnb trx hydra dsb dsb itu jenis²nya,netral
Apa guna punya gopay ratusan ribu kalo driver minta cancel dan minta dibayar cash.. Apalah arti uang digital -_- digital bukan kenyataan. *efek ditolak gocar berkali kali. Di Bali dan di tangerang sama saja..,apa guna punya gopay ratusan ribu kalo driver minta cancel dan minta dibayar cash apalah arti uang digital _ digital bukan kenyataan efek ditolak gocar berkali kali di bali dan di tangerang sama saja,negatif
SVP Digital Product GoPay Timothius Martin mengatakan kerja sama antara Gopay dan Google Play ini merupakan kolaborasi Google Play yang pertama dengan platform uang elektronik di Indonesia @gojekindonesia,svp digital product gopay timothius martin mengatakan kerja sama antara gopay dan google play ini merupakan kolaborasi google play yang pertama dengan platform uang elektronik di indonesia,netral
@gopayindonesia company sy pake gopay dan uang tdk bs di cairkan sejak akhir April! Email complain di jawab semua pegawai lg WFH sd Desember ‍️. Telpon ke CS selalu dijawab sedang di proses . OMG digital company kerja nya lamban dan gak profesional bener #GopayIndonesia,company sy pake gopay dan uang tdk bs di cairkan sejak akhir april email complain di jawab semua pegawai lg wfh sd desember telpon ke cs selalu dijawab sedang di proses omg digital company kerja nya lamban dan gak profesional bener gopayindonesia,negatif
@tamarakhanza Widih hebat sekali dunia digital ini: ) Pernah tau tam gue maksain ambil uang di atm lain biar bisa jajan. Terus pas mau bayar jajanan liat bisa pake gopay nyesek bgt: ),widih hebat sekali dunia digital ini pernah tau tam gue maksain ambil uang di atm lain biar bisa jajan terus pas mau bayar jajanan liat bisa pake gopay nyesek bgt,positif
Sampai saat ini kurang suka dengan uang digital seperti OVO DANA GoPay dll. Lebih suka bayar apa2 pake uang cash,sampai saat ini kurang suka dengan uang digital seperti ovo dana gopay dll lebih suka bayar apa pake uang cash,negatif
Lalu bila siluman ngepet ini perlu media pintu dinding atau jendela untuk bisa melancarkan aksinya. Bagaimana dia bisa mencuri uang dari uang digital seperti ovo dana dan gopay? Jawabanya tidak bisa! #kemanatuyul,lalu bila siluman ngepet ini perlu media pintu dinding atau jendela untuk bisa melancarkan aksinya bagaimana dia bisa mencuri uang dari uang digital seperti ovo dana dan gopay jawabanya tidak bisa kemanatuyul,netral
@bertanyarl ada itu buat bayar nder jdi uang digital kaya dana gopay gitu gitu,ada itu buat bayar nder jdi uang digital kaya dana gopay gitu gitu,netral
 [ OPEN DONATION ] we're open donation for @Stray_Kids' digital streaming on genie. we're accepting: funds/uang stream pass genie minimal donasi uang: 15k (1 stream pass ‍️ 50x) donasi bisa dikirim via: shopeepay/dana/ovo/gopay,open donation we re open donation for digital streaming on genie we re accepting funds uang stream pass genie minimal donasi uang k stream pass x donasi bisa dikirim via shopeepay dana ovo gopay,netral
Berikut 4 variasi parafrase dari tweet asli:,Berikut 4 variasi parafrase dari tweet asli:,positif
Deposit Dari Semua Bank Local Dan Uang Digital (Ovo Gopay pulsa XL dan Telkomsel) * Hubungi Kami : Line : ItuBola WeChat : Itubola Whatsapp : +85517696120 Promo Cashback 5% Link Alternatif ituBola: https://t.co/GqaWuqHpfX https://t.co/ZymkotlVO9,deposit dari semua bank local dan uang digital ovo gopay pulsa xl dan telkomsel hubungi kami line itubola wechat itubola whatsapp promo cashback link alternatif itubola,netral
@city0fserenity @daiswyy @convomf ohiya jangan lupa nyiapin dompet digital kayak dana shopeepay gopay ovo dll (harus premium. soalnya kalo ga premium gabisa transfer uang) gitu ajasii. nanti kalo ada yg beli tinggal tanya fh di grup harga berapa dan minta no dompet digital mereka. abistu tf sesuai -c-,ohiya jangan lupa nyiapin dompet digital kayak dana shopeepay gopay ovo dll harus premium soalnya kalo ga premium gabisa transfer uang gitu ajasii nanti kalo ada yg beli tinggal tanya fh di grup harga berapa dan minta no dompet digital mereka abistu tf sesuai c,netral
Perkembangan dunia digital e-commerce cukup pesat. Nah pelanggan terbesar adalah UMKM nih. Makanya JNE berkolaborasi dengan Gopay supaya ada pilihan pembayaran selain uang cash. #JNEmudahbayar #AmanNyaman @gopayindonesia @JNE_Id,perkembangan dunia digital e commerce cukup pesat nah pelanggan terbesar adalah umkm nih makanya jne berkolaborasi dengan gopay supaya ada pilihan pembayaran selain uang cash jnemudahbayar amannyaman,netral
@jannotama @ArsenioRadmilo @JackVardan karena trend uang digital yang semakin kencang sehingga semakin lama ATM makin tidak dibutuhkan. Toh ATM juga ada biayanya. Liat aja macam DANA OVO Gopay nggak perlu ATM sama sekali.,karena trend uang digital yang semakin kencang sehingga semakin lama atm makin tidak dibutuhkan toh atm juga ada biayanya liat aja macam dana ovo gopay nggak perlu atm sama sekali,netral
jaman skrg banyak bgt cara pembayaran digital ada dana ovo gopay link aja dll klo ada uang di atm skrg malah boros enakan dulu di atm aman malah pake uang cash boros wkwkwkw skrg kok kayak kebalik ngerasa lebih boros apalagi banyakk CASHBACK GITUU,jaman skrg banyak bgt cara pembayaran digital ada dana ovo gopay link aja dll klo ada uang di atm skrg malah boros enakan dulu di atm aman malah pake uang cash boros wkwkwkw skrg kok kayak kebalik ngerasa lebih boros apalagi banyakk cashback gituu,netral
1. Jangan pernah setor/simpan uang dalam bentuk digital. Yes ada paypal gopay shopeepay dllpay etc. Kita ga akan tahu kapan mereka ditutup/diblock/down. Itu duit lu jadi lakuin apapun buat menunjukkan kalo itu duit lu.,jangan pernah setor simpan uang dalam bentuk digital yes ada paypal gopay shopeepay dllpay etc kita ga akan tahu kapan mereka ditutup diblock down itu duit lu jadi lakuin apapun buat menunjukkan kalo itu duit lu,negatif
@aqied @InsanWisata Padahal baru debit. Belum uang digital lain macam Gopay atau Tcash. ,padahal baru debit belum uang digital lain macam gopay atau tcash,netral
sekarang ya sangking banyaknya uang digital bngung tau mau isi saldo yg mana. ada gopay ovo shopeepay dana dll belum lagi klo habisnya bersamaan monanges,sekarang ya sangking banyaknya uang digital bngung tau mau isi saldo yg mana ada gopay ovo shopeepay dana dll belum lagi klo habisnya bersamaan monanges,netral
KITZ VALVE Authorized Distributor Dapatkan hadiah uang digital ovo_id atau @GOPAY_ID senilai rp.100.000 - untuk 3 orang pemenang #berkahramadhan giveaway Cara mengikuti sangat gampang; 1. Like postingan ini. 2. https://t.co/HKt6jyBZfp,kitz valve authorized distributor dapatkan hadiah uang digital ovo_id atau senilai rp untuk orang pemenang berkahramadhan giveaway cara mengikuti sangat gampang like postingan ini,netral
2 APK RECEHAN penghasil Dana Ovo Gopay Tugas main Game 2023!!!! aplikasi1:https://t.co/pyn9wqGpB4 aplikasi2:https://t.co/fhz0UP85Ja Saling membantu:https://t.co/80QNKEmZXl https://t.co/OzD37wMDG7,apk recehan penghasil dana ovo gopay tugas main game aplikasi aplikasi saling membantu,netral
@WidasSatyo Ada yg bilang juga kalau kita pakai uang digital kayak gopay sama ovo itu riba . Kita top up juga pake duit sendiri riba darimana aku ga habis pikir,ada yg bilang juga kalau kita pakai uang digital kayak gopay sama ovo itu riba kita top up juga pake duit sendiri riba darimana aku ga habis pikir,negatif
Ipsos: GoPay pimpin pasar dompet digital tanpa bakar uang https://t.co/Cx43MhgMCF https://t.co/NjUfTykI2m,ipsos gopay pimpin pasar dompet digital tanpa bakar uang,positif
staring : mang cilok &amp; me me : mang beli cilok bisa bayar pake gopay? mc : gopay teh apa a? me : uang digital mc : gak ada gopay a cash goceng ini. me : belum ditransfer ke bank. mc : mending gak perlu ada gopay ya a ribet. me : haha gak jadi mang beli ciloknya gada duit. ,staring mang cilok amp me me mang beli cilok bisa bayar pake gopay mc gopay teh apa a me uang digital mc gak ada gopay a cash goceng ini me belum ditransfer ke bank mc mending gak perlu ada gopay ya a ribet me haha gak jadi mang beli ciloknya gada duit,negatif
Saya tidak bisa membantu membuat teks yang mengandung referensi ke layanan keuangan yang tidak jelas. Apakah kamu ingin membuat teks tentang dompet digital secara umum?,Saya tidak bisa membantu membuat teks yang mengandung referensi ke layanan keuangan yang tidak jelas. Apakah kamu ingin membuat teks tentang dompet digital secara umum?,positif
"- Uang digital bikin kamu selalu ingin menghabiskan uang di Bukalapak, Tix, dan lain-lain.","- Uang digital bikin kamu selalu ingin menghabiskan uang di Bukalapak, Tix, dan lain-lain.",positif
@republikaonline Di tempat wisata Bandung rupiah saya di tuker sama biji karambol kok aman aman aja main di TIMEZONE boleh pakai koin TIMEZONE. E-money OVO Gopay dan Uang digital bebas dipake buat transkasi dimana ajah sampe ke mall mall padahal bikin masyarakat sampe kejebak pinjol.,di tempat wisata bandung rupiah saya di tuker sama biji karambol kok aman aman aja main di timezone boleh pakai koin timezone e money ovo gopay dan uang digital bebas dipake buat transkasi dimana ajah sampe ke mall mall padahal bikin masyarakat sampe kejebak pinjol,negatif
"Variasi 4: selamat mendikbud, sekarang spp bisa dibayar lewat gopay, makin canggih","Variasi 4: selamat mendikbud, sekarang spp bisa dibayar lewat gopay, makin canggih",positif
"- Bank digital yang bener ke pake bukan hanya untuk nabung, fiturnya juga lengkap dan kayaknya sih siapa pun bisa pake","- Bank digital yang bener ke pake bukan hanya untuk nabung, fiturnya juga lengkap dan kayaknya sih siapa pun bisa pake",positif
PayPal Mau Beli GoPay Platform transfer uang digital Amerika Serikat PayPal aka https://t.co/ww8QIR0u0T,paypal mau beli gopay platform transfer uang digital amerika serikat paypal aka,netral
Semenjak ada dompet digital seperti ovo dana link aja gopay dan sejenisnya. Sekarang jadi jarang nemu uang dijalan:),semenjak ada dompet digital seperti ovo dana link aja gopay dan sejenisnya sekarang jadi jarang nemu uang dijalan,netral
Direktur riset CORE Piter Abdullah mengatakan langkah BI sejalan dengan upaya berbagai negara mengantisipasi pesatnya pertumbuhan alat pembayaran dompet digital seperti OVO dan Gopay maupun kehadiran uang kripto yang semakin diminati. Via : @TirtoID https://t.co/9DQwKr5Nem,direktur riset core piter abdullah mengatakan langkah bi sejalan dengan upaya berbagai negara mengantisipasi pesatnya pertumbuhan alat pembayaran dompet digital seperti ovo dan gopay maupun kehadiran uang kripto yang semakin diminati via,netral
Gaes udah install dan pakai apps dompet digital macam gopay dana ovo dll? Penting lho u/ bantu cegah penyebaran virus corona / #covid19. Lho kok bisa? Iya krn kata WHO uang kertas yg beredar di publik jg rentan menjadi medium penyebaran virus tsb. https://t.co/KkuHLWJsdg,gaes udah install dan pakai apps dompet digital macam gopay dana ovo dll penting lho u bantu cegah penyebaran virus corona covid lho kok bisa iya krn kata who uang kertas yg beredar di publik jg rentan menjadi medium penyebaran virus tsb,netral
Ternyata gopay bisa digunakan untuk pembayaran spp dan sumbangan pendidikan juga.,Ternyata gopay bisa digunakan untuk pembayaran spp dan sumbangan pendidikan juga.,positif
"3. Beli motor bisa mahal, tapi kalau ada uang digital yang terkait dengan nomor HP kamu, kayak OVO, Dana, atau Linkaja, motor kayak gini sih.","3. Beli motor bisa mahal, tapi kalau ada uang digital yang terkait dengan nomor HP kamu, kayak OVO, Dana, atau Linkaja, motor kayak gini sih.",negatif
"Kamu tahu nggak, Alfamart selalu malas dengan transaksi digital kayak Dana, GoPay, atau ShopeePay? Selalu ada alasan, tidak terhubung, pergantian shift, atau gangguan jaringan.","Kamu tahu nggak, Alfamart selalu malas dengan transaksi digital kayak Dana, GoPay, atau ShopeePay? Selalu ada alasan, tidak terhubung, pergantian shift, atau gangguan jaringan.",negatif
Untuk pembayaran kalau kamu lupa membawa uang cash tidak perlu khawatir. Bisa membayar dengan menggunakan kartu debit/kredit ataupun uang digital seperti ovo/gopay. Terkadang ada promo juga loh! @pesonaid_travel #PesonaCeritaAkhir2018Awal2019 https://t.co/9staRqPH4q,untuk pembayaran kalau kamu lupa membawa uang cash tidak perlu khawatir bisa membayar dengan menggunakan kartu debit kredit ataupun uang digital seperti ovo gopay terkadang ada promo juga loh pesonaceritaakhirawal,netral
Dear @linkaja ini niat enggak bikin digital payment? Mau transfer uang ke bank atau beli token listrik transaksi selalu gagal. Coba contoh ovo gopay sm dana yang pendatang baru yah. Gua stres pake aplikasi ga siap kayak gitu. https://t.co/DP7bTFUN9c,dear ini niat enggak bikin digital payment mau transfer uang ke bank atau beli token listrik transaksi selalu gagal coba contoh ovo gopay sm dana yang pendatang baru yah gua stres pake aplikasi ga siap kayak gitu,negatif
STREAMING KLO MAU MENANG TITIK PUNYA UANG RECEH UANG LEBIH DI ATM GOPAY SHOOPEPAY KIRIM DONASI DIGITAL TITIK SEMANGAT GUSY!!! STREAMING TERUS!!!,streaming klo mau menang titik punya uang receh uang lebih di atm gopay shoopepay kirim donasi digital titik semangat gusy streaming terus,positif
 DONASI BERUPA UANG Dapat dikirimkan melalui Rekening atau Dompet Digital a.n. Tinon Ayu N. BNI : 1225205144 Gopay/Ovo/Dana : 089619603980 : https://t.co/awvP5nPHXb (Tinon),donasi berupa uang dapat dikirimkan melalui rekening atau dompet digital a n tinon ayu n bni gopay ovo dana tinon,netral
- Transaksi topup Gopay lewat Dana sukses tapi blm ada di Gopay,- Transaksi topup Gopay lewat Dana sukses tapi blm ada di Gopay,negatif
"- Populix hasil survei terbaru, uang elektronik yang paling sering digunakan oleh konsumen adalah Gopay.","- Populix hasil survei terbaru, uang elektronik yang paling sering digunakan oleh konsumen adalah Gopay.",positif
@gusbayu Saya kira tidak. Sebenarnya kita sudah menggunakan digital rupiah sejak kita menggunakan uang elektronik melalui layanan ATM kartu kredit/debit aplikasi Dana Gopay OVO dst. Pengiriman uang elektronik jelas lebih cepat daripada jaman dulu kita menggunakan wesel pos.,saya kira tidak sebenarnya kita sudah menggunakan digital rupiah sejak kita menggunakan uang elektronik melalui layanan atm kartu kredit debit aplikasi dana gopay ovo dst pengiriman uang elektronik jelas lebih cepat daripada jaman dulu kita menggunakan wesel pos,netral
Sebenar-benarnya dompet digital menurutku itu ya dompet crypto https://t.co/ifmfAyIasN Kalau dompet lain itu kan disimpannya di kustodi. Contohnya aja kayak Gopay. Kita nggak benar-benar memegang uang kita. Begitu pula dengan bank,sebenar benarnya dompet digital menurutku itu ya dompet crypto kalau dompet lain itu kan disimpannya di kustodi contohnya aja kayak gopay kita nggak benar benar memegang uang kita begitu pula dengan bank,netral
- Pemenang berdomisili JABODETABEK &amp; Bandung akan dapat hadiah berupa uang digital &amp; ikan. Di luar itu akan dapat hadiah berupa uang digital (GoPay atau OVO). *eFishery sewaktu-waktu dapat mengubah Syarat &amp; Ketentuan yang berlaku.,pemenang berdomisili jabodetabek amp bandung akan dapat hadiah berupa uang digital amp ikan di luar itu akan dapat hadiah berupa uang digital gopay atau ovo efishery sewaktu waktu dapat mengubah syarat amp ketentuan yang berlaku,netral
"- Tanpa perlu membawa uang, Gopay adalah pilihan utama di pasar dompet digital.","- Tanpa perlu membawa uang, Gopay adalah pilihan utama di pasar dompet digital.",positif
"Semuanya sudah serba digital, termasuk uang di dompet, apa lagi yang bisa dipecahkan?","Semuanya sudah serba digital, termasuk uang di dompet, apa lagi yang bisa dipecahkan?",positif
@selowbeud @ohcumanspeak @MaulanaTeten @tanyarlfes Kan Ovo Gopay Baju Snack kurang apa lagi? Oh iya OVO dan Gopay kan uang digital bukan? Arti nya uang juga?,kan ovo gopay baju snack kurang apa lagi oh iya ovo dan gopay kan uang digital bukan arti nya uang juga,netral
@luthfiew Bisa tolong Bantu jelaskan gak kiiii? Intinya sih uang digital dalam gopay/emoney gak haram. Tapiiii dasar penjelasannya gw gak ngerti ,bisa tolong bantu jelaskan gak kiiii intinya sih uang digital dalam gopay emoney gak haram tapiiii dasar penjelasannya gw gak ngerti,netral
Gimana gak gagal.. mau makan bakso aja ga bisa karna cash cuma goceng! Mbanking OvO Gopay? Hapenya no network ga bisa akses uang - uang digital ku itu :(,gimana gak gagal mau makan bakso aja ga bisa karna cash cuma goceng mbanking ovo gopay hapenya no network ga bisa akses uang uang digital ku itu,negatif
Mahar nikah uang uang tunai? Hello cashless kali ya gopay dsb. Begitupun yang kondangan mengurangi amplop silahkan scan barcode dompet digital nya hahaha,mahar nikah uang uang tunai hello cashless kali ya gopay dsb begitupun yang kondangan mengurangi amplop silahkan scan barcode dompet digital nya hahaha,positif
"Anaknya tidak bisa meng-handle teknologi tapi Gopay bisa membantu. Kamu bisa isikan saldo dari ATM BCA tanpa kartu ATM. Jika ingin transfer, masukkan nomor telepon dan uang akan ditarik. Hanya saja perlu ada admin yang mengurus.","Anaknya tidak bisa meng-handle teknologi tapi Gopay bisa membantu. Kamu bisa isikan saldo dari ATM BCA tanpa kartu ATM. Jika ingin transfer, masukkan nomor telepon dan uang akan ditarik. Hanya saja perlu ada admin yang mengurus.",positif
Baru nemu modus penipuan baru. 1. Jangan pernah mau kalau diminta foto Selfie dengan KTP. Contoh : mau lamar kerja tapi lamaran lewat online dia minta foto Selfie KTP ternyata di pakai buat pinjaman online. Ataupun minta foto buat uang digital kaya ovo gopay dll. JANGAN PERNAH,baru nemu modus penipuan baru jangan pernah mau kalau diminta foto selfie dengan ktp contoh mau lamar kerja tapi lamaran lewat online dia minta foto selfie ktp ternyata di pakai buat pinjaman online ataupun minta foto buat uang digital kaya ovo gopay dll jangan pernah,negatif
"3. Kalo yang ditagih utang bilang lagi gak punya uang, apa gunanya punya ShopeePay, GoPay, OVO, Dana, dan M Banking?","3. Kalo yang ditagih utang bilang lagi gak punya uang, apa gunanya punya ShopeePay, GoPay, OVO, Dana, dan M Banking?",negatif
Yuk belanja Cashless! Lebih Mudah Lebih Praktis Lebih Aman Daripada susah2 ambil uang di ATM kamu bs membayar Non Tunai dengan menggunakan Kartu Debit / Kartu Kredit dompet digital (gopay OVO Dana) atau juga bisa dengan scan QR Code. https://t.co/s4NXCGVzF7,yuk belanja cashless lebih mudah lebih praktis lebih aman daripada susah ambil uang di atm kamu bs membayar non tunai dengan menggunakan kartu debit kartu kredit dompet digital gopay ovo dana atau juga bisa dengan scan qr code,netral
@as_langit Ga perlu berlomba2 buat uang digital cukup 3 aja: gopay ovo link aja. Yang putting banyak merchant bisa saling transfer. Jadi biaya bisa turun.,ga perlu berlomba buat uang digital cukup aja gopay ovo link aja yang putting banyak merchant bisa saling transfer jadi biaya bisa turun,netral
Minta bantuannya buat temen2 untuk mengisi survei penelitan S1 yang sedang dikerjain linknya ada dibawah ini: https://t.co/DpUUSnKhH4 Ada hadiahnya juga buat 10 orang yang beruntung dapet 50K pulsa/uang digital kaya gopay atau OVO Makasih sebelumnya buat yang udah ngisi :),minta bantuannya buat temen untuk mengisi survei penelitan s yang sedang dikerjain linknya ada dibawah ini ada hadiahnya juga buat orang yang beruntung dapet k pulsa uang digital kaya gopay atau ovo makasih sebelumnya buat yang udah ngisi,netral
@Strategi_Bisnis kalo narik uang jadi digital rupiah masih kena admin meski cuman seribu perak sama ajalah kek gopay,kalo narik uang jadi digital rupiah masih kena admin meski cuman seribu perak sama ajalah kek gopay,negatif
"- Kalo Gojek & Link Aja jadi satu, Gopay-Ovo punya dominasi, tapi kalo dengan Tokopedia, Gojekxtokped udah jadi monopoli.","- Kalo Gojek & Link Aja jadi satu, Gopay-Ovo punya dominasi, tapi kalo dengan Tokopedia, Gojekxtokped udah jadi monopoli.",negatif
KITZ VALVE Authorized Distributor Dapatkan hadiah uang digital ovo_id atau @GOPAY_ID senilai rp.100.000 - untuk 2 orang pemenang #graduation giveaway Cara mengikuti sangat gampang; 1. Like postingan ini. 2. https://t.co/NjkN4fYJj7,kitz valve authorized distributor dapatkan hadiah uang digital ovo_id atau senilai rp untuk orang pemenang graduation giveaway cara mengikuti sangat gampang like postingan ini,netral
 yang punya rezeki lebih atau ada sisa uang di spay or gopay or dana dll yang bingung mau diapain walaupun cuman 500 perak or 1000 atau 5000 yuk kita donasi buat deobo. Buat digital karna deobo comeback tidak lama lagi dan dana baru kekumpul 60 persen ayo kita (cont..),yang punya rezeki lebih atau ada sisa uang di spay or gopay or dana dll yang bingung mau diapain walaupun cuman perak or atau yuk kita donasi buat deobo buat digital karna deobo comeback tidak lama lagi dan dana baru kekumpul persen ayo kita cont,netral
Kok gak ada ya yang nipu via SMS bilang Transfer via OVO/Gopay/Dana/Semua uang digital?,kok gak ada ya yang nipu via sms bilang transfer via ovo gopay dana semua uang digital,netral
Gak Bawa Uang Tunai? Dont Worry!! Gojan sudah punya QRIS pembayaran digital kekinian. Pake Ovo Gopay Dana dan Beli apapun semua bisa... Pake #QRIS pembayaran muda dan aman! https://t.co/dPjb0u4z4a,gak bawa uang tunai dont worry gojan sudah punya qris pembayaran digital kekinian pake ovo gopay dana dan beli apapun semua bisa pake qris pembayaran muda dan aman,netral
Dompet jatuh di mobil temen tadinya mau panik tapi ngak jadi.naik gojek bayar pake Gopay beli2 pake scan QRIS ngambil uang di ATM pake pengambilan tunai pakai kartu Tinggal KTP aja sama SIM kayaknya yg belum digital SIM masih perlu bawa ngak ya kan udah gada polisi yg nilang,dompet jatuh di mobil temen tadinya mau panik tapi ngak jadi naik gojek bayar pake gopay beli pake scan qris ngambil uang di atm pake pengambilan tunai pakai kartu tinggal ktp aja sama sim kayaknya yg belum digital sim masih perlu bawa ngak ya kan udah gada polisi yg nilang,netral
@bertanyarl Punya semua si dulu seneng bgt pake ovo krn bisa buat grab/tokped/dan merchant lain2 dan ovo point masih bisa di-cv. Tapi semenjak tidak bisa di-cv lagi ya jdi jrg nyimpen uang di dompet digital gini paling mah gopay krn kalo kurang bisa ditambah cash ehe,punya semua si dulu seneng bgt pake ovo krn bisa buat grab tokped dan merchant lain dan ovo point masih bisa di cv tapi semenjak tidak bisa di cv lagi ya jdi jrg nyimpen uang di dompet digital gini paling mah gopay krn kalo kurang bisa ditambah cash ehe,netral
@ZahraNovi @kangenbilang @PenjahatGunung @metahillry Makanya mbak lagi pandemic gini meminimalisir penggunaan cash enakan pake uang digital. Aneh juga sih ga mau make uanh digital. Tips nya juga aku leway gopay,makanya mbak lagi pandemic gini meminimalisir penggunaan cash enakan pake uang digital aneh juga sih ga mau make uanh digital tips nya juga aku leway gopay,netral
"Gopay mengetuk pintu pasar dompet digital, tanpa perlu mengeluarkan uang tunai.","Gopay mengetuk pintu pasar dompet digital, tanpa perlu mengeluarkan uang tunai.",positif
@null PayPal Mau Beli GoPay Platform transfer uang digital Amerika Serikat PayPal Hol https://t.co/6eeShobQBJ,paypal mau beli gopay platform transfer uang digital amerika serikat paypal hol,netral
@null PayPal Mau Beli GoPay Platform transfer uang digital Amerika Serikat PayPal Hol https://t.co/xhi7XauES1,paypal mau beli gopay platform transfer uang digital amerika serikat paypal hol,netral
Giveaway Periode III sudah dimulai nih! Dengan hadiah 100rb uang digital apapun (gopay dana dll) dan caranya masih sama! Cek link dibawah yaa~ https://t.co/Z435Wr13Xb,giveaway periode iii sudah dimulai nih dengan hadiah rb uang digital apapun gopay dana dll dan caranya masih sama cek link dibawah yaa,netral
"- kalau mau aku menang titik, harus nambah uang ke atm lalu gopay dan shopepay kirim donasi digitalku","- kalau mau aku menang titik, harus nambah uang ke atm lalu gopay dan shopepay kirim donasi digitalku",positif
- mahar tunai? bukan mahar gopay aja deh,- mahar tunai? bukan mahar gopay aja deh,positif
"Uang dompet yang digital memang membantu, tapi apa lagi yang bisa diganti selain gopay?","Uang dompet yang digital memang membantu, tapi apa lagi yang bisa diganti selain gopay?",positif
@eko_kuntadhi Kartu tol dan kartu parkir itu adalah eWallet (dompet digital) untuk menyimpan mata uang sah yaitu Rupiah. Sama seperti GoPay OVO dll.,kartu tol dan kartu parkir itu adalah ewallet dompet digital untuk menyimpan mata uang sah yaitu rupiah sama seperti gopay ovo dll,netral
"2. Sekarang ada kesempatan loh! Bank tsb ngasih reward uang klo kamu daftar ke bank digital mereka, kayak seabank, k neo, k bank jago, dan yang lainnya banyak! Perpanjang promo ini, jangan sampe kelewatan!","2. Sekarang ada kesempatan loh! Bank tsb ngasih reward uang klo kamu daftar ke bank digital mereka, kayak seabank, k neo, k bank jago, dan yang lainnya banyak! Perpanjang promo ini, jangan sampe kelewatan!",positif
"Variasi 2: puji tuhan, teknologi udah maju banget, uang digital makin gampang, tapi pas uang di rekening udah habis, masih ada saldo gopay, jadi iseng aja nyetok lagi ke rekening.","Variasi 2: puji tuhan, teknologi udah maju banget, uang digital makin gampang, tapi pas uang di rekening udah habis, masih ada saldo gopay, jadi iseng aja nyetok lagi ke rekening.",positif
@gopayindonesia Sudah dilaporkan sedangkan penanganan 2x24 jam bagaimana jika sedang melakukan pembayaran menggunakan gopay yang harus saat itu juga uang digital transfer ke merchan. Ini no laporan saya 08807369,sudah dilaporkan sedangkan penanganan x jam bagaimana jika sedang melakukan pembayaran menggunakan gopay yang harus saat itu juga uang digital transfer ke merchan ini no laporan saya,negatif
"2. Yang ditagih utang bilang lagi gak ada uang, kok bisa transfer ke temen-temen tapi nggak bisa bayar utang?","2. Yang ditagih utang bilang lagi gak ada uang, kok bisa transfer ke temen-temen tapi nggak bisa bayar utang?",negatif
@Sam_okoY Lek kataku halal mas. Selagi dapetin uangnya dengan cara halal tanpa mencuri merampok. Kan gopay ovo dll itu dalam bentuk uang digital. Sama ae lek kita debit uang e kita kan diatm. Klau ovo gopay ya sama ae kyk debit di atm.,lek kataku halal mas selagi dapetin uangnya dengan cara halal tanpa mencuri merampok kan gopay ovo dll itu dalam bentuk uang digital sama ae lek kita debit uang e kita kan diatm klau ovo gopay ya sama ae kyk debit di atm,netral
"- Gopay menyabet posisi teratas di pasar dompet digital, tidak perlu bawa uang.","- Gopay menyabet posisi teratas di pasar dompet digital, tidak perlu bawa uang.",positif
"Masalah uang digital pake gopay ovo saja yang nggak perlu dipikirkan, tapi kayaknya orang lama masih belum paham soal internet banking","Masalah uang digital pake gopay ovo saja yang nggak perlu dipikirkan, tapi kayaknya orang lama masih belum paham soal internet banking",negatif
Variasi 4: jago buat trf ke bank lain tanpa biaya bisa top up e wallet nti kamu bisa dapat kartu debit fisik digital trus kalau sering pakai gojek bisa dihubungkan aja,Variasi 4: jago buat trf ke bank lain tanpa biaya bisa top up e wallet nti kamu bisa dapat kartu debit fisik digital trus kalau sering pakai gojek bisa dihubungkan aja,positif
@ndahtridi Untuk Gopay dan Dana termasuk dompet digital/uang elektronik ya Ibu Indah. :) Tks ^Joy,untuk gopay dan dana termasuk dompet digital uang elektronik ya ibu indah tks joy,netral
Sugeng sonten Pak Ganjar. Mohon bantuannya supaya pembayaran tiket BRT TransJateng koridor Stasiun Tawang - Bawen mulai kerjasama dengan Gopay OVO atau digital payment lain. Kadang susah nyari receh atau uang kembalian Pak. Makasih @ganjarpranowo CC : @BrtTransJateng,sugeng sonten pak ganjar mohon bantuannya supaya pembayaran tiket brt transjateng koridor stasiun tawang bawen mulai kerjasama dengan gopay ovo atau digital payment lain kadang susah nyari receh atau uang kembalian pak makasih cc,netral
@Askrlfess Uang digital yang kamu simpan di dompet online/digital yg bisa kamu akses dari aplikasi di hp semacam rekening tabungan bank tapi sifat sistem dan proses pembuatannya lebih fleksibel. Cth: gopay linkaja shopeepay ovo dana dll,uang digital yang kamu simpan di dompet online digital yg bisa kamu akses dari aplikasi di hp semacam rekening tabungan bank tapi sifat sistem dan proses pembuatannya lebih fleksibel cth gopay linkaja shopeepay ovo dana dll,netral
Pas nih setelah gajian. Setelah Thread Ojol berikutnya berarti Thread Pembayaran Digital atau Uang Elektronik. Pesertanya ada Gopay OVO Dana TCash Sakuku. Akan dikomparasi dari keunggulan masing2 pembayaran. Soon ya,pas nih setelah gajian setelah thread ojol berikutnya berarti thread pembayaran digital atau uang elektronik pesertanya ada gopay ovo dana tcash sakuku akan dikomparasi dari keunggulan masing pembayaran soon ya,netral
pembayaran digital kian canggih salah satunya: gopay e-money tcash pake uang lo dulu nanti gwa ganti,pembayaran digital kian canggih salah satunya gopay e money tcash pake uang lo dulu nanti gwa ganti,netral
@w_runturambi percuma BUMN punya uang digital LINKAJA kalau untuk uang SPP malah ke Gopay yang swasta. https://t.co/pgSvFPv0w2,percuma bumn punya uang digital linkaja kalau untuk uang spp malah ke gopay yang swasta,negatif
@sisigelaaap @eko_kuntadhi Kartu tol dan kartu parkir itu adalah eWallet (dompet digital) untuk menyimpan mata uang sah yaitu Rupiah. Sama seperti GoPay OVO dll.,kartu tol dan kartu parkir itu adalah ewallet dompet digital untuk menyimpan mata uang sah yaitu rupiah sama seperti gopay ovo dll,netral
"1. Beli motor bisa mahal, tapi kalau nomor HP terkait dengan uang digital kayak OVO, Dana, Linkaja, kartu kredit, e-wallet, atau banking online, motor gak ada apa-apanya sih.","1. Beli motor bisa mahal, tapi kalau nomor HP terkait dengan uang digital kayak OVO, Dana, Linkaja, kartu kredit, e-wallet, atau banking online, motor gak ada apa-apanya sih.",negatif
@bigellepenhere Bayar pakai uang digital etc kartu a b c d. Gopay ovo. Kalo pergi jgn bawa atm Kalo keabisan duit jjn 1 hari. Pinjem duit temen. Kalo ga dikasih sabar. Harus merasa kelaparan atau kelelahan agar tau cara menghemat uang . Cius akuni,bayar pakai uang digital etc kartu a b c d gopay ovo kalo pergi jgn bawa atm kalo keabisan duit jjn hari pinjem duit temen kalo ga dikasih sabar harus merasa kelaparan atau kelelahan agar tau cara menghemat uang cius akuni,netral
Puskesmas Ngaliyan sekarang sudah bisa bayar pakai Go-PAY lho.. . . #Apa itu GOPAY? GO-PAY adalah uang elektronik atau dompet digital atau dompet virtual berupa saldo GO-JEK dan dapat digunakan untuk membayar https://t.co/LoFbRx7Whx,puskesmas ngaliyan sekarang sudah bisa bayar pakai go pay lho apa itu gopay go pay adalah uang elektronik atau dompet digital atau dompet virtual berupa saldo go jek dan dapat digunakan untuk membayar,netral
"- Yuk, ambil bonus launch bank digital ini daripada ngeluh jaringan IndiHome kayak koper, uang asalnya uang iklan, lebih baik kasih ke nasabah baru aku yang baru daftar, langsung dapat saldo segini bisa dicairkan ke Gopay, Dana dll.","- Yuk, ambil bonus launch bank digital ini daripada ngeluh jaringan IndiHome kayak koper, uang asalnya uang iklan, lebih baik kasih ke nasabah baru aku yang baru daftar, langsung dapat saldo segini bisa dicairkan ke Gopay, Dana dll.",positif
"Variasi 2: gopay aja udah bikin mahal, ga pailit juga admin sih, udah dari dulu ada di digital rupiah","Variasi 2: gopay aja udah bikin mahal, ga pailit juga admin sih, udah dari dulu ada di digital rupiah",negatif
Bii menerima THR dalam bentuk uang cash sama uang digital (gopay ovo dana transfer bank shopee pay) yaaa,bii menerima thr dalam bentuk uang cash sama uang digital gopay ovo dana transfer bank shopee pay yaaa,netral
Kondangan dengan Uang Digital Mungkinkah? Tamu ga perlu repot ngamplop tinggal scan gopay ovo,kondangan dengan uang digital mungkinkah tamu ga perlu repot ngamplop tinggal scan gopay ovo,netral
- Gopay di GoFood Festival Surabaya makin menyenangkan karena bisa bayar tanpa harus uang cash dulu.,- Gopay di GoFood Festival Surabaya makin menyenangkan karena bisa bayar tanpa harus uang cash dulu.,positif
Pilih salah satu metode pembayaran uang digital. LindungiHutan telah menyediakan fitur GoPay OVO dan LinkAja! untuk mempermudah donasi kamu https://t.co/tDFKX6459b,pilih salah satu metode pembayaran uang digital lindungihutan telah menyediakan fitur gopay ovo dan linkaja untuk mempermudah donasi kamu,netral
Uang cash gak ada di dompet males keluar ke atm buka apps gojek pesen gofood liat saldo gopay Rp 0 isi lewat M-banking gak bisa karna gaada pulsa chat temen dikamar kos bawah minta isiin pulsa dari M-bankingnya lanjut isi gopay problem solved. (Adaptasi digital),uang cash gak ada di dompet males keluar ke atm buka apps gojek pesen gofood liat saldo gopay rp isi lewat m banking gak bisa karna gaada pulsa chat temen dikamar kos bawah minta isiin pulsa dari m bankingnya lanjut isi gopay problem solved adaptasi digital,netral
"- gue panik banget gini, kemarin jual laptop tapi duitnya dari atm ke digital ga bisa masuk ke dana dan ovo trouble, akhirnya dikirim ke gopay tapi melebihi limit atmnya","- gue panik banget gini, kemarin jual laptop tapi duitnya dari atm ke digital ga bisa masuk ke dana dan ovo trouble, akhirnya dikirim ke gopay tapi melebihi limit atmnya",negatif
Isi OVO: Agustus: Rp600.000 September: Rp350.000 Oktober: Rp200.000 Isi Gopay: Agustus September Oktober: Rp0 Konversi ke uang digital sekarang kalau memang perlu saja. Dari necessary ke discretionary.,isi ovo agustus rp september rp oktober rp isi gopay agustus september oktober rp konversi ke uang digital sekarang kalau memang perlu saja dari necessary ke discretionary,netral
@manarulazizz @Skylarnvm Promo juga yang untuk memancing rakyat kelas bawah untuk memakai jasa ojol trs nanti kalo gada promo apalagi yg mau ditutup? Gopay dan ovo kan saingan jg sama dana jenius dll. Mereka menang jg karena promo. Apakah uang digital jg akan dilarang? @kemenhub151,promo juga yang untuk memancing rakyat kelas bawah untuk memakai jasa ojol trs nanti kalo gada promo apalagi yg mau ditutup gopay dan ovo kan saingan jg sama dana jenius dll mereka menang jg karena promo apakah uang digital jg akan dilarang,netral
"Aku harus pakai uang digital apa ya? Ga bisa pake yang lebih umum, Gopay! Udah sejak Desember aku ga bisa aktivasi LinkAja ini payah banget.","Aku harus pakai uang digital apa ya? Ga bisa pake yang lebih umum, Gopay! Udah sejak Desember aku ga bisa aktivasi LinkAja ini payah banget.",negatif
"- Sekarang semua orang sudah terbiasa dengan kehidupan digital, dari e-money sampai mobil sudah mulai menggunakan teknologi digital","- Sekarang semua orang sudah terbiasa dengan kehidupan digital, dari e-money sampai mobil sudah mulai menggunakan teknologi digital",negatif
Apa itu uang BARU? Uang Digital Kripto Apa itu Uang LAMA? Uang Fiat Termasuk: - uang logam - uang kertas - uang plastik (Debit &amp; Kredit) - uang elektronik (OVO GoPay LinkAja DANA ...,apa itu uang baru uang digital kripto apa itu uang lama uang fiat termasuk uang logam uang kertas uang plastik debit amp kredit uang elektronik ovo gopay linkaja dana,netral
Kini transfer uang ke BNU bisa dilakukan menggunakan aplikasi digital: Ovo Dana linkaja doku wallet gopay dan mbanking. https://t.co/JLbhdeaUoo,kini transfer uang ke bnu bisa dilakukan menggunakan aplikasi digital ovo dana linkaja doku wallet gopay dan mbanking,netral
@ninityunita @adhityamulya Bikin boroossss. Punya dua uang digital gopay dan dana. Yg dana jarang bgt kepake selain buat nonton. Udah terlanjur topup terus lupa passwordnya dan males ganti ,bikin boroossss punya dua uang digital gopay dan dana yg dana jarang bgt kepake selain buat nonton udah terlanjur topup terus lupa passwordnya dan males ganti,negatif
- Ipsos: Gopay menempati peringkat atas dalam pasar dompet digital tanpa tunai.,- Ipsos: Gopay menempati peringkat atas dalam pasar dompet digital tanpa tunai.,positif
@zarazettirazr @Ef_riza_ Sama uni sampai sekarang belum tertarik sama yg namanya uang digital macam sopepay gopay ovo dana &amp; sejenisnya punya cuma satu kartu flazz itupun buat kepentingan bayar tol cz tol udah g bisa pakai uang tunai,sama uni sampai sekarang belum tertarik sama yg namanya uang digital macam sopepay gopay ovo dana amp sejenisnya punya cuma satu kartu flazz itupun buat kepentingan bayar tol cz tol udah g bisa pakai uang tunai,netral
Kasih kamu kupon mega cashback belanja produk digital investasi dan belanja pakai GoPay s.d 4 4 Jt dan Gratis Ongkir s.d 15 Rb ! Kumpulkan 5 stamp dan KLIK LINKNYA Sekarang! Dapatkan hadiah uang senilai 850.000 https://t.co/AD7OK7mOrS #Tokopedia lewat @Tokopedia,kasih kamu kupon mega cashback belanja produk digital investasi dan belanja pakai gopay s d jt dan gratis ongkir s d rb kumpulkan stamp dan klik linknya sekarang dapatkan hadiah uang senilai tokopedia lewat,netral
Perubahan udah mulai sih dari orang mulai jarang bawa cash dari pembayaran yg biasanya cash skarang tinggal tap org udah mulai jarang ke bank karena bisa ngurus lewat aplikasi conton simple uang digital ya gopay cm masih dalam bentuk rupiah tapi transisi pasti terjadi sih,perubahan udah mulai sih dari orang mulai jarang bawa cash dari pembayaran yg biasanya cash skarang tinggal tap org udah mulai jarang ke bank karena bisa ngurus lewat aplikasi conton simple uang digital ya gopay cm masih dalam bentuk rupiah tapi transisi pasti terjadi sih,netral
Hai #SobatMIKTI Ayo siapa yang masih setia sama uang tunai? #cashless #money #digital #fintech #gopay #ovo #dana #ekonomidigital https://t.co/rNP3TrskEY,hai sobatmikti ayo siapa yang masih setia sama uang tunai cashless money digital fintech gopay ovo dana ekonomidigital,netral
"- Sekarang sudah sangat modern, spp sekolah bisa dibayar online lewat gopay, terkecuali kamu yang masih betak uang, hehe","- Sekarang sudah sangat modern, spp sekolah bisa dibayar online lewat gopay, terkecuali kamu yang masih betak uang, hehe",positif
@ofdsinarmentari @etheral__ @baddiebrats @yllfxck motor bisa seharga belasan juta tapi kalo nomer hp yang tersambung uang digital seperto ovo dana gopay linkaja credit card ewallet mbanking? lah itu motor gak ada apa-apanya bos,motor bisa seharga belasan juta tapi kalo nomer hp yang tersambung uang digital seperto ovo dana gopay linkaja credit card ewallet mbanking lah itu motor gak ada apa apanya bos,negatif
@SobatHAPE Uang elektroniknya Shopee sob. Semacam Blipay-nya BliBli. Yang bikin dan kembangin Shopee sendiri. Padahal kalo bisa join ama dompet digital yang lain bisa jadi lebih simpel (DANA GOPAY OVO). Udah terlalu banyak pemainnya ,uang elektroniknya shopee sob semacam blipay nya blibli yang bikin dan kembangin shopee sendiri padahal kalo bisa join ama dompet digital yang lain bisa jadi lebih simpel dana gopay ovo udah terlalu banyak pemainnya,negatif
Berikut adalah 4 variasi parafrase dari tweet asli:,Berikut adalah 4 variasi parafrase dari tweet asli:,negatif
"- Uang digital ini bikin kamu selalu kangen jajan dan belanja di Bukalapak, Tix, dan lainnya.","- Uang digital ini bikin kamu selalu kangen jajan dan belanja di Bukalapak, Tix, dan lainnya.",positif
- Ovo Gopay bisa jadi tidak menyamai kesetaraan untuk semua kalangan karena tak semua orang paham uang digital.,- Ovo Gopay bisa jadi tidak menyamai kesetaraan untuk semua kalangan karena tak semua orang paham uang digital.,negatif
Kenapa sih Alfamart kebanyakan malas kali transaksi uang digital. Seperti DANA Gopay ShopeePay dll. Alasan nya sama semua lagi gak konek lah lagi pertukaran shift lah lagi gangguan jaringan lah. @alfamart,kenapa sih alfamart kebanyakan malas kali transaksi uang digital seperti dana gopay shopeepay dll alasan nya sama semua lagi gak konek lah lagi pertukaran shift lah lagi gangguan jaringan lah,negatif
"Variasi 1: Sekarang ini banyak orang setor tunai ke rekening teman, lalu temannya mentransfer ke rekening lain yang dimiliki pelaku penipuan, atau modusnya adalah mengisi saldo uang digital dan kemudian memindahkan ke rekening lain.","Variasi 1: Sekarang ini banyak orang setor tunai ke rekening teman, lalu temannya mentransfer ke rekening lain yang dimiliki pelaku penipuan, atau modusnya adalah mengisi saldo uang digital dan kemudian memindahkan ke rekening lain.",negatif
Puji Tuhan kemudahan teknologi &amp; uang digital ketika duit di rekening udah abis buat tiket PP &amp; belanja nyetok barang2 masih ada saldo di spay ovo gopay masing2 masukin lagi ke rekening udah se desperate itu demi isip yg lebih baik,puji tuhan kemudahan teknologi amp uang digital ketika duit di rekening udah abis buat tiket pp amp belanja nyetok barang masih ada saldo di spay ovo gopay masing masukin lagi ke rekening udah se desperate itu demi isip yg lebih baik,positif
Assalamua'laykum Saya Rika Ra'idah Dwicahyani dari Manajemen Bisnis Syariah Institut Agama Islam Tazkia. Kriteria: 1.15-39 thn 2.Domisili Jabodetabek 3.Pernah menggunakan App Riliv/Halodoc (min 1 kali) https://t.co/acFR4778KD OVO/GoPay/uang digital Rp 50.000 (4 org beruntung). https://t.co/3UANJmmsyq,assalamua laykum saya rika ra idah dwicahyani dari manajemen bisnis syariah institut agama islam tazkia kriteria thn domisili jabodetabek pernah menggunakan app riliv halodoc min kali ovo gopay uang digital rp org beruntung,netral
@padangsariku @vitta_mangelep Ecash Ovo gopay ATM Cheque Giro Obligasi dll itu Uang Giral Uang rupiah yg kita pake sehari-hari (Uang Cash) baik logam/kertas = Uang Kartal Selengkapnya https://t.co/xs48nV5wFA,ecash ovo gopay atm cheque giro obligasi dll itu uang giral uang rupiah yg kita pake sehari hari uang cash baik logam kertas uang kartal selengkapnya,netral
@GojekOnTwitt @lambe_ojol ada baiknya gojek memasang tarif maksimal yg bs dibayar tunai menguranhi yg ginian kasian abangnya... jaman sekarang dan pengguna transportasi online ga pakai uang digital ga masuk akal... paksa pakai gopay atau yg lain...,ada baiknya gojek memasang tarif maksimal yg bs dibayar tunai menguranhi yg ginian kasian abangnya jaman sekarang dan pengguna transportasi online ga pakai uang digital ga masuk akal paksa pakai gopay atau yg lain,negatif
"suatu saat giliran kantor bank hilang, dan sama aja bisa mendapat senyum dari satpam Digital currency datang lebih cepat, rupiah pun gak ada, diganti reminbi atau mata uang gacor lainnya Kacau banget!","suatu saat giliran kantor bank hilang, dan sama aja bisa mendapat senyum dari satpam Digital currency datang lebih cepat, rupiah pun gak ada, diganti reminbi atau mata uang gacor lainnya Kacau banget!",negatif
"- Kita sudah hidup di era digital, semua sudah bergantung listrik dan teknologi, bahkan e-money sampai mobil sudah mulai berbasis digital","- Kita sudah hidup di era digital, semua sudah bergantung listrik dan teknologi, bahkan e-money sampai mobil sudah mulai berbasis digital",negatif
PayPal Mau Beli GoPay Platform transfer uang digital Amerika Serikat PayPal aka https://t.co/sjs5ov58TG,paypal mau beli gopay platform transfer uang digital amerika serikat paypal aka,netral
GoPay menduduki peringkat teratas sebagai uang elektronik yang paling sering digunakan konsumen menurut hasil survei terbaru oleh perusahaan riset berbasis digital Populix. #GoPay #Populix #UangElektronik #updatebali https://t.co/hhcVSYnVPD https://t.co/OqVUJdfx9U,gopay menduduki peringkat teratas sebagai uang elektronik yang paling sering digunakan konsumen menurut hasil survei terbaru oleh perusahaan riset berbasis digital populix gopay populix uangelektronik updatebali,positif
@kulit_kwaci @luviku @zarazettirazr @ismailfahmi Masalah gopay/ovo itu udh jelas banget om bentuknya uang digital mata uangnya rupiah yg bikin rupiah ya BI kantor Gopay/Ovo jelas ada. Bitcoin kantornya kagak ada yg bikin kagak jelas mata uangnya jg gk jelas negara mana untung/ruginya jg kagak tau darimana.,masalah gopay ovo itu udh jelas banget om bentuknya uang digital mata uangnya rupiah yg bikin rupiah ya bi kantor gopay ovo jelas ada bitcoin kantornya kagak ada yg bikin kagak jelas mata uangnya jg gk jelas negara mana untung ruginya jg kagak tau darimana,negatif
"Kenapa Alfamart selalu terkesan ""malas"" dengan transaksi uang digital? Ada banyak alasan, dari tidak terhubung hingga gangguan jaringan.","Kenapa Alfamart selalu terkesan ""malas"" dengan transaksi uang digital? Ada banyak alasan, dari tidak terhubung hingga gangguan jaringan.",negatif
- Dana saya transaksi topup Gopay gagal masuk,- Dana saya transaksi topup Gopay gagal masuk,negatif
"Gimana caranya aktivasi uang digital kan harus pakai? Ga bisa pake yang lebih umum kayak Gopay lagi nih. Saya sejak Desember gak bisa aktifin LinkAja ini, ribet banget!","Gimana caranya aktivasi uang digital kan harus pakai? Ga bisa pake yang lebih umum kayak Gopay lagi nih. Saya sejak Desember gak bisa aktifin LinkAja ini, ribet banget!",negatif
KITZ VALVE Authorized Distributor Dapatkan hadiah uang digital ovo_id atau @GOPAY_ID senilai rp.100.000 - untuk 2 orang pemenang #graduation giveaway Cara mengikuti sangat gampang; 1. Like postingan ini. 2. https://t.co/jlXCMVj1mA,kitz valve authorized distributor dapatkan hadiah uang digital ovo_id atau senilai rp untuk orang pemenang graduation giveaway cara mengikuti sangat gampang like postingan ini,netral
"- Jangan pernah mau, kalau diminta foto selfie dengan KTP, bisa jadi penipuan untuk pinjaman online atau uang digital, waspada!","- Jangan pernah mau, kalau diminta foto selfie dengan KTP, bisa jadi penipuan untuk pinjaman online atau uang digital, waspada!",negatif
Transaksi bisa menggunakan kartu debet transfer antar bank kartu uang elektronik misalnya Flazz Brizzi Tap Cash E-money dll atau bisa juga berbasis aplikasi di smartphone seperti LinkAja Gopay Ovo Shopeeapay Dana dll. #cashless #desadigital,transaksi bisa menggunakan kartu debet transfer antar bank kartu uang elektronik misalnya flazz brizzi tap cash e money dll atau bisa juga berbasis aplikasi di smartphone seperti linkaja gopay ovo shopeeapay dana dll cashless desadigital,netral
@TheArieAir Mungkin ini waktu yang tepat untuk redenominasi karena sudah cukup banyak orang pindah ke uang digital. Jadi tidak harus terlalu banyak cetak uang kartal karena sudah ada GoPay dll. Moment yang tepat adalah jauh dari bulan puasa dan lebaran.,mungkin ini waktu yang tepat untuk redenominasi karena sudah cukup banyak orang pindah ke uang digital jadi tidak harus terlalu banyak cetak uang kartal karena sudah ada gopay dll moment yang tepat adalah jauh dari bulan puasa dan lebaran,netral
sehari-hari kalian biasa pake uang digital apa ni kalo boleh tau ? ogut dana &amp; gopay.,sehari hari kalian biasa pake uang digital apa ni kalo boleh tau ogut dana amp gopay,netral
Okey Katanya Pakai Akad Sharf (Sebagai Alat Tukar Pembayaran) Dari Rupiah Jadi GoPay/OVO/Dana Dsb. Lalu... Apabila Rupiah Yang Ditukar Menjadi Uang Digital/E-money (gopay/ovo/dana/dll) Dan... https://t.co/SVouijasta,okey katanya pakai akad sharf sebagai alat tukar pembayaran dari rupiah jadi gopay ovo dana dsb lalu apabila rupiah yang ditukar menjadi uang digital e money gopay ovo dana dll dan,netral
Meski jaman dah canggih serba digital.. Pegang uang cash hukumnya fardhu ain .. Kelar nonton pd lapar.. Ibu lg pgn steak.. Begitu nyampe kasir kutanya: - Bisa bayar pake gopay? Ga bisa..! - Pake Dana? Ga bisa..!... https://t.co/k1Er87DzA3,meski jaman dah canggih serba digital pegang uang cash hukumnya fardhu ain kelar nonton pd lapar ibu lg pgn steak begitu nyampe kasir kutanya bisa bayar pake gopay ga bisa pake dana ga bisa,negatif
New normal kondangan: ngado pakai uang digital (dana ovo gopay dll) gak perlu resepsi ,new normal kondangan ngado pakai uang digital dana ovo gopay dll gak perlu resepsi,netral
"4. Pembayaran digital memang baik banget, bisa mengurangi inflasi karena bank nggak perlu cetak uang dan ekonomi masih lancar, thanks!","4. Pembayaran digital memang baik banget, bisa mengurangi inflasi karena bank nggak perlu cetak uang dan ekonomi masih lancar, thanks!",positif
@wisnyu_nyun @yoniceskrrtt @askmenfess Engga inflasi Emoney tuh bapak nuker uang kertas atau real ke digital aja pak nah kalo bapak nuker 50k ya dpt 50k di emoney Sama kyk gopay ovo dkk Inflasi engga dong kan menukar uang bukan memperbanyak uang Sepemikiran saya gtu,engga inflasi emoney tuh bapak nuker uang kertas atau real ke digital aja pak nah kalo bapak nuker k ya dpt k di emoney sama kyk gopay ovo dkk inflasi engga dong kan menukar uang bukan memperbanyak uang sepemikiran saya gtu,netral
"- Si bank digital ini kayaknya udah lengkap banget, buka cuma untuk tampil menarik, fiturnya juga sih bisa dipake apa aja","- Si bank digital ini kayaknya udah lengkap banget, buka cuma untuk tampil menarik, fiturnya juga sih bisa dipake apa aja",positif
Guys aku mau tanya kan ada winner yang ngeclaim ke gopay nah itu kami kirim nya lewat dana yang saldo digital untuk kirim ke gopay tapi kata winner nya belum masuk uang nya tapi ini bukti transaksi nya dah berhasil ini bener apa salah ya? https://t.co/lsFN6pGl5i,guys aku mau tanya kan ada winner yang ngeclaim ke gopay nah itu kami kirim nya lewat dana yang saldo digital untuk kirim ke gopay tapi kata winner nya belum masuk uang nya tapi ini bukti transaksi nya dah berhasil ini bener apa salah ya,netral
YEAY Saatnya Pengumuman Bagi Pemenang #KuisSKKMigas Kuis menghitung berapa banya pipa yang termakan list pemenangnya ya (Segera DM kami info data diri berupa nama no hp serta pengiriman uang digital akan kemana (Ovo/Gopay/ Dana) 1. @noorbinsam (IG) 2. @muhamad_skri (IG) https://t.co/2v1u1DK0Jz,yeay saatnya pengumuman bagi pemenang kuisskkmigas kuis menghitung berapa banya pipa yang termakan list pemenangnya ya segera dm kami info data diri berupa nama no hp serta pengiriman uang digital akan kemana ovo gopay dana ig ig,netral
Buat temen2 yg pake uang digital seperti gopay ovo dana dan semacamya jangan pernah ngasih kode OTP kepada siapapun karna modus penipuan ini masih eksis,buat temen yg pake uang digital seperti gopay ovo dana dan semacamya jangan pernah ngasih kode otp kepada siapapun karna modus penipuan ini masih eksis,netral
Akhirnya BUMN punya dompet digital berbasis QR code yang diberi nama LinkAja. Uang elektronik ini mampu nggak ya mendobrak dua dompet digital lama seperti OVO dan Go-Pay? #LinkAja #OVO #GoPay via @detikfinance https://t.co/sVoy8yQa1h,akhirnya bumn punya dompet digital berbasis qr code yang diberi nama linkaja uang elektronik ini mampu nggak ya mendobrak dua dompet digital lama seperti ovo dan go pay linkaja ovo gopay via,netral
@LindsayYonatan @Nugraha14582568 @caytong @VIVAcoid ada uang digital BUMN Linkaja. harusnya pakai itu bukan Gopay. keuntungan BUMN kembali ke kas negara.kembali ke rakyat. Gopay swasta kembali ke investor.investor siapa?orang luar dan swasta dalam negeri. https://t.co/dUTRDO8vUf,ada uang digital bumn linkaja harusnya pakai itu bukan gopay keuntungan bumn kembali ke kas negara kembali ke rakyat gopay swasta kembali ke investor investor siapa orang luar dan swasta dalam negeri,netral
Baru kali ini bosan dengan uang Untung jaman serba digital mau apa2 tinggal gopay,baru kali ini bosan dengan uang untung jaman serba digital mau apa tinggal gopay,netral
@alfamart min apakah untuk top up uang digital seperti dana linkaja gopay dll. dibatasi hanya sampai jam 22.00 ya?,min apakah untuk top up uang digital seperti dana linkaja gopay dll dibatasi hanya sampai jam ya,netral
"Aktivasi uang digital harus pakai aja, ga bisa pake yang lebih populer kayak Gopay. Saya sendiri sejak Desember gak bisa aktifin LinkAja, benar-benar payah.","Aktivasi uang digital harus pakai aja, ga bisa pake yang lebih populer kayak Gopay. Saya sendiri sejak Desember gak bisa aktifin LinkAja, benar-benar payah.",negatif
@is_pelssy Lebih simple pake uang digital kyk dana atau gopay. Transfer antar bank gratis cek saldo tgl buka apps aj.. Bijimana bank pkat merah mau maju? Ekonomi biaya tinggi,lebih simple pake uang digital kyk dana atau gopay transfer antar bank gratis cek saldo tgl buka apps aj bijimana bank pkat merah mau maju ekonomi biaya tinggi,netral
Seandainya aku pintar IT aku mau bikin app yang menjadi wadah bagi uang-uang digital dilengkapi intelligent suggestion untuk tiap-tiap pembelian. The command would be like [ Yakin mau beli Chapayom pake Gopay? Kalo pake Ovo cashbacknya lebih gede! ] [Pilih YES/NO ] ,seandainya aku pintar it aku mau bikin app yang menjadi wadah bagi uang uang digital dilengkapi intelligent suggestion untuk tiap tiap pembelian the command would be like yakin mau beli chapayom pake gopay kalo pake ovo cashbacknya lebih gede pilih yes no,netral
"Ayo ke Permata, top up OVO simple dan cepat, Jumat ngopi dapat cashback, fitur reksa dan obligasi juga keren!","Ayo ke Permata, top up OVO simple dan cepat, Jumat ngopi dapat cashback, fitur reksa dan obligasi juga keren!",positif
Berikut variasi parafrase dari tweet asli:,Berikut variasi parafrase dari tweet asli:,negatif
Duit nyangkut di atm 2 rebu aje sayangnya bukan main :') Saat tanggal tua dan kantong mulai kering sedihnya aku adalah karena uang pada nyangkut di dompet2 digital dan gabisa dipake misalnya aja di pom yang gabisa bayar pake gopay dan kawan2nya itu Sobat misqiiin -.- Hadeuh,duit nyangkut di atm rebu aje sayangnya bukan main saat tanggal tua dan kantong mulai kering sedihnya aku adalah karena uang pada nyangkut di dompet digital dan gabisa dipake misalnya aja di pom yang gabisa bayar pake gopay dan kawannya itu sobat misqiiin hadeuh,negatif
@ircboy @LinkAja_ Bukan soal bank bg krn proses bank ribet soal uang digital. Makanya ada perusahaan baru fintech yg menangani soal ini di bawah Telkomsel sendiri sehingga memudahkan alur proses seperti pemain ovo dan gopay jd pihak bank bumn yg memiliki emoney gabung kesana,bukan soal bank bg krn proses bank ribet soal uang digital makanya ada perusahaan baru fintech yg menangani soal ini di bawah telkomsel sendiri sehingga memudahkan alur proses seperti pemain ovo dan gopay jd pihak bank bumn yg memiliki emoney gabung kesana,netral
"Variasi 2: kerjaan online, uangnya masuk digital, taruh reksadana sisaannya, ntar di go pay aja, bisa pulang tidur kayak di surga","Variasi 2: kerjaan online, uangnya masuk digital, taruh reksadana sisaannya, ntar di go pay aja, bisa pulang tidur kayak di surga",positif
Bagiamana mau bersaing neh? Ekonomi biaya tinggi. Masyarakat skr lbh cenderung pakai bank swasta atau uang digital spt dana atau gopay free cek saldo bahkan transfer.,bagiamana mau bersaing neh ekonomi biaya tinggi masyarakat skr lbh cenderung pakai bank swasta atau uang digital spt dana atau gopay free cek saldo bahkan transfer,netral
"- Tapi kayaknya Gojek & Tokopedia combo udah siap mengambil alih, bau monopoli, harus dihentikan.","- Tapi kayaknya Gojek & Tokopedia combo udah siap mengambil alih, bau monopoli, harus dihentikan.",negatif
Keunggulan yang disediakan GoFood Festival Surabaya lainnya adalah sistem pembayaran yang sudah digital: GoPay. Melalui GoPay yang memanfaatkan QR Code pengunjung dimudahkan dalam melakukan transaksi tanpa harus menarik uang cash terlebih dahulu.,keunggulan yang disediakan gofood festival surabaya lainnya adalah sistem pembayaran yang sudah digital gopay melalui gopay yang memanfaatkan qr code pengunjung dimudahkan dalam melakukan transaksi tanpa harus menarik uang cash terlebih dahulu,positif
hello @GOPAY_ID buruan lah ngasi fitur tambahan isi ulang uang digital.. d tunggu gebrakan nya..kali aja bisa dipake naek @CommuterLine gitu,hello buruan lah ngasi fitur tambahan isi ulang uang digital d tunggu gebrakan nya kali aja bisa dipake naek gitu,netral
Sebagai anak yang sering lupa dan jarang punya uang cash aku tuh terbantu banget sama dompet digital. Nah inilah salah satu dompet digital yang sering aku gunakan. Yuk mampir dan baca sedikit ceritaku dan GoPay ⏬ https://t.co/T3WqPR0MHz,sebagai anak yang sering lupa dan jarang punya uang cash aku tuh terbantu banget sama dompet digital nah inilah salah satu dompet digital yang sering aku gunakan yuk mampir dan baca sedikit ceritaku dan gopay,positif
@lolakookie17 Shopeepay itu sejenis uang digital ka Kaya ovo/gopay/dana cuma khusus apk shopee,shopeepay itu sejenis uang digital ka kaya ovo gopay dana cuma khusus apk shopee,netral
Yak akhirnya nambah 1 bank digital TMRW. Kenapa? Karena ada promo gopay s.d 600k. Tapi karena males nambah credit card. Jadi mentok di 350k aja. Bunganya jg 4% oke juga. Selagi bakar uang manfaatin deh hehe Kalo mau download trs pake referal ini ️ M01380095373 ⬅️ https://t.co/dInTAwmLWT,yak akhirnya nambah bank digital tmrw kenapa karena ada promo gopay s d k tapi karena males nambah credit card jadi mentok di k aja bunganya jg oke juga selagi bakar uang manfaatin deh hehe kalo mau download trs pake referal ini m,netral
"1. Bank tsb lagi promo, ngasih uang reward klo kamu mendaftar ke bank digital mereka, mulai dari seabank, k neo, k bank jago, dan lainnya banyak! cobain deh, wajib nyoba!","1. Bank tsb lagi promo, ngasih uang reward klo kamu mendaftar ke bank digital mereka, mulai dari seabank, k neo, k bank jago, dan lainnya banyak! cobain deh, wajib nyoba!",positif
Ini spt mengharamkan seluruh rupiah krn sebagian uang rupiah dipakai khusus untuk judi. Bagaimana mata uang digital lain seperti ovo dana gopay dll? Apa ini menjadi haram karena bisa dapat potong2an (tanpa asal usul) hanya karena make aplikasinya? Knp ini tidak dikaji jg?,ini spt mengharamkan seluruh rupiah krn sebagian uang rupiah dipakai khusus untuk judi bagaimana mata uang digital lain seperti ovo dana gopay dll apa ini menjadi haram karena bisa dapat potongan tanpa asal usul hanya karena make aplikasinya knp ini tidak dikaji jg,netral
@R_AninJKT48 usahakan masukin dompet digital buat jaga di shopeepay linkaja gopay atau dana dikit aja buat jaga jadi masih bisa idup nga perlu pinjam uang,usahakan masukin dompet digital buat jaga di shopeepay linkaja gopay atau dana dikit aja buat jaga jadi masih bisa idup nga perlu pinjam uang,netral
Pengen banget semua perusahaan uang digital itu kerjasama. Jadi biaa transfer antar ovo-gopay-shopeepay-dana. Jadi ya enak klo lagi jalan pas m bayar bisa langsung,pengen banget semua perusahaan uang digital itu kerjasama jadi biaa transfer antar ovo gopay shopeepay dana jadi ya enak klo lagi jalan pas m bayar bisa langsung,netral
@Yayatpangeran @berkaryainfo @IkrimaSBG Oh iya bukan link jaringan ya sorry. Tapi yg mengkhawatirkan Gopay &amp; Ovo mereka teratas dlm penggunaan uang elektronik. Mengalahkan E-Money yg dikeluarkan Bank. Selain itu pemakainya msh dikit.,oh iya bukan link jaringan ya sorry tapi yg mengkhawatirkan gopay amp ovo mereka teratas dlm penggunaan uang elektronik mengalahkan e money yg dikeluarkan bank selain itu pemakainya msh dikit,netral
Uang tercecer di ovo gopay tokoped tcash. Misqueen d dompet tp kaya secara digital,uang tercecer di ovo gopay tokoped tcash misqueen d dompet tp kaya secara digital,netral
@kompascom ovo gopaya dana emoney itu juga bukan rupiah kecuali dah ada UU nya ovo gopay dana emoney itu bagian dari Rupiah digital/Erupiah. dinar=emas dirham=perak logam mulia itu ada harga nya dibanding uang kertas yg dari buat dr serbuk kayu.,ovo gopaya dana emoney itu juga bukan rupiah kecuali dah ada uu nya ovo gopay dana emoney itu bagian dari rupiah digital erupiah dinar emas dirham perak logam mulia itu ada harga nya dibanding uang kertas yg dari buat dr serbuk kayu,netral
@Aveuda_kedavra @avenxgerr @thepeople1903 @bertanyarl Kalo dana/ovo/gopay itu cuma sekedar tempat untuk melakukan transaksi dan menyimpan uang (dompet) yang currency-nya masih ngikutin rupiah dan mata uang fisik lainnya. Sedangkan kalo crypto ialah mata uang terpisah yang dalam bentuk digital.,kalo dana ovo gopay itu cuma sekedar tempat untuk melakukan transaksi dan menyimpan uang dompet yang currency nya masih ngikutin rupiah dan mata uang fisik lainnya sedangkan kalo crypto ialah mata uang terpisah yang dalam bentuk digital,netral
@null PayPal Mau Beli GoPay Platform transfer uang digital Amerika Serikat PayPal Hol https://t.co/kZE5vHhgLz,paypal mau beli gopay platform transfer uang digital amerika serikat paypal hol,netral
@PenjahatGunung semoga kedepannya aplikator bikin kebijakan order makanan harus menggunakan uang digital (ovo / gopay),semoga kedepannya aplikator bikin kebijakan order makanan harus menggunakan uang digital ovo gopay,netral
@detikcom @detikfinance Kalau semua sudah pakai smartphone pakai uang digital bisa mengurangi penyebaran virus. Bekerja sama dg jasa digital-money (ovo gopay dana) berupa voucher diskon pembelian sembako atau saldo uang digital jadi kan g perlu cetak uang meski tetep beban hutang numpuk...,kalau semua sudah pakai smartphone pakai uang digital bisa mengurangi penyebaran virus bekerja sama dg jasa digital money ovo gopay dana berupa voucher diskon pembelian sembako atau saldo uang digital jadi kan g perlu cetak uang meski tetep beban hutang numpuk,netral
Deposit Dari Semua Bank Local Dan Uang Digital (Ovo Gopay pulsa XL dan Telkomsel) * Hubungi Kami : Line : ItuBola WeChat : Itubola Whatsapp : +85517696120 Promo Cashback 5% #agentjudionline #agenterpecaya #bolaonline Link Alternatif ituBola: https://t.co/GqaWuqHpfX https://t.co/Tu6kQ6lWtw,deposit dari semua bank local dan uang digital ovo gopay pulsa xl dan telkomsel hubungi kami line itubola wechat itubola whatsapp promo cashback agentjudionline agenterpecaya bolaonline link alternatif itubola,netral
KITZ VALVE Authorized Distributor SELAMAT kepada stewartbowie zurtum.naima yang telah memenangkan #graduation #giveaway @sinarmassakti. Setiap pemenang akan mendapatkan uang digital ovo_id atau @GOPAY_ID senilai https://t.co/kBDUcj9Jwa,kitz valve authorized distributor selamat kepada stewartbowie zurtum naima yang telah memenangkan graduation giveaway setiap pemenang akan mendapatkan uang digital ovo_id atau senilai,netral
Oleh karna itu gue masih mencoba pakai uang fisik walau terkesan jadoel oleh sebagian orang Paling pake digital money tuh buat gopay (akun ovo buat nyimpen cashback dari toped doang) lumayan ada voucher gitu kan jadi bayar ojol cuma 3rb plus ngga ribet kembalian ,oleh karna itu gue masih mencoba pakai uang fisik walau terkesan jadoel oleh sebagian orang paling pake digital money tuh buat gopay akun ovo buat nyimpen cashback dari toped doang lumayan ada voucher gitu kan jadi bayar ojol cuma rb plus ngga ribet kembalian,netral
Penjelasan yg bagus mengenai perbedaan uang elektronik seperti gopay ovo dengan dompet digital seperti dana.,penjelasan yg bagus mengenai perbedaan uang elektronik seperti gopay ovo dengan dompet digital seperti dana,netral
Pagi-pagi gini jadi kepikiran di masa serba digital kaya gini tuyul sama babi ngepet sekarang kerjaannya apa yah. Semua mulai beralih ke dompet digital kaya ovo &amp; gopay. Terus juga pada mau beralih ke uang crypto kaya bitcoin. Apakah tingkat pengangguran semakin meningkat?,pagi pagi gini jadi kepikiran di masa serba digital kaya gini tuyul sama babi ngepet sekarang kerjaannya apa yah semua mulai beralih ke dompet digital kaya ovo amp gopay terus juga pada mau beralih ke uang crypto kaya bitcoin apakah tingkat pengangguran semakin meningkat,netral
Setelah sekian lama jor-joran dalam adu diskon perusahaan penyedia layanan dompet digital (e-wallet) seperti OVO Gopay dan DANA kini mulai mengerem taktik bakar uang dalam memperbesar jumlah pengguna. #korantempodigital #KoranTempo https://t.co/WMv210gZlg?,setelah sekian lama jor joran dalam adu diskon perusahaan penyedia layanan dompet digital e wallet seperti ovo gopay dan dana kini mulai mengerem taktik bakar uang dalam memperbesar jumlah pengguna korantempodigital korantempo,netral
Pada 2020 50% transaksi di Indonesia diprediksi dikuasai uang digital. Hal itu mengingat sistem pembayaran digital seperti OVO dan GoPay meningkat. https://t.co/F3oTa5jYS6,pada transaksi di indonesia diprediksi dikuasai uang digital hal itu mengingat sistem pembayaran digital seperti ovo dan gopay meningkat,netral
Siapa nih yang nungguin hasil Teka Teki Penyiaran? Selamat untuk @huuriiaa_ &amp; @wismal1204 kalian pemenang Teka Teki Penyiaran Kominfo di twitter ya. Untuk lebih lengkapnya DM minfo no. handphone dan layanan uang digital yang kalian inginkan (gopay/ovo/linkaja). https://t.co/7MF1US0zBI,siapa nih yang nungguin hasil teka teki penyiaran selamat untuk amp kalian pemenang teka teki penyiaran kominfo di twitter ya untuk lebih lengkapnya dm minfo no handphone dan layanan uang digital yang kalian inginkan gopay ovo linkaja,netral
Akhirnya BUMN punya dompet digital berbasis QR code yang diberi nama LinkAja. Uang elektronik ini mampu nggak ya mendobrak dua dompet digital lama seperti OVO dan Go-Pay? #LinkAja #OVO #GoPay https://t.co/TQp3GfiOQP,akhirnya bumn punya dompet digital berbasis qr code yang diberi nama linkaja uang elektronik ini mampu nggak ya mendobrak dua dompet digital lama seperti ovo dan go pay linkaja ovo gopay,netral
"- Bank digital yang kece bisa kamu gunakan untuk apa aja, bukan cuma untuk menyimpan uang kok, fiturnya juga lengkap banget","- Bank digital yang kece bisa kamu gunakan untuk apa aja, bukan cuma untuk menyimpan uang kok, fiturnya juga lengkap banget",positif
Buat yang ditagih utang bilang lagi gak pegang duit. Apa gunanya shopeepay gopay ovo dana dan m-banking? Yang gapegang uang bisa transfrer kok :D Jama udah digital guys. Tinggal niatnya aja mau bayar atau enggak ;),buat yang ditagih utang bilang lagi gak pegang duit apa gunanya shopeepay gopay ovo dana dan m banking yang gapegang uang bisa transfrer kok d jama udah digital guys tinggal niatnya aja mau bayar atau enggak,negatif
@3CareIndonesia DONE!!!!! Menurut Ku Lebih Baik Bisa Tukar Uang /Digital (ovo/gopay/dana) atau Voucher yang lain @triindonesia,done menurut ku lebih baik bisa tukar uang digital ovo gopay dana atau voucher yang lain,netral
Variasi 1: di tempat wisata bandung rupiah saya di tuker sama biji karambol kok aman kok aja main di timezone boleh pakai koin e money ovo uang digital bebas dipake sampe ke mall padahal bikin masyarakat kejebak pinjol,Variasi 1: di tempat wisata bandung rupiah saya di tuker sama biji karambol kok aman kok aja main di timezone boleh pakai koin e money ovo uang digital bebas dipake sampe ke mall padahal bikin masyarakat kejebak pinjol,negatif
"- Ayo coba, masih belum punya akses premium? Cukup link aja ShopeePay atau Dana!","- Ayo coba, masih belum punya akses premium? Cukup link aja ShopeePay atau Dana!",negatif
Jaman sekarang TTS nya digital dan bisa dapet hadiah saldo uang elektronik nih! Ada 500 ribu Gopay/OVO untuk 10 orang pemenang. https://t.co/KmtCC2g0Hw,jaman sekarang tts nya digital dan bisa dapet hadiah saldo uang elektronik nih ada ribu gopay ovo untuk orang pemenang,netral
"Seharusnya sekarang sudah waktunya beralih ke cara bayar digital, aku sendiri suka menggunakan linkaja, di sekolah ada koperasi yang sudah bisa menggunakan linkaja, sangat menyenangkan dan tidak ribet.","Seharusnya sekarang sudah waktunya beralih ke cara bayar digital, aku sendiri suka menggunakan linkaja, di sekolah ada koperasi yang sudah bisa menggunakan linkaja, sangat menyenangkan dan tidak ribet.",positif
"Variasi 2: Sekarang ini sering ada yang menyetor tunai ke rekening teman, lalu temannya mentransfer ke rekening lain yang dimiliki pelaku penipuan, atau mereka mencari cara untuk mengisi saldo uang digital melalui indomaret.","Variasi 2: Sekarang ini sering ada yang menyetor tunai ke rekening teman, lalu temannya mentransfer ke rekening lain yang dimiliki pelaku penipuan, atau mereka mencari cara untuk mengisi saldo uang digital melalui indomaret.",negatif
Berikut 4 variasi parafrase dari tweet asli:,Berikut 4 variasi parafrase dari tweet asli:,positif
"4. Ayo, yang terutang bilang lagi gak ada uang, kok bisa transfer ke temen-temen tapi nggak mau bayar utang?","4. Ayo, yang terutang bilang lagi gak ada uang, kok bisa transfer ke temen-temen tapi nggak mau bayar utang?",negatif
@IndraAziz GoPay kak. Soalnya dari dulu pake GoPay dan saya gak mau punya banyak2 akun uang digital karena alasan privasi. Ngeri aja kalo data pribadi kesebar di berbagai platform.,gopay kak soalnya dari dulu pake gopay dan saya gak mau punya banyak akun uang digital karena alasan privasi ngeri aja kalo data pribadi kesebar di berbagai platform,netral
"- Di pasar dompet digital, Gopay adalah yang paling populer, tidak perlu uang fisik.","- Di pasar dompet digital, Gopay adalah yang paling populer, tidak perlu uang fisik.",positif
"1. Uang digital ini kayaknya gak punya rahasia lagi, deh. Gue cuma buka aja krena ada promo cashback, ternyata uang gue ke mana-mana, sisa recehan aja yang masih ada wkwkwkwk!","1. Uang digital ini kayaknya gak punya rahasia lagi, deh. Gue cuma buka aja krena ada promo cashback, ternyata uang gue ke mana-mana, sisa recehan aja yang masih ada wkwkwkwk!",negatif
@LuckyLUV48 @indostruggles Maksudnya hadiahnya berupa uang yang akan dikirim lewat dompet digital pilihan kakak bisa gopay ovo link aja dll (bulan promosi),maksudnya hadiahnya berupa uang yang akan dikirim lewat dompet digital pilihan kakak bisa gopay ovo link aja dll bulan promosi,netral
BTW cara termudah lawan GoPay dan OVO adalah bikin regulasi uang digital harus berasal dari pemerintah atau BUMN ahahha,btw cara termudah lawan gopay dan ovo adalah bikin regulasi uang digital harus berasal dari pemerintah atau bumn ahahha,netral
"Pergerakan uang digital sekarang udah ngeri, apalagi kalau Rp udah gak ada lagi, mau berbagi dengan orang buta dan peminta di jalan pakai apa, Qris, Transfer, Ovo, atau Dana?","Pergerakan uang digital sekarang udah ngeri, apalagi kalau Rp udah gak ada lagi, mau berbagi dengan orang buta dan peminta di jalan pakai apa, Qris, Transfer, Ovo, atau Dana?",negatif
@Huud03 @budionopixel @TheaRizkyyy @bostuah @ismailfahmi Ovo dana gopay itu dompet digital bukan kripto. Mata uangnya apa? Ya rupiah. Klo ditransfer ke ATM dan dicairkan ya jd uang kertas juga. Argumen mas ngawur tapi gak apa2. Kita beda persepsi saja.,ovo dana gopay itu dompet digital bukan kripto mata uangnya apa ya rupiah klo ditransfer ke atm dan dicairkan ya jd uang kertas juga argumen mas ngawur tapi gak apa kita beda persepsi saja,netral
KITZ VALVE Authorized Distributor Dapatkan hadiah uang digital ovo_id atau @GOPAY_ID dengan total senilai Rp.200.000 - untuk 2 orang pemenang #merdeka Giveaway Cara mengikuti sangat gampang; 1. Like postingan https://t.co/awAgh1jBBM,kitz valve authorized distributor dapatkan hadiah uang digital ovo_id atau dengan total senilai rp untuk orang pemenang merdeka giveaway cara mengikuti sangat gampang like postingan,netral
"3. Pembayaran digital memang sangat efektif loh, bisa mengurangi inflasi karena bank tidak perlu mencetak uang dan ekonomi tetap berjalan, terima kasih Gopay, Shopee Pay, Dana, OVO, dan digital banking!","3. Pembayaran digital memang sangat efektif loh, bisa mengurangi inflasi karena bank tidak perlu mencetak uang dan ekonomi tetap berjalan, terima kasih Gopay, Shopee Pay, Dana, OVO, dan digital banking!",positif
@null PayPal Mau Beli GoPay Platform transfer uang digital Amerika Serikat PayPal Hol https://t.co/dfJa1PAZLt,paypal mau beli gopay platform transfer uang digital amerika serikat paypal hol,netral
@gopayindonesia asli ini customer service nya gopay paling gak respond dan gak memberi solusi. Apps uang digital sebelah aja cashbacknya yg gak masuk2 di cek transaksinya sama CS nya dan d kasih jawaban jelas dan gak gantung.,asli ini customer service nya gopay paling gak respond dan gak memberi solusi apps uang digital sebelah aja cashbacknya yg gak masuk di cek transaksinya sama cs nya dan d kasih jawaban jelas dan gak gantung,negatif
"Variasi 2: di wisata bandung rupiah saya di gantikan koin timezone, aman kok, tapi padahal bikin warga kejebak pinjol","Variasi 2: di wisata bandung rupiah saya di gantikan koin timezone, aman kok, tapi padahal bikin warga kejebak pinjol",negatif
Secara ilmu fiqih mata uang digital itu hukumnya pegimane sih ada yg tahu ga? #gopay,secara ilmu fiqih mata uang digital itu hukumnya pegimane sih ada yg tahu ga gopay,netral
A: Lho uang kan udah digital ngapain lagi uang kertas dicetak? B: Yhaa kan bayar abang parkir Indomared belom bisa pake ovo gopay dana dan kawan-kawannya :/. #SolusiKeuangan #MelekKeuangan #MelekDuit https://t.co/EkUZGG36dw,a lho uang kan udah digital ngapain lagi uang kertas dicetak b yhaa kan bayar abang parkir indomared belom bisa pake ovo gopay dana dan kawan kawannya solusikeuangan melekkeuangan melekduit,netral
"Variasi 4: kerja online, uang masuk digital, taruh reksadana, sisanya di go pay, bisa tidur lelap kayak di neraka yang enak","Variasi 4: kerja online, uang masuk digital, taruh reksadana, sisanya di go pay, bisa tidur lelap kayak di neraka yang enak",positif
Yeaay bisa2 uang spp pake gopay nih setidaknya bisa lebih digital #mendikbud,yeaay bisa uang spp pake gopay nih setidaknya bisa lebih digital mendikbud,positif
@subtanyarl Ya tetep saldo gopay lah.. Kalo lu tf saldo gopay ke rekening terus tarik tunai. Baru.. jadi bentuk duit bisa lu pegang Yawes intinya klo dri akun go ke go jdinya tetep uang digital,ya tetep saldo gopay lah kalo lu tf saldo gopay ke rekening terus tarik tunai baru jadi bentuk duit bisa lu pegang yawes intinya klo dri akun go ke go jdinya tetep uang digital,netral
Kubur mimpi untuk pegang uang tunai dari Kartu Prakerja. Karena yang diterima adalah dalam bentuk SALDO NONTUNAI pada platform digital (Gopay OVO dkk). Tidak dapat diubah dalam bentuk uang tunai. https://t.co/MdbFnIpie4,kubur mimpi untuk pegang uang tunai dari kartu prakerja karena yang diterima adalah dalam bentuk saldo nontunai pada platform digital gopay ovo dkk tidak dapat diubah dalam bentuk uang tunai,negatif
@null PayPal Mau Beli GoPay Platform transfer uang digital Amerika Serikat PayPal Hol https://t.co/gZoT77KhYf,paypal mau beli gopay platform transfer uang digital amerika serikat paypal hol,netral
Puskesmas Ngaliyan sekarang sudah bisa bayar pakai Go-PAY lho.. *Apa itu GOPAY?* GO-PAY adalah uang elektronik atau dompet digital atau dompet virtual berupa saldo GO-JEK dan dapat digunakan untuk membayar berbagai https://t.co/ONQ5Qsd0DZ,puskesmas ngaliyan sekarang sudah bisa bayar pakai go pay lho apa itu gopay go pay adalah uang elektronik atau dompet digital atau dompet virtual berupa saldo go jek dan dapat digunakan untuk membayar berbagai,netral
Ketika mata uang berubah jadi digital yg kutakutkan si provider uang digital itu nyetak uang seenaknya Ex. Gojek bikin gopay ketika gopay jadi alat pembayaran utama si gojek nyetak gopay sendiri pun susah ketauan kan Sistem keuangan modern semakin membingungkan any explain??,ketika mata uang berubah jadi digital yg kutakutkan si provider uang digital itu nyetak uang seenaknya ex gojek bikin gopay ketika gopay jadi alat pembayaran utama si gojek nyetak gopay sendiri pun susah ketauan kan sistem keuangan modern semakin membingungkan any explain,netral
Sekarang kamu bisa bayar spp sumbangan pendidikan dengan gopay tanpa harus repot.,Sekarang kamu bisa bayar spp sumbangan pendidikan dengan gopay tanpa harus repot.,positif
"Buka rekeningnya gratis, langsung via aplikasi atmnya, gratis anterin, gak ada biaya sepeser pun. Transfer dan top up dompet digital pun gratis tanpa minimal, tidak ada biaya admin. Bisa untuk nabung dan jajan, ATMnya pun Visa.","Buka rekeningnya gratis, langsung via aplikasi atmnya, gratis anterin, gak ada biaya sepeser pun. Transfer dan top up dompet digital pun gratis tanpa minimal, tidak ada biaya admin. Bisa untuk nabung dan jajan, ATMnya pun Visa.",positif
Digital Payment atau pembayaran secara digital menggunakan HP untuk membayar. Seperti sistem transfer uang dari rekening ke rekening hanya saja tidak menggunakan bank melainkan menggunakan sistem yang dibuat oleh GoPay. Video: CNN Indonesia https://t.co/Qw5Lher8w5,digital payment atau pembayaran secara digital menggunakan hp untuk membayar seperti sistem transfer uang dari rekening ke rekening hanya saja tidak menggunakan bank melainkan menggunakan sistem yang dibuat oleh gopay video cnn indonesia,netral
@collegemenfess 1 doang yang penting punya m-banking kalo mau jajan apa2 bisa pake cashless dana ovo gopay malah dapet cashback. Gue kalo ke mall jarang bawa uang banyak karna selalu pake uang digital selain banyak promo gausah harus repot ambil uang nyari2 atm yg sama hihiii,doang yang penting punya m banking kalo mau jajan apa bisa pake cashless dana ovo gopay malah dapet cashback gue kalo ke mall jarang bawa uang banyak karna selalu pake uang digital selain banyak promo gausah harus repot ambil uang nyari atm yg sama hihiii,positif
"1. Jangan pernah simpan uang digital, ada PayPal, Gopay, Shopeepay, dll, kita ga tahu kapan mereka ditutup atau diblokir, lakuin apapun buat menunjukkan itu duit lu.","1. Jangan pernah simpan uang digital, ada PayPal, Gopay, Shopeepay, dll, kita ga tahu kapan mereka ditutup atau diblokir, lakuin apapun buat menunjukkan itu duit lu.",negatif
"- Di GoFood Festival Surabaya, kamu bisa bayar dengan mudah menggunakan Gopay melalui kode QR.","- Di GoFood Festival Surabaya, kamu bisa bayar dengan mudah menggunakan Gopay melalui kode QR.",positif
Berikut variasi parafrase dari tweet asli:,Berikut variasi parafrase dari tweet asli:,positif
"3. Ayo coba bank digital yang lagi promo! Ngasih uang reward klo kamu daftar, kayak seabank, k neo, k bank jago, dan banyak bank lainnya! Tunggu aja promo ini habis, karena nanti bisa jadi tidak ada lagi!","3. Ayo coba bank digital yang lagi promo! Ngasih uang reward klo kamu daftar, kayak seabank, k neo, k bank jago, dan banyak bank lainnya! Tunggu aja promo ini habis, karena nanti bisa jadi tidak ada lagi!",positif
@PartaiSocmed Uang digital itu bukannya kayak kita punya saldo gopay shopeepay gitu bukan sih.?,uang digital itu bukannya kayak kita punya saldo gopay shopeepay gitu bukan sih,netral
Halte Transjakarta sekarang punya Vending Machine khusus yang multifungsi. Bisa beli kartu jak lingko cek &amp; top up saldo kartu bayar listrik air bpjs inet dll hingga isi saldo gopay pun ada. Bisa bayar pake tunai (uang pas ya!) atau dompet digital. https://t.co/UuolvTFBzm https://t.co/xvF34nff9K,halte transjakarta sekarang punya vending machine khusus yang multifungsi bisa beli kartu jak lingko cek amp top up saldo kartu bayar listrik air bpjs inet dll hingga isi saldo gopay pun ada bisa bayar pake tunai uang pas ya atau dompet digital,netral
apakah babi ngepet bisa mencuri uang digital seperti gopay ovo dan uang di M-Banking? https://t.co/T0rzhcf4Op,apakah babi ngepet bisa mencuri uang digital seperti gopay ovo dan uang di m banking,netral
"- Sekarang semua sudah bergantung pada teknologi digital, bahkan e-money sampai mobil sudah tidak bisa dipakai jika tidak ada listrik","- Sekarang semua sudah bergantung pada teknologi digital, bahkan e-money sampai mobil sudah tidak bisa dipakai jika tidak ada listrik",negatif
@ArifanPadiga_ Wkwkw samaaa pernah download tiktok lite buat dpt koin trus bisa jd uang digital lumayan buat beli gopay dpt 2x50rban apa ya. Udah itumh dihapus lg we. ,wkwkw samaaa pernah download tiktok lite buat dpt koin trus bisa jd uang digital lumayan buat beli gopay dpt xrban apa ya udah itumh dihapus lg we,netral
"- Gojek akuisisi Link Aja, tapi data top uang digital tetap milik Gopay-Ovo, duopoli udah jadi.","- Gojek akuisisi Link Aja, tapi data top uang digital tetap milik Gopay-Ovo, duopoli udah jadi.",negatif
@tanyainrl qr code yang udah terintegrasi ke semua layanan uang digital jadi satu qr code bisa dipake buat bca gopay ovo gitu gaperlu beda qr code kek duluu,qr code yang udah terintegrasi ke semua layanan uang digital jadi satu qr code bisa dipake buat bca gopay ovo gitu gaperlu beda qr code kek duluu,netral
Variasi 1: jago no fee bikin trf ke bank lain top up e wallet nanti kamu bisa dapat kartu debit fisik digital trus kalau sering pakai gojek gopay bisa di connect aja,Variasi 1: jago no fee bikin trf ke bank lain top up e wallet nanti kamu bisa dapat kartu debit fisik digital trus kalau sering pakai gojek gopay bisa di connect aja,positif
"- streaming nih kalau mau aku menang titik harusnya ada biaya uang ke atm, gopay dan shopepay juga harus ngasih donasi digital","- streaming nih kalau mau aku menang titik harusnya ada biaya uang ke atm, gopay dan shopepay juga harus ngasih donasi digital",positif
"- Era digital benar-benar bikin hidup lebih mudah, bahkan spp sekolah bisa dibayar via gopay, apa lagi kalo kamu kawula muda, gak perlu betak uang","- Era digital benar-benar bikin hidup lebih mudah, bahkan spp sekolah bisa dibayar via gopay, apa lagi kalo kamu kawula muda, gak perlu betak uang",positif
@tiketkepenang Soalnya aku waktu itu punya uang di gopay terus mau kirim ke spay caranya gitu buka deposit agen pulsa terus masukin nominal bayar dan ss. Setelah itu buka aplikasi gopay klik bayar. Nah masuk tuh uangnya ke agen pulsa. Tinggal klik dompet digital kirim ke spay udah deh beres,soalnya aku waktu itu punya uang di gopay terus mau kirim ke spay caranya gitu buka deposit agen pulsa terus masukin nominal bayar dan ss setelah itu buka aplikasi gopay klik bayar nah masuk tuh uangnya ke agen pulsa tinggal klik dompet digital kirim ke spay udah deh beres,netral
"Variasi 4: customer service gopay kayaknya perlu diperbaiki dulu, biar bisa menjawab problem customer dengan jelas dan responsif","Variasi 4: customer service gopay kayaknya perlu diperbaiki dulu, biar bisa menjawab problem customer dengan jelas dan responsif",negatif
@nigiyakanaa @hali_halaa Uang digital... (Ovo gopay dll),uang digital ovo gopay dll,netral
Naik gojek bayar cash. Driver nawarin Gopay eik nolak. Driver: Mas gaptek ya? Nggak ngerti uang digital? ⭐⭐⭐,naik gojek bayar cash driver nawarin gopay eik nolak driver mas gaptek ya nggak ngerti uang digital,negatif
"- apa yang bisa terjadi? kemarin jual laptop tapi uangnya ga bisa masuk ke dana dan ovo trouble, akhirnya dikirim ke gopay tapi ternyata melebihi limit atm","- apa yang bisa terjadi? kemarin jual laptop tapi uangnya ga bisa masuk ke dana dan ovo trouble, akhirnya dikirim ke gopay tapi ternyata melebihi limit atm",negatif
"- Konsumen memilih Gopay sebagai uang elektronik paling sering digunakan, menurut survei terbaru yang dilakukan Populix.","- Konsumen memilih Gopay sebagai uang elektronik paling sering digunakan, menurut survei terbaru yang dilakukan Populix.",positif
Tweeps sekarang ini masih musim nggak sih ngasih voucher belanja sebagai tanda terima kasih? Atau sudah bergeser ke uang digital macam transfer Gopay/Ovo/Dana/dll.?,tweeps sekarang ini masih musim nggak sih ngasih voucher belanja sebagai tanda terima kasih atau sudah bergeser ke uang digital macam transfer gopay ovo dana dll,netral
Kamu belum tahu apa itu Yeoster of The Week ? Wah kamu sepertinya harus coba ikutan deh! Yuk mampir ke Fanpage Facebook Yeo s Indonesia dan menangkan hadiah uang digital ( OVO/Gopay ) senilai 150rb untuk 1 orang pemenang di setiap Minggunya. https://t.co/unYmpKOyCq,kamu belum tahu apa itu yeoster of the week wah kamu sepertinya harus coba ikutan deh yuk mampir ke fanpage facebook yeo s indonesia dan menangkan hadiah uang digital ovo gopay senilai rb untuk orang pemenang di setiap minggunya,netral
@eko_kuntadhi Gopay sama ovo di anggap riba apabila pake benefit yg di kasih (diskon). Karna sebelum menggunakannya harus top up dulu dimana uang digital wajib di simpen di bank. Nah uang digital yg di top up itu di anggap utang dan ketika dapet diskon itu di anggep nya manfaat.,gopay sama ovo di anggap riba apabila pake benefit yg di kasih diskon karna sebelum menggunakannya harus top up dulu dimana uang digital wajib di simpen di bank nah uang digital yg di top up itu di anggap utang dan ketika dapet diskon itu di anggep nya manfaat,netral
- kalau mau aku menang titik harus nambah uang ke atm plus gopay dan shopepay kirim donasiku digital,- kalau mau aku menang titik harus nambah uang ke atm plus gopay dan shopepay kirim donasiku digital,positif
@Okihita Kan uang digital OVO/Gopay/whatever ini...turunannya uang fiat,kan uang digital ovo gopay whatever ini turunannya uang fiat,netral
@paw_jhope @sosmedkeras Bukan COD solusinya. Kalau COD driver hrs bolak balik untuk antar uangnya. Hrs nya wajib pakai uang digital gopay/ovo/shopeepay shg driver tdk perlu byr ke merchantnya.,bukan cod solusinya kalau cod driver hrs bolak balik untuk antar uangnya hrs nya wajib pakai uang digital gopay ovo shopeepay shg driver tdk perlu byr ke merchantnya,netral
Festival makanan di Surabaya ini punya kelebihan pembayaran digital yang memudahkan.,Festival makanan di Surabaya ini punya kelebihan pembayaran digital yang memudahkan.,positif
"Variasi 3: di tempat wisata bandung rupiah saya di rubah jadi koin timezone, aman main tapi nggak baik buat negara","Variasi 3: di tempat wisata bandung rupiah saya di rubah jadi koin timezone, aman main tapi nggak baik buat negara",negatif
@pamungkas_jra @panggildeyaja @AREAJULID Apa uang dalam dompet digital ada wujudnya? Ovo gopay dst? Kalo alasannya karena bisa di tukar dengan uang fiat? Emang bit coain nggak bisa di tukar uang fiat? Nggak begitu bro..,apa uang dalam dompet digital ada wujudnya ovo gopay dst kalo alasannya karena bisa di tukar dengan uang fiat emang bit coain nggak bisa di tukar uang fiat nggak begitu bro,netral
Berikut 4 variasi parafrase dari tweet asli:,Berikut 4 variasi parafrase dari tweet asli:,negatif
GoPay: Uang Elektronik - Dompet Digital Terbaik di Indonesia - Gojek https://t.co/JrBXXzllJi,gopay uang elektronik dompet digital terbaik di indonesia gojek,positif
"Variasi 2: kayaknya paypal kebanyakan diblokir, kemarin aja pas kemarin, kayaknya paypal bakal diganti sama gopay dana, banyak yang pake di indo.","Variasi 2: kayaknya paypal kebanyakan diblokir, kemarin aja pas kemarin, kayaknya paypal bakal diganti sama gopay dana, banyak yang pake di indo.",negatif
@lampungbase 300k itu uang digital atau guma kek gopay coins2 gt?,k itu uang digital atau guma kek gopay coins gt,netral
Dana tolong Saya transaksi topup uang digital (gopay) lewat dana transaksi tercatat sukses uang juga sudah terpotong tetapi gopay blm masuk mohon bantuannya @danawallet @danasupport @gopayindonesia @PermataBank,dana tolong saya transaksi topup uang digital gopay lewat dana transaksi tercatat sukses uang juga sudah terpotong tetapi gopay blm masuk mohon bantuannya,negatif
@audahkeselbgt @bogorfess_ itu makanya aku saranin makan nasi biar wareg..haha aeon foodcourtnya ribet kudu mk uang digital sempet makan kwetiauw sapi kudu mk gopay ribet pokonya :( pulangnya ngopi di finch sentul ato versteck pemda enak wifinya kenceng..haha,itu makanya aku saranin makan nasi biar wareg haha aeon foodcourtnya ribet kudu mk uang digital sempet makan kwetiauw sapi kudu mk gopay ribet pokonya pulangnya ngopi di finch sentul ato versteck pemda enak wifinya kenceng haha,netral
@acci5mus @sirrilwf @AREAJULID Gini2..caranya biar ga rebutan bayar.. Kan masing2 punya uang digital nih ky ovo dana shopee n gopay lah.. Nah klo kalian tau nmer atau shopeepay nya ya tinggal tambahin aja ke account nya.. Jd kn sama aj ngebalikin tanpa ad keributan..,gini caranya biar ga rebutan bayar kan masing punya uang digital nih ky ovo dana shopee n gopay lah nah klo kalian tau nmer atau shopeepay nya ya tinggal tambahin aja ke account nya jd kn sama aj ngebalikin tanpa ad keributan,netral
Jadi e-Wallet kayak Gopay dan QRIS bisa buat transaksi secara digital. Tapi saat digunakan buat tarik uang wujud uangnya tetap fisik kertas. Kalau digital Rupiah saat anda tarik uang dari ATM wujudnya kode2 digital. Langsung masuk dlm rekening digital di hape Anda.,jadi e wallet kayak gopay dan qris bisa buat transaksi secara digital tapi saat digunakan buat tarik uang wujud uangnya tetap fisik kertas kalau digital rupiah saat anda tarik uang dari atm wujudnya kode digital langsung masuk dlm rekening digital di hape anda,netral
"- konsumen paling suka gopay, hasil survei populix yang terbaru bilang ini uang elektronik paling populer","- konsumen paling suka gopay, hasil survei populix yang terbaru bilang ini uang elektronik paling populer",positif
KITZ VALVE Authorized Distributor SELAMAT kepada @ferriseptianus &amp; @mitapurnama29 yang telah memenangkan #merdeka Giveaway @sinarmassakti. Setiap pemenang akan mendapatkan uang digital ovo_id atau @GOPAY_ID https://t.co/tBfSwNkhDC,kitz valve authorized distributor selamat kepada amp yang telah memenangkan merdeka giveaway setiap pemenang akan mendapatkan uang digital ovo_id atau,netral
"Variasi 1: biarpun digital uang rupiah, admin masih bakal masukin, capek banget ganti seribu ke Gopay!","Variasi 1: biarpun digital uang rupiah, admin masih bakal masukin, capek banget ganti seribu ke Gopay!",negatif
@gbastian8 @Faizjr_09 @kejO_Online @ridwanhr @Tamasia_ID 2. Jgnkan bank online pinjaman online aja peraturannya masih berantakan. Utk saat ini urusan uang online gopay aja yg nomor 1 dan jelas institusinya. Reputasinya trll besar utk dia main2 dan embat uang orang. Tp jelas dia bukan bank. Konsepnya saat hnya mata uang digital.,jgnkan bank online pinjaman online aja peraturannya masih berantakan utk saat ini urusan uang online gopay aja yg nomor dan jelas institusinya reputasinya trll besar utk dia main dan embat uang orang tp jelas dia bukan bank konsepnya saat hnya mata uang digital,positif
Deposit Dari Semua Bank Local Dan Uang Digital (Ovo Gopay pulsa XL dan Telkomsel) * Hubungi Kami : Line : ItuBola WeChat : Itubola Whatsapp : +85517696120 Promo Cashback 5% #agentjudionline #agenterpecaya #bolaonline Link Alternatif ituBola: https://t.co/GqaWuqHpfX https://t.co/fYcUDdVhfq,deposit dari semua bank local dan uang digital ovo gopay pulsa xl dan telkomsel hubungi kami line itubola wechat itubola whatsapp promo cashback agentjudionline agenterpecaya bolaonline link alternatif itubola,netral
ovo untuk grabfood dana untuk bioskop sekarang gopay untuk liga 1 permainan uang digital membuat diri ini semakin konsumtif. tahan woy kamu miskin bngst!,ovo untuk grabfood dana untuk bioskop sekarang gopay untuk liga permainan uang digital membuat diri ini semakin konsumtif tahan woy kamu miskin bngst,negatif
@fazhan0104 Gopay itu uang digital di aplikasi gojek nah kalo paylater itu kaya kita utang dulu ama gojek. Biasanya paylater dipake kalo gada gopay sma gak megang duit cash tapi pengen naik gojek.,gopay itu uang digital di aplikasi gojek nah kalo paylater itu kaya kita utang dulu ama gojek biasanya paylater dipake kalo gada gopay sma gak megang duit cash tapi pengen naik gojek,netral
"Variasi 1: puji zikir teknologi makin maju, uang digital bikin kehidupan lebih mudah, tapi gak nyangka pas uang di rekening udah tinggal sedikit, tapi gopay masih ada, iseng iseng nyetok lagi ke rekening.","Variasi 1: puji zikir teknologi makin maju, uang digital bikin kehidupan lebih mudah, tapi gak nyangka pas uang di rekening udah tinggal sedikit, tapi gopay masih ada, iseng iseng nyetok lagi ke rekening.",positif
- Uang saya topup Gopay lewat Dana tetapi blm masuk,- Uang saya topup Gopay lewat Dana tetapi blm masuk,negatif
@pangxuekai @Tokocrypto @tkobytokocrypto Susah sih trlalu banyak fud tentang Crypto di masyarakat dan kebanyakan hanya tau soal bitcoin saja padahal crypto itu luas. Padahal kya e-wallet ovo dana gopay trmasuk mata uang digital juga tp masyarakat di indo bnyak yg tidak tau kalau e wallet mreka sma sperti crypto,susah sih trlalu banyak fud tentang crypto di masyarakat dan kebanyakan hanya tau soal bitcoin saja padahal crypto itu luas padahal kya e wallet ovo dana gopay trmasuk mata uang digital juga tp masyarakat di indo bnyak yg tidak tau kalau e wallet mreka sma sperti crypto,netral
@tsalasarahmi Apkh shopeepay gopay ovo pembayaran Via QRIS dan semisal ini semacam pemanasan Sebelum uang kertas bener² dimusnahkan? Great reset 2030 tu kan klo ga salah manusia dibuat senang padahal ga punya apa . Digital money salah satunya,apkh shopeepay gopay ovo pembayaran via qris dan semisal ini semacam pemanasan sebelum uang kertas bener² dimusnahkan great reset tu kan klo ga salah manusia dibuat senang padahal ga punya apa digital money salah satunya,netral
Tanda digital payment sukses di tanah air gampang. Yakni saat pengemis jalanan nolak uang receh tapi maunya dibayar pakai Gopay. Pengemis sudah siapkan QR Code dibalik baju gembelnya. Mantappp. https://t.co/TP5vEW3f1F,tanda digital payment sukses di tanah air gampang yakni saat pengemis jalanan nolak uang receh tapi maunya dibayar pakai gopay pengemis sudah siapkan qr code dibalik baju gembelnya mantappp,positif
@atmajagoesly @desygenoveva_ Ya sapatau sukanya Gopay atau uang digital kan ga berbau ,ya sapatau sukanya gopay atau uang digital kan ga berbau,netral
"- Uang digital bikin siapa pun ingin jajan di Bukalapak, Tix, dan tempat lainnya.","- Uang digital bikin siapa pun ingin jajan di Bukalapak, Tix, dan tempat lainnya.",positif
"suatu saat bank cuma kenangan, digital currency udah datang, dan rupiah pun diganti dengan reminbi atau mata uang gopay lainnya Satpam BCA masih ada, tapi kita yang kecoak aja!","suatu saat bank cuma kenangan, digital currency udah datang, dan rupiah pun diganti dengan reminbi atau mata uang gopay lainnya Satpam BCA masih ada, tapi kita yang kecoak aja!",negatif
tata cara pelaporannya (walaupun memang kemungkinan baliknya tidak 100%) terus apalagi ya oh iya orang-orang skrg kebanyakan udah cashless. pakenya pasti debit cc atau qris atau uang digital kayak gopay ovo dana shopeepay etc.,tata cara pelaporannya walaupun memang kemungkinan baliknya tidak terus apalagi ya oh iya orang orang skrg kebanyakan udah cashless pakenya pasti debit cc atau qris atau uang digital kayak gopay ovo dana shopeepay etc,netral
Guys MBK bakal bagi-bagi hadiah Uang Digital (OVO/GOPAY/DANA) total Rp 1.000.000 untuk 10 orang terpilih. Jawab pertanyaan yang ada di postingan berikut dan tulis jawabanmu di kolom komentar! https://t.co/8xFuMR6ZqH PERIODE 03 - 13 April 2023,guys mbk bakal bagi bagi hadiah uang digital ovo gopay dana total rp untuk orang terpilih jawab pertanyaan yang ada di postingan berikut dan tulis jawabanmu di kolom komentar periode april,netral
menerima THR via uang digital Shopeepay GoPay OVO Dana Flip dan Link Aja!,menerima thr via uang digital shopeepay gopay ovo dana flip dan link aja,netral
Q : Di poster kan disebutkan pembayarannya gak menerima uang tunai itu bisa pakai apa aja kak? A : Pembayaran bisa dilakukan dengan menggunakan kartu debit (BRI BNI BCA Mandiri) atau pembayaran digital (QRIS OVO GoPay ShopeePay Dana dan LinkAja).,q di poster kan disebutkan pembayarannya gak menerima uang tunai itu bisa pakai apa aja kak a pembayaran bisa dilakukan dengan menggunakan kartu debit bri bni bca mandiri atau pembayaran digital qris ovo gopay shopeepay dana dan linkaja,netral
"Variasi 4: masih ada admin di digital rupiah, mahal juga sih, kayak transfer ke Gopay aja, gak ada yang gratis","Variasi 4: masih ada admin di digital rupiah, mahal juga sih, kayak transfer ke Gopay aja, gak ada yang gratis",negatif
Ovo. Gopay. Dana. Dll... Mengubah uang kertas jd digital bentuknya udh gak keliatan. Tapi ku pake itu ovo gopay. Tp ada juga yg bilang itu haram. Gak pernah mati listrik abis token pagi2 buta yak? Ovo ngebantu banget.,ovo gopay dana dll mengubah uang kertas jd digital bentuknya udh gak keliatan tapi ku pake itu ovo gopay tp ada juga yg bilang itu haram gak pernah mati listrik abis token pagi buta yak ovo ngebantu banget,positif
dengan bantuan berupa uang yang dapat disalurkan melalui rekening dan dompet digital yang tertera. Donasi dapat disalurkan melalui: BNI: 0841290736 a.n Andini Aprysheila Rachmi Dana: 085776856927 Ovo: 089616056933 Gopay: 089616056933 Cp: 0895397284887 (Delisa Nur Afwa),dengan bantuan berupa uang yang dapat disalurkan melalui rekening dan dompet digital yang tertera donasi dapat disalurkan melalui bni a n andini aprysheila rachmi dana ovo gopay cp delisa nur afwa,netral
@collegemenfess Tentang olshop aja atau tentang PO (free order) atau tentang uang digital kyk OVO Gopay,tentang olshop aja atau tentang po free order atau tentang uang digital kyk ovo gopay,netral
Gw sengaja isi uang digital seperlunya aja kl mau bayar sesuatu pake gopay misalnya yg topup pake bank digital yg gratis biaya transfer nya bisa pake dana atau flip pinter2 kita aja sih siasati tambahan biaya,gw sengaja isi uang digital seperlunya aja kl mau bayar sesuatu pake gopay misalnya yg topup pake bank digital yg gratis biaya transfer nya bisa pake dana atau flip pinter kita aja sih siasati tambahan biaya,netral
Kini penumpang Bus Rapid Transit (BRT) Trans Kota Tangerang tidak perlu lagi membayar ongkos dengan uang tunai . Sekarang penumpang BRT bisa bayar pakai GoPay Ovo Dana dan pembayaran digital lainnya ucap Kepala https://t.co/I6bXQLi7bP,kini penumpang bus rapid transit brt trans kota tangerang tidak perlu lagi membayar ongkos dengan uang tunai sekarang penumpang brt bisa bayar pakai gopay ovo dana dan pembayaran digital lainnya ucap kepala,netral
Deposit Dari Semua Bank Local Dan Uang Digital (Ovo Gopay pulsa XL dan Telkomsel) * Hubungi Kami : Line : ItuBola WeChat : Itubola Whatsapp : +85517696120 Promo Cashback 5% #agent judionline #agent terpecaya #bolaonline Link Alternatif ituBola: https://t.co/GqaWuqHpfX https://t.co/T3YNnSaxjw,deposit dari semua bank local dan uang digital ovo gopay pulsa xl dan telkomsel hubungi kami line itubola wechat itubola whatsapp promo cashback agent judionline agent terpecaya bolaonline link alternatif itubola,netral
Setelah dipilih secara acak maka yang beruntung mendapatkan hadiah uang digital masing-masing 100ribu rupiah (berupa OVO/GOPAY/LINK AJA atau Voucher Pulsa/Data) adalah @zaenal_arifin54 @mahardikasandy dan @wgs1996 #YNWA,setelah dipilih secara acak maka yang beruntung mendapatkan hadiah uang digital masing masing ribu rupiah berupa ovo gopay link aja atau voucher pulsa data adalah dan ynwa,netral
Jaman sekarang bayar ojek atau taxi online bisa pakai uang digital. Gopay ovo dll. Ada satu persamaan dari dulu sampai sekarang kalo pergi sama teman ngga bawa cash pake uang Lo deh ntar gue ganti Sesekali sih ngpp tapi kalo keseringan bikin kzl,jaman sekarang bayar ojek atau taxi online bisa pakai uang digital gopay ovo dll ada satu persamaan dari dulu sampai sekarang kalo pergi sama teman ngga bawa cash pake uang lo deh ntar gue ganti sesekali sih ngpp tapi kalo keseringan bikin kzl,negatif
Lo tuh mau minta ditransfer gopay? Gopay bentuknya uang digital bukan duku.,lo tuh mau minta ditransfer gopay gopay bentuknya uang digital bukan duku,netral
"Variasi 3: keren banget, bisa memakai gopay untuk spp, makin digital dan modern mendikbud","Variasi 3: keren banget, bisa memakai gopay untuk spp, makin digital dan modern mendikbud",positif
kata ganti gopay/ovo itu apa ya yg enak buat ditulis di caption kuis? kalo uang digital atau voucher digital keknya aneh ga sih?,kata ganti gopay ovo itu apa ya yg enak buat ditulis di caption kuis kalo uang digital atau voucher digital keknya aneh ga sih,netral
"Jangan khawatir jika tidak membawa uang cash karena pembayaran bisa dilakukan secaradigital dengan menggunakan OVO Gopay Dana LinkAja! Kredivo akulaku ALIPAY &amp; WeChat Pay. Saat itu juga struk belanja Anda dikirimkan melalui SMS atau E-mail. Mudahkan",jangan khawatir jika tidak membawa uang cash karena pembayaran bisa dilakukan secara digital dengan menggunakan ovo gopay dana linkaja kredivo akulaku alipay amp wechat pay saat itu juga struk belanja anda dikirimkan melalui sms atau e mail mudah kan,netral
Apakah dengan semakin berkembangnya uang digital seperti OVO Gopay Dana akan membuat tuyul babi ngepet dan jin kehilangan pekerjaan mereka?,apakah dengan semakin berkembangnya uang digital seperti ovo gopay dana akan membuat tuyul babi ngepet dan jin kehilangan pekerjaan mereka,netral
"- gue jual laptop kemarin tapi uangnya ga bisa masuk ke dana dan ovo trouble, akhirnya dikirim ke gopay tapi kelebihan limit atm, gua ga tahu apa yang harus dilakukan","- gue jual laptop kemarin tapi uangnya ga bisa masuk ke dana dan ovo trouble, akhirnya dikirim ke gopay tapi kelebihan limit atm, gua ga tahu apa yang harus dilakukan",negatif
Gopay bukan dompet digital pertama yang lahir di Indonesia. Namun ia bisa disebut sebagai yang pertama yang mempopulerkan sistem transaksi uang elektronik berbasis server,gopay bukan dompet digital pertama yang lahir di indonesia namun ia bisa disebut sebagai yang pertama yang mempopulerkan sistem transaksi uang elektronik berbasis server,netral
Itulah knp penelitinya bilang : hati2 dg digital payment pake hape. Uang anda akan cepat habis buat beli macam2 dan tak ada lagi yg tersisa buat tabungan/investasi. Tapi ada solusi brilian : gopay bisa bikin fitur automatic investment......,itulah knp penelitinya bilang hati dg digital payment pake hape uang anda akan cepat habis buat beli macam dan tak ada lagi yg tersisa buat tabungan investasi tapi ada solusi brilian gopay bisa bikin fitur automatic investment,positif
@collegemenfess sebenernya seperti rekening bank pada umumnya bisa transfer ke bank lain (tapi tanpa biaya admin) ngisi saldo gopay/bayar olshop dan ada bunganya 6% bisa deposito juga dengan bunga lebih tinggi. Mungkin kalo punya banyak uang nganggur bisa didiamkan di bank digital satu ini ya,sebenernya seperti rekening bank pada umumnya bisa transfer ke bank lain tapi tanpa biaya admin ngisi saldo gopay bayar olshop dan ada bunganya bisa deposito juga dengan bunga lebih tinggi mungkin kalo punya banyak uang nganggur bisa didiamkan di bank digital satu ini ya,netral
"Variasi 1: Mang cilok amp aku kebingungan, bisa bayar cilok pake apa? Gopay nggak ada, uang digital gak ada juga. Mending beli cash aja deh.","Variasi 1: Mang cilok amp aku kebingungan, bisa bayar cilok pake apa? Gopay nggak ada, uang digital gak ada juga. Mending beli cash aja deh.",negatif
Mestinya BL Kerjasama dgn aplikasi uang digital yg terkoneksi juga dengan jasa transportasi Online. Sprt Toped dengan OVO. Mesti nya BL gandeng Gopay. Eh ini malah DANA.,mestinya bl kerjasama dgn aplikasi uang digital yg terkoneksi juga dengan jasa transportasi online sprt toped dengan ovo mesti nya bl gandeng gopay eh ini malah dana,netral
@tanyarlfes Buat yang sudah marah2x mohon di lingat ya sender diatas kurang detail. 1. Uang operasional seperti makan air minum gas dan sampah itu suaminya sendiri yang bayar atau diatur istri? 2. Ovo dan gopay itukan uang juga? Uang digital. 3. Belanja baju ama snack masih ada.,buat yang sudah marahx mohon di lingat ya sender diatas kurang detail uang operasional seperti makan air minum gas dan sampah itu suaminya sendiri yang bayar atau diatur istri ovo dan gopay itukan uang juga uang digital belanja baju ama snack masih ada,netral
"- Bisa kasih uang Gopay buat buku, tapi saya minta beli di Gramedia Digital, uangnya kembali dan orangnya juga tahu dengan sendirinya.","- Bisa kasih uang Gopay buat buku, tapi saya minta beli di Gramedia Digital, uangnya kembali dan orangnya juga tahu dengan sendirinya.",positif
"Variasi 2: aplikasi uang digital sebelah memang enak, tapi gak enak deh kalau customer servicenya tidak responsif sama sekali","Variasi 2: aplikasi uang digital sebelah memang enak, tapi gak enak deh kalau customer servicenya tidak responsif sama sekali",negatif
Buat UMKM kayaknya bisa memulai untuk mencoba menerima pembayaran dompet digital seperti GoPay OVO dsb. Kalau mau yg BUMN juga ada LinkAja. Hal ini bisa meminimalisir peredaran upal karena kalau toko kecil aja udah cashless peredaran uang fisik jg semakin berkurang.,buat umkm kayaknya bisa memulai untuk mencoba menerima pembayaran dompet digital seperti gopay ovo dsb kalau mau yg bumn juga ada linkaja hal ini bisa meminimalisir peredaran upal karena kalau toko kecil aja udah cashless peredaran uang fisik jg semakin berkurang,netral
@juaraaasatuu @QueenZhuu Beda kk paypal itu kaya ovo / gopay nya internasional gitu lah Kalo crpto itu mata uang digital ada btc eth masih banyak lagi crypto harus punya wallet. Misalnya wallet khusus btc,beda kk paypal itu kaya ovo gopay nya internasional gitu lah kalo crpto itu mata uang digital ada btc eth masih banyak lagi crypto harus punya wallet misalnya wallet khusus btc,netral
@mutasowifin @bank_indonesia @KemenkeuRI @Kemendag @KemenkesRI @infobogor @txtdaribogor @txtfrombrand Ada uang digital namanya gopay pak,ada uang digital namanya gopay pak,netral
"4. Jangan salah simpan uang digital, ada PayPal, Gopay, Shopeepay, dll, kita ga tahu kapan mereka ditutup atau diblokir, jadi simpan uang fisik aja.","4. Jangan salah simpan uang digital, ada PayPal, Gopay, Shopeepay, dll, kita ga tahu kapan mereka ditutup atau diblokir, jadi simpan uang fisik aja.",negatif
Dulu manusia memakai barter. Jadi ada banyak: beras garam gandum rempah logam dll. Kekayaannya kesebar. Lalu manusia buat uang. Skrg manusia memakai digital payment. Jadi ada banyak: gopay ovo dana bank A bank B emoney A emoney B dll. Kekayaannya kesebar.,dulu manusia memakai barter jadi ada banyak beras garam gandum rempah logam dll kekayaannya kesebar lalu manusia buat uang skrg manusia memakai digital payment jadi ada banyak gopay ovo dana bank a bank b emoney a emoney b dll kekayaannya kesebar,netral
Akankah besok pabrik pencetak uang kertas/koin mengalami nasib sama dengan 'media cetak' manakala pembayaran secara digital eMoney (gopay ovo dsb) makin populer? #SuruhGoogleAja yang jawab!,akankah besok pabrik pencetak uang kertas koin mengalami nasib sama dengan media cetak manakala pembayaran secara digital emoney gopay ovo dsb makin populer suruhgoogleaja yang jawab,netral
https://t.co/sbPEl0DjPk Platform transfer uang digital Amerika Serikat PayPal Holdings Inc (PYPL.O) telah memperoleh persetujuan untuk mengakuisisi GoPay.,platform transfer uang digital amerika serikat paypal holdings inc pypl o telah memperoleh persetujuan untuk mengakuisisi gopay,netral
@EnggalPamukty @msaid_didu Sy dr dulu naik ojol selalu bayar tunai gk terpengaruh ama promo2 uang digital macam gopay ovo dan sejenisnya,sy dr dulu naik ojol selalu bayar tunai gk terpengaruh ama promo uang digital macam gopay ovo dan sejenisnya,netral
Semakin banyak uang digital tuku cocotmu bisa Karo gopay Ra?,semakin banyak uang digital tuku cocotmu bisa karo gopay ra,netral
Saya tidak dapat menyediakan konten yang mengandung informasi kontak untuk tujuan spambam.,Saya tidak dapat menyediakan konten yang mengandung informasi kontak untuk tujuan spambam.,negatif
@WikiDPR #Kom11 Misbakhun @Golkar5 #Jatim2 : apa langkah antisipasi bapak-bapak dalam menangani masalah uang digital seperti ovo gopay dll.,kom misbakhun jatim apa langkah antisipasi bapak bapak dalam menangani masalah uang digital seperti ovo gopay dll,netral
@cryptowid @RupiahTokenIDRT @Fuse_network Apa maksud Dan tujuan untuk mencjptakan idrt token ini? Apakah nanti nya akan menjadi Salah satu Maya uang digital seperti gopay ovo dsb. ? Secara regulasi diindonesia masih belum memungkinkan untuk menjadikan crypto sebagai alat pembayaran @Zackdani5 @Tuyulcrypto2 @darimano1,apa maksud dan tujuan untuk mencjptakan idrt token ini apakah nanti nya akan menjadi salah satu maya uang digital seperti gopay ovo dsb secara regulasi diindonesia masih belum memungkinkan untuk menjadikan crypto sebagai alat pembayaran,netral
Pengecekan isi QRIS. Pertama-tama gimana cara tau isi konten QRIS? Isi QRIS bisa dicek melalui QR reader di web maupun lewat app m-banking/uang elektronik digital seperti GoPay OVO dll. Saya coba pakai QR reader online: https://t.co/roK7unz4SU Reading QRIS u/penipuan https://t.co/z1d8MB0aAV,pengecekan isi qris pertama tama gimana cara tau isi konten qris isi qris bisa dicek melalui qr reader di web maupun lewat app m banking uang elektronik digital seperti gopay ovo dll saya coba pakai qr reader online reading qris u penipuan,netral
.@gopayindonesia sistem pembayaran digital milik Gojek sudah bisa melakukan pembayaran uang SPP dengan mudah dan cepat. GoPay tidak hanya melayani pembayaran uang SPP tetapi juga bisa digunakan untuk membayar keperluan pendidikan lainnya. #TopNews https://t.co/D9EDXfLb0z https://t.co/oNojsf7Ezg,sistem pembayaran digital milik gojek sudah bisa melakukan pembayaran uang spp dengan mudah dan cepat gopay tidak hanya melayani pembayaran uang spp tetapi juga bisa digunakan untuk membayar keperluan pendidikan lainnya topnews,netral
"- Gopay jadi uang elektronik favorit konsumen, menurut survei terbaru yang dilakukan Populix.","- Gopay jadi uang elektronik favorit konsumen, menurut survei terbaru yang dilakukan Populix.",positif
Pengen tau aja kalo hanya boleh pilih satu uang digital pilih pake apa? Dan kenapa (GoPay OVO Dana dll),pengen tau aja kalo hanya boleh pilih satu uang digital pilih pake apa dan kenapa gopay ovo dana dll,netral
[a thread] Penasaran deh Apakah dengan semakin berkembangnya uang digital seperti OVO Gopay Dana akan membuat Tuyul Babi Ngepet Tikus ngepet Kelelawar Ngepet dan Jin kehilangan pekerjaan mereka? #teknologivsduniagaib #kemanatuyul,a thread penasaran deh apakah dengan semakin berkembangnya uang digital seperti ovo gopay dana akan membuat tuyul babi ngepet tikus ngepet kelelawar ngepet dan jin kehilangan pekerjaan mereka teknologivsduniagaib kemanatuyul,netral
Gimana caranya punya fan token? 1. Bisa dibeli di app socios (Fan Token Offering) tapi harus pake mata uang digital ($CHZ). Jadi memang harus beli cryptocurrency dulu. $CHZ bisa dibeli di app socios sendiri kayak top-up gopay atau juga bisa dibeli di cryptocurrency exchanges.,gimana caranya punya fan token bisa dibeli di app socios fan token offering tapi harus pake mata uang digital chz jadi memang harus beli cryptocurrency dulu chz bisa dibeli di app socios sendiri kayak top up gopay atau juga bisa dibeli di cryptocurrency exchanges,netral
Sistem pembayaran digital di GoFood Festival Surabaya memang sangat nyaman.,Sistem pembayaran digital di GoFood Festival Surabaya memang sangat nyaman.,positif
"Dunia digital ini benar-benar hebat loh, gue bisa ambil uang di ATM lain dan jajan terus, pas mau bayar jajan pake Gopay, nyesel banget!","Dunia digital ini benar-benar hebat loh, gue bisa ambil uang di ATM lain dan jajan terus, pas mau bayar jajan pake Gopay, nyesel banget!",positif
"Alfamart sering kali malas dengan transaksi digital karena tidak terhubung, pergantian shift, atau gangguan jaringan. Makin bingung deh!","Alfamart sering kali malas dengan transaksi digital karena tidak terhubung, pergantian shift, atau gangguan jaringan. Makin bingung deh!",negatif
Doang punya m banking bisa jajan cashless dana ovo gopay gausah ke atm lagi.,Doang punya m banking bisa jajan cashless dana ovo gopay gausah ke atm lagi.,positif
"Variasi 4: kayaknya paypal diblokir, pas kemarin aja, kayaknya paypal samain sama gopay dana, banyak orang yang pake di indonesia.","Variasi 4: kayaknya paypal diblokir, pas kemarin aja, kayaknya paypal samain sama gopay dana, banyak orang yang pake di indonesia.",negatif
KITZ VALVE Authorized Distributor Dapatkan hadiah uang digital ovo_id atau @GOPAY_ID senilai @ Rp.100.000 - untuk 2 orang pemenang #qurban Giveaway Cara mengikuti sangat gampang; 1. Like postingan ini. 2. Follow https://t.co/awlG8s5jdj,kitz valve authorized distributor dapatkan hadiah uang digital ovo_id atau senilai rp untuk orang pemenang qurban giveaway cara mengikuti sangat gampang like postingan ini follow,netral
"Variasi 2: Belom paham, mang cilok bisa bayar gimana? Gopay nggak ada, paling beli cash aja ya. Ribet pake gopay tapi uang digital belum tertransfer ke bank.","Variasi 2: Belom paham, mang cilok bisa bayar gimana? Gopay nggak ada, paling beli cash aja ya. Ribet pake gopay tapi uang digital belum tertransfer ke bank.",negatif
Variasi 3: gak enak deh kalau apps uang digital sebelah gak memberi solusi dan jawabannya gantung aja sama cs nya,Variasi 3: gak enak deh kalau apps uang digital sebelah gak memberi solusi dan jawabannya gantung aja sama cs nya,negatif
@asy12aaf Uang kertas yg kemudian dijadikan uang digital di bank &amp; Gopay dll itu dpt memacu pertumbuhan ekonomi karena memudahkan transaksi perdagangan. Kalo uang hanya berbentuk logam tidak ada e-commerce kyk Tokopedia dll krn pembeli &amp; penjual harus berjumpa scr fisik utk bertransaksi.,uang kertas yg kemudian dijadikan uang digital di bank amp gopay dll itu dpt memacu pertumbuhan ekonomi karena memudahkan transaksi perdagangan kalo uang hanya berbentuk logam tidak ada e commerce kyk tokopedia dll krn pembeli amp penjual harus berjumpa scr fisik utk bertransaksi,netral
@silmihanifah__ Tapi KYC di gopay rada susah juga. Jadi ga bisa nimbun uang disana. Gua ditolak mulu . Iya mi betul soalnya uang ini bentuknya digital. Sekalinya mereka bisa dibreach gawat udah mungkin BI mikirnya sampe kesitu,tapi kyc di gopay rada susah juga jadi ga bisa nimbun uang disana gua ditolak mulu iya mi betul soalnya uang ini bentuknya digital sekalinya mereka bisa dibreach gawat udah mungkin bi mikirnya sampe kesitu,negatif
"2. Uang digital sekarang sih kayaknya diatur sama GoPay, OVO, Dana, dan Xperience aja yang bisa mengerti caranya, wkwkwkwk!","2. Uang digital sekarang sih kayaknya diatur sama GoPay, OVO, Dana, dan Xperience aja yang bisa mengerti caranya, wkwkwkwk!",negatif
Permisi ada riset digital dari Populix kalau GoPay jadi uang elektronik yang paling banyak digunakan di Indonesia hampir 88% lho!! Lagian hari gini siapa sih yang masih pake cash coba inget ngga kapan terakhir lo pakai uang cash &amp; buat apa? #SunsetTrip https://t.co/ijAegWizpw,permisi ada riset digital dari populix kalau gopay jadi uang elektronik yang paling banyak digunakan di indonesia hampir lho lagian hari gini siapa sih yang masih pake cash coba inget ngga kapan terakhir lo pakai uang cash amp buat apa sunsettrip,netral
GoPay vs Tcash Pertarungan Lokal Uang Digital https://t.co/741QvRf7W2,gopay vs tcash pertarungan lokal uang digital,netral
"Variasi 1: customer service gopay emang gak responsif, gak memberi solusi, dan jawabannya jelas-jelas gantung aja","Variasi 1: customer service gopay emang gak responsif, gak memberi solusi, dan jawabannya jelas-jelas gantung aja",negatif
Selamat kepada @therealdankris @anansmr24 @isnarachmaa @dodot88 @Vera_MB4R Kalian dapat hadiah uang digital masing-masing sebesar 100rb rupiah. Silahkan DM nama dan no.hp ya serta pilih ovo/gopay/linkaja.,selamat kepada kalian dapat hadiah uang digital masing masing sebesar rb rupiah silahkan dm nama dan no hp ya serta pilih ovo gopay linkaja,netral
Tersedia kompensasi dalam bentuk uang digital (OVO/GOPAY/Pulsa Listrik) dengan total Rp 4.500.000 00 untuk 30 orang informan terpilih.,tersedia kompensasi dalam bentuk uang digital ovo gopay pulsa listrik dengan total rp untuk orang informan terpilih,netral
Guyonan melakukan pembayaran uang sekolah dengan menggunakan platform GoPay kini menjadi kenyataan. Sistem pembayaran digital milik Gojek itu sudah bisa melakukan pembayaran uang SPP. #NewsOneMinute #Gopay #Gojek https://t.co/4A49syEGlb,guyonan melakukan pembayaran uang sekolah dengan menggunakan platform gopay kini menjadi kenyataan sistem pembayaran digital milik gojek itu sudah bisa melakukan pembayaran uang spp newsoneminute gopay gojek,netral
Cukup banyak keluhan tentang customer yg mndptkan perlakuan kurang baik jika melakukan order dgn ovo @GrabID ataupun gopay @gojekindonesia ini bukti bahwa indonesia masih belum siap untuk implementasi uang digital.,cukup banyak keluhan tentang customer yg mndptkan perlakuan kurang baik jika melakukan order dgn ovo ataupun gopay ini bukti bahwa indonesia masih belum siap untuk implementasi uang digital,netral
@irwancihuy Karna ovo dan gopay hanya angka digital yang dianggap uang dan wujudnya absrak. Beda sama uang cash pasti jelas wujudnya uang kertas.,karna ovo dan gopay hanya angka digital yang dianggap uang dan wujudnya absrak beda sama uang cash pasti jelas wujudnya uang kertas,netral
@detikcom @detikfood harusnya order makanan itu wajib pake uang digital. gopay/ovo/dana/link dan sejenisnya.,harusnya order makanan itu wajib pake uang digital gopay ovo dana link dan sejenisnya,netral
@asqholani @0phium @KompasTV Mas asqho top up ovo gopay ga pake duit ya? Dan itu bukan uang digital. Digital hanya transaksinya aja.,mas asqho top up ovo gopay ga pake duit ya dan itu bukan uang digital digital hanya transaksinya aja,netral
Kalau aku jadi bupati aku mau bikin peraturan kalau mau belanja pake uang APBD harus diubah ke uang digital macam OVO/GOPAY/DANA biar dapat cashback.,kalau aku jadi bupati aku mau bikin peraturan kalau mau belanja pake uang apbd harus diubah ke uang digital macam ovo gopay dana biar dapat cashback,netral
@adindaprasty Menurut penglihatan saya pada waktu itu. Bentuk uang digital sprti ovo gopay blm mampu menjamah. Dan warung koyok ngunu ga onok big sale big sale koyok giant d kacuk sing ate kukut ngunu. Btw dino kamis prei gae tahlilan koyoke.,menurut penglihatan saya pada waktu itu bentuk uang digital sprti ovo gopay blm mampu menjamah dan warung koyok ngunu ga onok big sale big sale koyok giant d kacuk sing ate kukut ngunu btw dino kamis prei gae tahlilan koyoke,netral
"Variasi 3: coba aja transfer ke Gopay, gak akan ada perbedaan, admin masih bakal keluarkan biaya seribu","Variasi 3: coba aja transfer ke Gopay, gak akan ada perbedaan, admin masih bakal keluarkan biaya seribu",negatif
Makin jarang pk uang tunai lbh sering bertransaksi digital. Sdh hepi sering dpt cashback eh... skrg top-up OVO dan GoPay lwt @PermataBank pun msh dpt cashback 50%. Goks! Yg belum unduh jgn stres segera dapatkan aplikasinya di https://t.co/AZCceaYCb7 #IndonesiaTanpaStres,makin jarang pk uang tunai lbh sering bertransaksi digital sdh hepi sering dpt cashback eh skrg top up ovo dan gopay lwt pun msh dpt cashback goks yg belum unduh jgn stres segera dapatkan aplikasinya di indonesiatanpastres,netral
Wuaahh bener udah era Digital bngt sampe SPP sekolah aja udah bisa dibayar lewat GOPAY Kawula Muda! Ehemm gak bisa betak uang spp lagi nih hehe - Tapi biasanya kalo lo disekolah lo tipe yang mana nih kalo lagi istirahat?? #Polling kuyy | comment juga alesan nya yaww #NightShift,wuaahh bener udah era digital bngt sampe spp sekolah aja udah bisa dibayar lewat gopay kawula muda ehemm gak bisa betak uang spp lagi nih hehe tapi biasanya kalo lo disekolah lo tipe yang mana nih kalo lagi istirahat polling kuyy comment juga alesan nya yaww nightshift,positif
Berikut 4 variasi parafrase dari tweet asli:,Berikut 4 variasi parafrase dari tweet asli:,positif
@ca0ne 1. OVO/Gopay bukan plat merah. Akan ada kesenjangan di sana. 2. Tak semua orang paham konsep uang digital. 3. Tetap saja warga bisa disuruh bayar 'administrasi' sebelum dicairkan.,ovo gopay bukan plat merah akan ada kesenjangan di sana tak semua orang paham konsep uang digital tetap saja warga bisa disuruh bayar administrasi sebelum dicairkan,negatif
Dominasi Gopay di pasar dompet digital ini tanpa harus mengeluarkan uang cash.,Dominasi Gopay di pasar dompet digital ini tanpa harus mengeluarkan uang cash.,positif
@AREAJULID Kripto kan mata uang digital kalo bedanya sama gopay ovo dkk apa ya? Sama2 mata uang digital jg ga sih?,kripto kan mata uang digital kalo bedanya sama gopay ovo dkk apa ya sama mata uang digital jg ga sih,netral
@null PayPal Mau Beli GoPay Platform transfer uang digital Amerika Serikat PayPal Hol https://t.co/Pd2rAqGcxk,paypal mau beli gopay platform transfer uang digital amerika serikat paypal hol,netral
@shyronospesu Jadi nanti ada misi gitu nah nanti kalau misinya berhasil bisa dapet koin (koinnya juga tergantung misinya) terus koinnya bisa dituker jadi uang digital (bisa jadi ovo/shopeepay/gopay/dana) atau nanti ke rekening bca,jadi nanti ada misi gitu nah nanti kalau misinya berhasil bisa dapet koin koinnya juga tergantung misinya terus koinnya bisa dituker jadi uang digital bisa jadi ovo shopeepay gopay dana atau nanti ke rekening bca,netral
@ichwansaktia @dzulfikar_izzat @KATADATAcoid Keknya ada 3 suku ya Suku Bank digital Jenius Digibank permata me dsb Suku digital payment (e wallet) Gopay ovo tcash dana dsb Suku uang elektronik Emoney brizi flaz tapcash dsb.,keknya ada suku ya suku bank digital jenius digibank permata me dsb suku digital payment e wallet gopay ovo tcash dana dsb suku uang elektronik emoney brizi flaz tapcash dsb,netral
Geregetan sama yang upload entah video atau gambar tentang mengharamkan uang digital macam ovo dana atau gopay. Katanya promonya itu haram dengan berbagai penjelasan. Oe sih gak tau bener apa enggak haramnya ya terserah yang bersangkutan mau mengharamoan apa tidak...,geregetan sama yang upload entah video atau gambar tentang mengharamkan uang digital macam ovo dana atau gopay katanya promonya itu haram dengan berbagai penjelasan oe sih gak tau bener apa enggak haramnya ya terserah yang bersangkutan mau mengharamoan apa tidak,netral
@mantriss memang udh saatnya semua pesanan mesti dibayar di muka dgn uang digital mau pake gopay ovo dana dll.ini akan menyusahkan orderan makanan fiktif.di awal2 mungkin akan terjadi penurunan pesanan tp itu satu2nya jalan.,memang udh saatnya semua pesanan mesti dibayar di muka dgn uang digital mau pake gopay ovo dana dll ini akan menyusahkan orderan makanan fiktif di awal mungkin akan terjadi penurunan pesanan tp itu satunya jalan,netral
@Wakapoldur @vikihardian @InfoTwitwor (uang digital) (uang semu) jadi selama ini gopay dan ovo gue duit digital yang bisa didownload?!,uang digital uang semu jadi selama ini gopay dan ovo gue duit digital yang bisa didownload,netral
Pasar uang dan dompet digital kedatangan pemain baru @gojektech #gopay #Wallet https://t.co/i6qCZ5KnZ6,pasar uang dan dompet digital kedatangan pemain baru gopay wallet,netral
"Variasi 3: bekerja online aja, gaji masuk digital, ntar sisanya kayaan, masukin go pay, rebahan aja kayak di surga","Variasi 3: bekerja online aja, gaji masuk digital, ntar sisanya kayaan, masukin go pay, rebahan aja kayak di surga",positif
Hari gini masih bawa cash! Pakai dompet digital dong ah #dompet #digital #dompetdigital #ewallet #ovo #dana #linkaja #GOpay #uang #uangelektronik https://t.co/YtuIOifh5U,hari gini masih bawa cash pakai dompet digital dong ah dompet digital dompetdigital ewallet ovo dana linkaja gopay uang uangelektronik,netral
uang digital skrg macemmacem dehhh kdg gue buka krn dpt promo cashback tp hasilnya uang gue dimanamana sisa recehan wkwkwkwk yg 9rb lah di jenius gopay 8rb di ovo dana xxi dlldll,uang digital skrg macemmacem dehhh kdg gue buka krn dpt promo cashback tp hasilnya uang gue dimanamana sisa recehan wkwkwkwk yg rb lah di jenius gopay rb di ovo dana xxi dlldll,negatif
@collegemenfess sebenernya seperti rekening bank pada umumnya bisa transfer ke bank lain (tapi tanpa biaya admin) ngisi saldo gopay/bayar olshop dan ada bunganya 6% bisa deposito juga dengan bunga lebih tinggi. Mungkin kalo punya banyak uang nganggur bisa didiamkan di bank digital satu ini ya,sebenernya seperti rekening bank pada umumnya bisa transfer ke bank lain tapi tanpa biaya admin ngisi saldo gopay bayar olshop dan ada bunganya bisa deposito juga dengan bunga lebih tinggi mungkin kalo punya banyak uang nganggur bisa didiamkan di bank digital satu ini ya,netral
@Mentimoen Moen sistem Cryptocurrency di China apa sama dengan Gopay Ovo Dana dst yg ada di Indonesia. Kalau sama berarti Indonesia sdh siap dgn adanya peralihan dari uang kertas ke dompet digital ya moen?,moen sistem cryptocurrency di china apa sama dengan gopay ovo dana dst yg ada di indonesia kalau sama berarti indonesia sdh siap dgn adanya peralihan dari uang kertas ke dompet digital ya moen,netral
@zeegetop @saididu @prabowo @jokowi Ini 2019 masih ngumpulin receh? Haduh. Udah ada uang kertas ada uang digital (gopay dana ovo). Hidup dimana boss? Cobain deh aplikasinya. Repot pake receh mulu.,ini masih ngumpulin receh haduh udah ada uang kertas ada uang digital gopay dana ovo hidup dimana boss cobain deh aplikasinya repot pake receh mulu,negatif
@My_N4me_is_F Kan jelas di aplikasinya..sediain uang pas..driver bkn warung yg sll ada duit kembalian..di kira warung apa.. Makanya zaman dah canggih pake uang digital donk Ovo/ Gopay jd ga nyusahin driver.. Sampe sini paham ya..,kan jelas di aplikasinya sediain uang pas driver bkn warung yg sll ada duit kembalian di kira warung apa makanya zaman dah canggih pake uang digital donk ovo gopay jd ga nyusahin driver sampe sini paham ya,netral
